Workbook

Sheet Sheet2
K2: 22 or 23 matches | P2: Matches | Q2: Games | S2: Week 1 | T2: WCS Final
K3: 44 or 46 games | O3: Opening Round | P3: 4 | Q3: =P3*2 -> 8 | S3: Week 1 | T3: F - Su
O4: Losers Round 1 | P4: 2 | Q4: =P4*2 -> 4 | S4: Week 2 | T4: F - Su
B5: 12 | D5: 5 | F5: 1 | O5: Winners Quarterfinal | P5: 4 | Q5: =P5*2 -> 8 | S5: Week 2 | T5: F - Su
B6: 13 | D6: 12 | F6: 8 | O6: Losers Round 2 | P6: 2 | Q6: =P6*2 -> 4 | S6: Week 3 | T6: T - R
O7: Losers Round 3 | P7: 2 | Q7: =P7*2 -> 4 | S7: Week 3 | T7: F - Su
O8: Winners Semifinal | P8: 2 | Q8: =P8*2 -> 4 | S8: Week 3 | T8: F - Su
B9: 9 | D9: 8 | F9: 4 | H9: 1 | O9: Losers Quarterfinal | P9: 2 | Q9: =P9*2 -> 4 | S9: Week 4 | T9: T - R
B10: 16 | D10: 9 | F10: 5 | H10: 4 | O10: Losers Semifinal | P10: 1 | Q10: =P10*2 -> 2 | S10: Week 4 | T10: F - Su
J11: 1 | O11: Winners Final | P11: 1 | Q11: =P11*2 -> 2 | S11: Week 4 | T11: F - Su
J12: 2 | O12: Losers Final | P12: 1 | Q12: =P12*2 -> 2 | S12: Week 5 | T12: T - R
B13: 10 | D13: 7 | F13: 3 | H13: 2 | O13: Grand Final | P13: 1 | Q13: =P13*2 -> 2 | S13: Week 5 | T13: F - Su
B14: 15 | D14: 10 | F14: 6 | H14: 3 | O14: Grand Final - Reset | P14: 1 | Q14: =P14*2 -> 2 | S14: Week 6 | T14: T - R
L16: 1 | M16: 1 | P16: =SUM(P3:P14) -> 23 | Q16: =SUM(Q3:Q14) -> 46
B17: 11 | D17: 6 | F17: 2 | L17: 2 | M17: 2
B18: 14 | D18: 11 | F18: 7
D20: Opening | F20: WQF | H20: WSF | J20: WF | L20: GF | M20: R
F22: LR1 | G22: LR2 | H22: LR3 | I22: LQF | J22: LSF | K22: LF
D23: 13 | E23: 11 | F23: 9 | G23: 7 | H23: 5 | I23: 3 | J23: 3 | K23: 2
D24: 16 | E24: 13 | F24: 11 | G24: 9 | H24: 7 | I24: 5 | J24: 4 | K24: 3
D26: 14 | E26: 12 | F26: 10 | G26: 8 | H26: 6 | I26: 4
D27: 15 | E27: 14 | F27: 12 | G27: 10 | H27: 8 | I27: 6
F29: 11th/12th | G29: 9th/10th | H29: 7th/8th | I29: 5th/6th | J29: Fourth | K29: Third | L29: Champion
K33: 30 to 31 matches | P33: Matches | Q33: Games
K34: 58 to 64 games | O34: Opening Round | P34: 4 | Q34: =P34*2 -> 8 | S34: Week 1 | T34: F - Su
O35: Losers Round 1 | P35: 2 | Q35: =P35*2 -> 4 | S35: Week 2 | T35: F - Su
B36: 12 | D36: 5 | F36: 1 | O36: Winners Round 2 | P36: 4 | Q36: =P36*2 -> 8 | S36: Week 2 | T36: F - Su
B37: 13 | D37: 12 | F37: 8 | O37: Losers Round 2 | P37: 2 | Q37: =P37*2 -> 4 | S37: Week 3 | T37: T - R
O38: Losers Round 3 | P38: 2 | Q38: =P38*2 -> 4 | S38: Week 3 | T38: F - Su
O39: Winners Quarterfinal | P39: 4 | Q39: =P39*2 -> 8 | S39: Week 3 | T39: F - Su
B40: 9 | D40: 8 | F40: 4 | H40: 1 | O40: Losers Round 4 | P40: 2 | Q40: =P40*2 -> 4 | S40: Week 4 | T40: T - R
B41: 16 | D41: 9 | F41: 5 | H41: 4 | O41: Losers Round 5 | P41: 2 | Q41: =P41*2 -> 4 | S41: Week 4 | T41: F - Su
J42: 1 | O42: Winners Semifinal | P42: 2 | Q42: =P42*2 -> 4 | S42: Week 4 | T42: F - Su
J43: 2 | O43: Losers Quarterfinal | P43: 2 | Q43: =P43*2 -> 4 | S43: Week 5 | T43: T - R
B44: 10 | D44: 7 | F44: 3 | H44: 2 | O44: Losers Semifinal | P44: 1 | Q44: =P44*2 -> 2 | S44: Week 5 | T44: F - Su
B45: 15 | D45: 10 | F45: 6 | H45: 3 | O45: Winners Final | P45: 1 | Q45: =P45*2 -> 2 | S45: Week 5 | T45: F - Su
O46: Losers Final | P46: 1 | Q46: =P46*2 -> 2 | S46: Week 6 | T46: F - Su
L47: 1 | M47: 1 | O47: Grand Final | P47: 1 | Q47: 3 | S47: Week 7 | T47: T - R - Su
B48: 11 | D48: 6 | F48: 2 | L48: 2 | M48: 2 | O48: Grand Final - Reset | P48: 1 | Q48: 3 | S48: Week 8 | T48: T - R - Su
B49: 14 | D49: 11 | F49: 7
P50: =SUM(P34:P48) -> 31 | Q50: =SUM(Q34:Q48) -> 64
B51: Opening | D51: WR2 | F51: WQF | H51: WSF | J51: WF | L51: GF | M51: R
D53: LR1 | E53: LR2 | F53: LR3 | G53: LR4 | H53: LR5 | I53: LQF | J53: LSF | K53: LF
D54: 13 | E54: 11 | F54: 9 | G54: 7 | H54: 5 | I54: 3 | J54: 3 | K54: 2
D55: 16 | E55: 13 | F55: 11 | G55: 9 | H55: 7 | I55: 5 | J55: 4 | K55: 3
D57: 14 | E57: 12 | F57: 10 | G57: 8 | H57: 6 | I57: 4
D58: 15 | E58: 14 | F58: 12 | G58: 10 | H58: 8 | I58: 6
D60: 15th/16th | E60: 13th/14th | F60: 11th/12th | G60: 9th/10th | H60: 7th/8th | I60: 5th/6th | J60: Fourth | K60: Third | L60: Champion
A73: Gm 1 | B73: 8v9 | D73: 8 | E73: 1 | L73: 25 to 26 matches
A74: Gm 2 | B74: 5v12 | D74: 9 | E74: 8 | L74: 50 to 54 games | P74: Matches | Q74: Games
A75: Gm 3 | B75: 6v11 | G75: 1 | O75: Play-in Round | P75: 3 | Q75: =P75*2 -> 6 | S75: Week 1 | T75: T-R/F-Su
A76: Gm 4 | B76: 7v10 | C76: 11 | D76: 5 | E76: 4 | G76: 4 | O76: Opening Round | P76: 4 | Q76: =P76*2 -> 8 | S76: Week 2 | T76: T - R
A77: Gm 5 | B77: WGm1 v 1 | C77: 12 | D77: 12 | E77: 5 | O77: Quarterfinal | P77: 4 | Q77: =P77*2 -> 8 | S77: Week 2 | T77: F - Su
A78: Gm 6 | B78: WGm2 v 4 | O78: Lower Bracket Round 1 | P78: 4 | Q78: =P78*2 -> 8 | S78: Week 3 | T78: T - R
A79: Gm 7 | B79: WGm3 v 3 | C79: 12 | I79: 1 | K79: 1 | L79: 1 | O79: Lower Bracket Round 2 | P79: 2 | Q79: =P79*2 -> 4 | S79: Week 3 | T79: F - Su
A80: Gm 8 | B80: WGm4 v 2 | C80: 13 | I80: 2 | K80: 2 | L80: 2 | O80: Semifinal | P80: 2 | Q80: =P80*2 -> 4 | S80: Week 3 | T80: F - Su
A81: Gm 9 | B81: LGm1 v LGm7 | O81: Lower Bracket Quarterfinal | P81: 2 | Q81: =P81*2 -> 4 | S81: Week 4 | T81: T - R
A82: Gm 10 | B82: LGm2 v LGm8 | C82: 13 | D82: 6 | E82: 3 | O82: Lower Bracket Semifinal | P82: 1 | Q82: =P82*2 -> 2 | S82: Week 4 | T82: F - Su
A83: Gm 11 | B83: LGm3 v LGm6 | C83: 14 | D83: 11 | E83: 6 | G83: 2 | O83: Final | P83: 1 | Q83: =P83*2 -> 2 | S83: Week 4 | T83: F - Su
A84: Gm 12 | B84: LGm4 v LGm5 | G84: 3 | O84: Lower Bracket Final | P84: 1 | Q84: =P84*2 -> 2 | S84: Week 5 | T84: F - Su
A85: Gm 13 | B85: WGm9 vs WGm10 | D85: 7 | E85: 2 | O85: Grand Final | P85: 1 | Q85: 3 | S85: Week 6 | T85: T - R - Su
A86: Gm 14 | B86: WGm11 vs WGm12 | D86: 10 | E86: 7 | O86: Grand Final - Reset | P86: 1 | Q86: 3 | S86: Week 7 | T86: T - R - Su
A87: Gm 15 | B87: WGm5 vs WGm6 | C87: WR1 | D87: WR2 | E87: WQF | G87: WSF | I87: WF | K87: GF | L87: R
A88: Gm 16 | B88: WGm7 vs WGm8 | P88: =SUM(P75:P86) -> 26 | Q88: =SUM(Q75:Q86) -> 54
A89: Gm 17 | B89: WGm13 vs LGm15 | E89: LR1 | F89: LR2 | G89: LR3 | H89: LQF | I89: LSF | J89: LF
A90: Gm 18 | B90: WGm14 vs LGm16 | F90: 7 | L90: 22 to 23 matches | O90: Opening Round | P90: 4 | Q90: =P90*2 -> 8 | S90: Week 1 | T90: T - R
A91: Gm 19 | B91: WGm17 vs WGm18 | F91: 9 | G91: 6 | H91: 4 | L91: 44 to 48 games | O91: Quarterfinal | P91: 4 | Q91: =P91*2 -> 8 | S91: Week 1 | T91: F - Su
A92: Gm 20 | B92: WGm15 vs WGm16 | G92: 7 | H92: 6 | O92: Lower Bracket Round 1 | P92: 4 | Q92: =P92*2 -> 8 | S92: Week 2 | T92: T - R
A93: Gm 21 | B93: WGm19 vs LGm20 | F93: 6 | O93: Lower Bracket Round 2 | P93: 2 | Q93: =P93*2 -> 4 | S93: Week 2 | T93: F - Su
A94: Gm 22 | B94: WGm20 vs WGm21 | F94: 12 | I94: 3 | J94: 2 | O94: Semifinal | P94: 2 | Q94: =P94*2 -> 4 | S94: Week 2 | T94: F - Su
A95: Gm 23 | B95: WGm22 vs LGm22** | I95: 4 | J95: 3 | O95: Lower Bracket Quarterfinal | P95: 2 | Q95: =P95*2 -> 4 | S95: Week 3 | T95: T - R
F96: 5 | O96: Lower Bracket Semifinal | P96: 1 | Q96: =P96*2 -> 2 | S96: Week 3 | T96: F - Su
F97: 11 | G97: 5 | H97: 3 | O97: Final | P97: 1 | Q97: =P97*2 -> 2 | S97: Week 3 | T97: F - Su
G98: 8 | H98: 5 | O98: Lower Bracket Final | P98: 1 | Q98: =P98*2 -> 2 | S98: Week 4 | T98: F - Su
F99: 8 | O99: Grand Final | P99: 1 | Q99: 3 | S99: Week 5 | T99: T - R - Su
F100: 10 | O100: Grand Final - Reset | P100: 1 | Q100: 3 | S100: Week 6 | T100: T - R - Su
P102: =SUM(P90:P100) -> 23 | Q102: =SUM(Q90:Q100) -> 48
E107: T/R | G107: F/Su | I107: T/R | K107: F/Su | M107: T/R | P107: F/Su | R107: F/Su | T107: T-R-Su | V107: T-R-Su
E109: 1
E110: 16
E112: 8
E113: 9
E115: 5 | G115: 1
E116: 12 | G116: 8
E118: 4 | G118: 5 | K118: 1
E119: 13 | G119: 4 | K119: 4 | P119: 1
P120: 2
E121: 3 | G121: 3 | K121: 3
E122: 14 | G122: 6 | K122: 2
E124: 6 | G124: 7
E125: 11 | G125: 2
E127: 7 | T127: 1 | V127: 2
E128: 10 | T128: 2 | V128: 1
E130: 2 | I130: 5678 | K130: 34
E131: 15
G133: 16 | I133: 7
G134: 9 | I134: 9
G136: 14 | I136: 11 | K136: 7 | M136: 3
G137: 11 | I137: 5 | K137: 5 | M137: 5 | P137: 3 | R137: 2
P138: 4 | R138: 3
...

Sheet Bracket
D2: Lily Valley | E2: #1 | H2: Opening Round | I2: Match 1 | J2: #8 | M2: Play-in Round | N2: Match A | O2: #11
E3: #2 | J3: #9 | O3: #12
E4: #3 | I4: Match 2 | J4: #5 | N4: Match B | O4: #13
E5: #4 | J5: #12 | K5: Winner of Match C | O5: #14
E6: #5 | I6: Match 3 | J6: #6 | N6: Match C | P6: Loser of Match A
E7: #6 | J7: #11 | K7: Winner of Match A | P7: Winner of Match B
E8: #7 | I8: Match 4 | J8: #7
E9: #8 | J9: #10
E10: #9
E11: #10 | H11: Upper Bracket QF | I11: Match 5 | J11: #1
E12: #11 | K12: Winner of Match 1
E13: #12 | I13: Match 6 | J13: #4
E14: #13 | K14: Winner of Match 2
E15: #14 | I15: Match 7 | J15: #3
K16: Winner of Match 3
I17: Match 8 | J17: #2
K18: Winner of Match 4
C20: Lower Bracket R1 | D20: Match 9 | F20: Loser of Match 3
F21: Loser of Match 6
A22: 12 | D22: Match 10 | F22: Loser of Match 4
A23: 11 | F23: Loser of Match 5
A24: 10 | D24: Match 11 | F24: Loser of Match 1
A25: 9 | F25: Loser of Match 8
D26: Match 12 | F26: Loser of Match 2
F27: Loser of Match 7
C29: Lower Bracket R2 | D29: Match 13 | F29: Winner of Match 9 | H29: Upper Bracket SF | I29: Match 15 | K29: Winner of Match 5
A30: 8 | F30: Winner of Match 10 | K30: Winner of Match 6
A31: 7 | D31: Match 14 | F31: Winner of Match 11 | I31: Match 16 | K31: Winner of Match 7
F32: Winner of Match 12 | K32: Winner of Match 8
C34: Lower Bracket QF | D34: Match 17 | F34: Loser of Match 16
A35: 6 | F35: Winner of Match 13
A36: 5 | D36: Match 18 | F36: Loser of Match 15
F37: Winner of Match 14
A39: 4 | C39: Lower Bracket SF | D39: Match 19 | F39: Winner of Match 17 | H39: Upper Bracket Final | I39: Match 20 | K39: Winner of Match 15
F40: Winner of Match 18 | K40: Winner of Match 16
A42: 3 | C42: Lower Bracket Final | D42: Match 21 | F42: Loser of Match 20
F43: Winner of Match 19
H45: Grand Final | I45: Match 22 | K45: Winner of Match 20
K46: Winner of Match 21
A47: 2
A48: 1 | C48: Grand Final Reset | D48: Match 23 | F48: Winner of Match 22
F49: Loser of Match 22

Sheet Sheet5
L2: 0.99815419 | M2: 112 | O2: =L2*M2 -> 111.79327 | P2: =ROUNDDOWN(O2,0)+1 -> 112 | Q2: =ROUND(O2, 0) -> 112 | S2: 128 | T2: =L2*S2 -> 127.76374 | U2: =ROUND(T2, 0) -> 128 | V2: 121
D3: CONF | E3: CCC | F3: UTL | G3: MRL | H3: WCS | I3: PLAYOFFS | L3: 0.95589642 | M3: 111 | O3: =L3*M3 -> 106.1045 | P3: =ROUNDDOWN(O3,0)+1 -> 107 | Q3: =ROUND(O3, 0) -> 106 | S3: 127 | T3: =L3*S3 -> 121.39884 | U3: =ROUND(T3, 0) -> 121 | V3: 113
C4: 1 | D4: 24 | E4: 16 | F4: 24 | G4: 32 | H4: 48 | I4: 64 | L4: 0.94989296 | M4: 110 | O4: =L4*M4 -> 104.48823 | P4: =ROUNDDOWN(O4,0)+1 -> 105 | Q4: =ROUND(O4, 0) -> 104 | S4: 126 | T4: =L4*S4 -> 119.68651 | U4: =ROUND(T4, 0) -> 120 | V4: 105
C5: 2 | D5: 16 | E5: 8 | F5: 16 | G5: 24 | H5: 32 | I5: 48 | L5: 0.91303387 | M5: 109 | O5: =L5*M5 -> 99.520692 | P5: =ROUNDDOWN(O5,0)+1 -> 100 | Q5: =ROUND(O5, 0) -> 100 | S5: 125 | T5: =L5*S5 -> 114.12923 | U5: =ROUND(T5, 0) -> 114 | V5: 97
C6: 3 | E6: 4 | F6: 8 | G6: 16 | H6: 24 | I6: 40 | L6: 0.89541494 | M6: 108 | O6: =L6*M6 -> 96.704814 | P6: =ROUNDDOWN(O6,0)+1 -> 97 | Q6: =ROUND(O6, 0) -> 97 | S6: 124 | T6: =L6*S6 -> 111.03145 | U6: =ROUND(T6, 0) -> 111 | V6: 89
C7: 4 | I7: 32 | L7: 0.84842567 | M7: 107 | O7: =L7*M7 -> 90.781547 | P7: =ROUNDDOWN(O7,0)+1 -> 91 | Q7: =ROUND(O7, 0) -> 91 | S7: 123 | T7: =L7*S7 -> 104.35636 | U7: =ROUND(T7, 0) -> 104 | V7: 81
C8: 5-6 | E8: 2 | F8: 4 | G8: 8 | H8: 16 | I8: 28 | L8: 0.83368876 | M8: 106 | O8: =L8*M8 -> 88.371008 | P8: =ROUNDDOWN(O8,0)+1 -> 89 | Q8: =ROUND(O8, 0) -> 88 | S8: 122 | T8: =L8*S8 -> 101.71003 | U8: =ROUND(T8, 0) -> 102 | V8: 73
C9: 7-8 | I9: 24 | L9: 0.83294795 | M9: 105 | O9: =L9*M9 -> 87.459534 | P9: =ROUNDDOWN(O9,0)+1 -> 88 | Q9: =ROUND(O9, 0) -> 87 | S9: 120 | T9: =L9*S9 -> 99.953753 | U9: =ROUND(T9, 0) -> 100 | V9: 65
C10: 9-10 | E10: 1 | F10: 2 | G10: 4 | H10: 8 | I10: 20 | L10: 0.83142703 | M10: 104 | O10: =L10*M10 -> 86.468411 | P10: =ROUNDDOWN(O10,0)+1 -> 87 | Q10: =ROUND(O10, 0) -> 86 | S10: 119 | T10: =L10*S10 -> 98.939816 | U10: =ROUND(T10, 0) -> 99 | V10: 57
C11: 11-12 | I11: 16 | L11: 0.80994281 | M11: 103 | O11: =L11*M11 -> 83.42411 | P11: =ROUNDDOWN(O11,0)+1 -> 84 | Q11: =ROUND(O11, 0) -> 83 | S11: 118 | T11: =L11*S11 -> 95.573252 | U11: =ROUND(T11, 0) -> 96 | V11: 49
C12: 13-14 | E12: 0 | L12: 0.79043743 | M12: 102 | O12: =L12*M12 -> 80.624618 | P12: =ROUNDDOWN(O12,0)+1 -> 81 | Q12: =ROUND(O12, 0) -> 81 | S12: 117 | T12: =L12*S12 -> 92.48118 | U12: =ROUND(T12, 0) -> 92 | V12: 41
C13: 15-16 | L13: 0.78630396 | M13: 101 | O13: =L13*M13 -> 79.4167 | P13: =ROUNDDOWN(O13,0)+1 -> 80 | Q13: =ROUND(O13, 0) -> 79 | S13: 116 | T13: =L13*S13 -> 91.211259 | U13: =ROUND(T13, 0) -> 91 | V13: 33
C14: 17-20 | F14: 1 | L14: 0.76555796 | M14: 100 | O14: =L14*M14 -> 76.555796 | P14: =ROUNDDOWN(O14,0)+1 -> 77 | Q14: =ROUND(O14, 0) -> 77 | S14: 115 | T14: =L14*S14 -> 88.039165 | U14: =ROUND(T14, 0) -> 88 | V14: 25
L15: 0.76468114 | M15: 99 | O15: =L15*M15 -> 75.703433 | P15: =ROUNDDOWN(O15,0)+1 -> 76 | Q15: =ROUND(O15, 0) -> 76 | S15: 114 | T15: =L15*S15 -> 87.17365 | U15: =ROUND(T15, 0) -> 87 | V15: 17
L16: 0.73693288 | M16: 98 | O16: =L16*M16 -> 72.219422 | P16: =ROUNDDOWN(O16,0)+1 -> 73 | Q16: =ROUND(O16, 0) -> 72 | S16: 112 | T16: =L16*S16 -> 82.536482 | U16: =ROUND(T16, 0) -> 83 | V16: 9
L17: 0.73636681 | M17: 97 | O17: =L17*M17 -> 71.427581 | P17: =ROUNDDOWN(O17,0)+1 -> 72 | Q17: =ROUND(O17, 0) -> 71 | S17: 111 | T17: =L17*S17 -> 81.736716 | U17: =ROUND(T17, 0) -> 82 | V17: 1
B18: Season Three | D18: CONF | E18: CCC | F18: UTL* | G18: MRL* | H18: WCS | I18: PLAYOFFS | L18: 0.7311555 | M18: 96 | O18: =L18*M18 -> 70.190928 | P18: =ROUNDDOWN(O18,0)+1 -> 71 | Q18: =ROUND(O18, 0) -> 70 | S18: 110 | T18: =L18*S18 -> 80.427106 | U18: =ROUND(T18, 0) -> 80
C19: 1 | D19: 50 | E19: 30 | F19: 40 | G19: 50 | H19: 70 | I19: 100 | L19: 0.72898829 | M19: 95 | O19: =L19*M19 -> 69.253888 | P19: =ROUNDDOWN(O19,0)+1 -> 70 | Q19: =ROUND(O19, 0) -> 69 | S19: 109 | T19: =L19*S19 -> 79.459724 | U19: =ROUND(T19, 0) -> 79
C20: 2 | D20: 30 | E20: 24 | F20: 35 | G20: 44 | H20: 63 | I20: 92 | L20: 0.7203364 | M20: 94 | O20: =L20*M20 -> 67.711621 | P20: =ROUNDDOWN(O20,0)+1 -> 68 | Q20: =ROUND(O20, 0) -> 68 | S20: 108 | T20: =L20*S20 -> 77.796331 | U20: =ROUND(T20, 0) -> 78
C21: 3 | D21: 15^ | E21: 18 | F21: 30 | G21: 38 | H21: 56 | I21: 84 | L21: 0.71554019 | M21: 93 | O21: =L21*M21 -> 66.545237 | P21: =ROUNDDOWN(O21,0)+1 -> 67 | Q21: =ROUND(O21, 0) -> 67 | S21: 107 | T21: =L21*S21 -> 76.5628 | U21: =ROUND(T21, 0) -> 77
C22: 4 | D22: 10^* | I22: 76 | L22: 0.71016637 | M22: 92 | O22: =L22*M22 -> 65.335306 | P22: =ROUNDDOWN(O22,0)+1 -> 66 | Q22: =ROUND(O22, 0) -> 65 | S22: 106 | T22: =L22*S22 -> 75.277636 | U22: =ROUND(T22, 0) -> 75
C23: 5-6 | D23: 5^** | E23: 12 | F23: 25 | G23: 32 | H23: 49 | I23: 68 | L23: 0.70014331 | M23: 91 | O23: =L23*M23 -> 63.713041 | P23: =ROUNDDOWN(O23,0)+1 -> 64 | Q23: =ROUND(O23, 0) -> 64 | S23: 104 | T23: =L23*S23 -> 72.814904 | U23: =ROUND(T23, 0) -> 73
C24: 7-8 | I24: 60 | L24: 0.69749316 | M24: 90 | O24: =L24*M24 -> 62.774384 | P24: =ROUNDDOWN(O24,0)+1 -> 63 | Q24: =ROUND(O24, 0) -> 63 | S24: 103 | T24: =L24*S24 -> 71.841796 | U24: =ROUND(T24, 0) -> 72
C25: 9-10 | E25: 6 | F25: 20 | G25: 26 | H25: 42 | I25: 52* | L25: 0.69721774 | M25: 89 | O25: =L25*M25 -> 62.052379 | P25: =ROUNDDOWN(O25,0)+1 -> 63 | Q25: =ROUND(O25, 0) -> 62 | S25: 102 | T25: =L25*S25 -> 71.116209 | U25: =ROUND(T25, 0) -> 71
C26: 11-12 | I26: 48* | L26: 0.69601783 | M26: 88 | O26: =L26*M26 -> 61.249569 | P26: =ROUNDDOWN(O26,0)+1 -> 62 | Q26: =ROUND(O26, 0) -> 61 | S26: 101 | T26: =L26*S26 -> 70.297801 | U26: =ROUND(T26, 0) -> 70
C27: 13-14 | E27: 0 | I27: 44 | L27: 0.69497469 | M27: 87 | O27: =L27*M27 -> 60.462798 | P27: =ROUNDDOWN(O27,0)+1 -> 61 | Q27: =ROUND(O27, 0) -> 60 | S27: 100 | T27: =L27*S27 -> 69.497469 | U27: =ROUND(T27, 0) -> 69
C28: 15-16 | L28: 0.68575819 | M28: 86 | O28: =L28*M28 -> 58.975205 | P28: =ROUNDDOWN(O28,0)+1 -> 59 | Q28: =ROUND(O28, 0) -> 59 | S28: 99 | T28: =L28*S28 -> 67.890061 | U28: =ROUND(T28, 0) -> 68
C29: 17-20 | F29: et cetera | G29: et cetera | H29: et cetera | L29: 0.6777043 | M29: 85 | O29: =L29*M29 -> 57.604866 | P29: =ROUNDDOWN(O29,0)+1 -> 58 | Q29: =ROUND(O29, 0) -> 58 | S29: 98 | T29: =L29*S29 -> 66.415022 | U29: =ROUND(T29, 0) -> 66
D30: ^teams tied with second | G30: *varies by record | I30: OR 48, QF 52 | L30: 0.67631751 | M30: 84 | O30: =L30*M30 -> 56.810671 | P30: =ROUNDDOWN(O30,0)+1 -> 57 | Q30: =ROUND(O30, 0) -> 57 | S30: 96 | T30: =L30*S30 -> 64.926481 | U30: =ROUND(T30, 0) -> 65
D31: ^*positive/^**negative record | L31: 0.67139385 | M31: 83 | O31: =L31*M31 -> 55.72569 | P31: =ROUNDDOWN(O31,0)+1 -> 56 | Q31: =ROUND(O31, 0) -> 56 | S31: 95 | T31: =L31*S31 -> 63.782416 | U31: =ROUND(T31, 0) -> 64
L32: 0.66225275 | M32: 82 | O32: =L32*M32 -> 54.304726 | P32: =ROUNDDOWN(O32,0)+1 -> 55 | Q32: =ROUND(O32, 0) -> 54 | S32: 94 | T32: =L32*S32 -> 62.251759 | U32: =ROUND(T32, 0) -> 62
B33: Season Four | D33: CONF | E33: CCC | F33: UTL* | G33: MRL* | H33: WCS | I33: PLAYOFFS | L33: 0.65894759 | M33: 81 | O33: =L33*M33 -> 53.374754 | P33: =ROUNDDOWN(O33,0)+1 -> 54 | Q33: =ROUND(O33, 0) -> 53 | S33: 93 | T33: =L33*S33 -> 61.282125 | U33: =ROUND(T33, 0) -> 61
C34: 1 | D34: 50 | E34: 30 | F34: 40 | G34: 50 | H34: 70 | I34: 100 | L34: 0.64953149 | M34: 80 | O34: =L34*M34 -> 51.962519 | P34: =ROUNDDOWN(O34,0)+1 -> 52 | Q34: =ROUND(O34, 0) -> 52 | S34: 92 | T34: =L34*S34 -> 59.756897 | U34: =ROUND(T34, 0) -> 60
C35: 2 | D35: 30 | E35: 24 | F35: 35 | G35: 44 | H35: 60 | I35: 92 | L35: 0.64907982 | M35: 79 | O35: =L35*M35 -> 51.277305 | P35: =ROUNDDOWN(O35,0)+1 -> 52 | Q35: =ROUND(O35, 0) -> 51 | S35: 91 | T35: =L35*S35 -> 59.066263 | U35: =ROUND(T35, 0) -> 59
C36: 3 | D36: 15^ | E36: 18 | F36: 30 | G36: 38 | H36: 50 | I36: 84 | L36: 0.64627656 | M36: 78 | O36: =L36*M36 -> 50.409572 | P36: =ROUNDDOWN(O36,0)+1 -> 51 | Q36: =ROUND(O36, 0) -> 50 | S36: 90 | T36: =L36*S36 -> 58.16489 | U36: =ROUND(T36, 0) -> 58
C37: 4 | D37: 10^* | I37: 76 | L37: 0.64327405 | M37: 77 | O37: =L37*M37 -> 49.532102 | P37: =ROUNDDOWN(O37,0)+1 -> 50 | Q37: =ROUND(O37, 0) -> 50 | S37: 88 | T37: =L37*S37 -> 56.608117 | U37: =ROUND(T37, 0) -> 57
C38: 5-6 | D38: 5^** | E38: 12 | F38: 25 | G38: 32 | H38: 40 | I38: 68 | L38: 0.61836803 | M38: 76 | O38: =L38*M38 -> 46.99597 | P38: =ROUNDDOWN(O38,0)+1 -> 47 | Q38: =ROUND(O38, 0) -> 47 | S38: 87 | T38: =L38*S38 -> 53.798019 | U38: =ROUND(T38, 0) -> 54
C39: 7-8 | I39: 60 | L39: 0.60348558 | M39: 75 | O39: =L39*M39 -> 45.261418 | P39: =ROUNDDOWN(O39,0)+1 -> 46 | Q39: =ROUND(O39, 0) -> 45 | S39: 86 | T39: =L39*S39 -> 51.89976 | U39: =ROUND(T39, 0) -> 52
C40: 9-10 | E40: 6 | F40: 20 | G40: 26 | H40: 30 | I40: 52 | L40: 0.59716969 | M40: 74 | O40: =L40*M40 -> 44.190557 | P40: =ROUNDDOWN(O40,0)+1 -> 45 | Q40: =ROUND(O40, 0) -> 44 | S40: 85 | T40: =L40*S40 -> 50.759424 | U40: =ROUND(T40, 0) -> 51
C41: 11-12 | I41: 44 | L41: 0.59543018 | M41: 73 | O41: =L41*M41 -> 43.466403 | P41: =ROUNDDOWN(O41,0)+1 -> 44 | Q41: =ROUND(O41, 0) -> 43 | S41: 84 | T41: =L41*S41 -> 50.016135 | U41: =ROUND(T41, 0) -> 50
C42: 13-14 | E42: 0 | I42: 36 | L42: 0.59173717 | M42: 72 | O42: =L42*M42 -> 42.605076 | P42: =ROUNDDOWN(O42,0)+1 -> 43 | Q42: =ROUND(O42, 0) -> 43 | S42: 83 | T42: =L42*S42 -> 49.114185 | U42: =ROUND(T42, 0) -> 49
C43: 15-16 | L43: 0.58825348 | M43: 71 | O43: =L43*M43 -> 41.765997 | P43: =ROUNDDOWN(O43,0)+1 -> 42 | Q43: =ROUND(O43, 0) -> 42 | S43: 82 | T43: =L43*S43 -> 48.236785 | U43: =ROUND(T43, 0) -> 48
C44: 17-20 | F44: et cetera | G44: et cetera | H44: et cetera | L44: 0.58566817 | M44: 70 | O44: =L44*M44 -> 40.996772 | P44: =ROUNDDOWN(O44,0)+1 -> 41 | Q44: =ROUND(O44, 0) -> 41 | S44: 80 | T44: =L44*S44 -> 46.853454 | U44: =ROUND(T44, 0) -> 47
D45: ^teams tied with second | G45: *varies by record | L45: 0.57924148 | M45: 69 | O45: =L45*M45 -> 39.967662 | P45: =ROUNDDOWN(O45,0)+1 -> 40 | Q45: =ROUND(O45, 0) -> 40 | S45: 79 | T45: =L45*S45 -> 45.760077 | U45: =ROUND(T45, 0) -> 46
D46: ^*positive/^**negative record | L46: 0.57191123 | M46: 68 | O46: =L46*M46 -> 38.889963 | P46: =ROUNDDOWN(O46,0)+1 -> 39 | Q46: =ROUND(O46, 0) -> 39 | S46: 78 | T46: =L46*S46 -> 44.609076 | U46: =ROUND(T46, 0) -> 45
L47: 0.5713954 | M47: 67 | O47: =L47*M47 -> 38.283492 | P47: =ROUNDDOWN(O47,0)+1 -> 39 | Q47: =ROUND(O47, 0) -> 38 | S47: 77 | T47: =L47*S47 -> 43.997446 | U47: =ROUND(T47, 0) -> 44
B48: S4 Revised | D48: CCC | E48: UTL* | F48: MRL* | G48: WCS | H48: PLAYOFFS | L48: 0.56733361 | M48: 66 | O48: =L48*M48 -> 37.444018 | P48: =ROUNDDOWN(O48,0)+1 -> 38 | Q48: =ROUND(O48, 0) -> 37 | S48: 76 | T48: =L48*S48 -> 43.117355 | U48: =ROUND(T48, 0) -> 43
C49: 1 | D49: 60 | E49: 50 | F49: 60 | G49: 80 | H49: 120 | L49: 0.554857 | M49: 65 | O49: =L49*M49 -> 36.065705 | P49: =ROUNDDOWN(O49,0)+1 -> 37 | Q49: =ROUND(O49, 0) -> 36 | S49: 75 | T49: =L49*S49 -> 41.614275 | U49: =ROUND(T49, 0) -> 42
C50: 2 | D50: 50 | E50: 45 | F50: 54 | G50: 70 | H50: 110 | L50: 0.55417191 | M50: 64 | O50: =L50*M50 -> 35.467002 | P50: =ROUNDDOWN(O50,0)+1 -> 36 | Q50: =ROUND(O50, 0) -> 35 | S50: 74 | T50: =L50*S50 -> 41.008721 | U50: =ROUND(T50, 0) -> 41
C51: 3 | D51: 40 | E51: 40 | F51: 48 | G51: 60 | H51: 100 | L51: 0.55244421 | M51: 63 | O51: =L51*M51 -> 34.803985 | P51: =ROUNDDOWN(O51,0)+1 -> 35 | Q51: =ROUND(O51, 0) -> 35 | S51: 72 | T51: =L51*S51 -> 39.775983 | U51: =ROUND(T51, 0) -> 40
C52: 4 | H52: 90 | L52: 0.54798735 | M52: 62 | O52: =L52*M52 -> 33.975216 | P52: =ROUNDDOWN(O52,0)+1 -> 34 | Q52: =ROUND(O52, 0) -> 34 | S52: 71 | T52: =L52*S52 -> 38.907102 | U52: =ROUND(T52, 0) -> 39
C53: 5-6 | D53: 30 | E53: 35 | F53: 42 | G53: 50 | H53: 80 | L53: 0.54639755 | M53: 61 | O53: =L53*M53 -> 33.330251 | P53: =ROUNDDOWN(O53,0)+1 -> 34 | Q53: =ROUND(O53, 0) -> 33 | S53: 70 | T53: =L53*S53 -> 38.247829 | U53: =ROUND(T53, 0) -> 38
C54: 7-8 | H54: 70 | L54: 0.54037366 | M54: 60 | O54: =L54*M54 -> 32.42242 | P54: =ROUNDDOWN(O54,0)+1 -> 33 | Q54: =ROUND(O54, 0) -> 32 | S54: 69 | T54: =L54*S54 -> 37.285782 | U54: =ROUND(T54, 0) -> 37
C55: 9-10 | D55: 20 | E55: 30 | F55: 36 | G55: 40 | H55: 65 | L55: 0.53693309 | M55: 59 | O55: =L55*M55 -> 31.679052 | P55: =ROUNDDOWN(O55,0)+1 -> 32 | Q55: =ROUND(O55, 0) -> 32 | S55: 68 | T55: =L55*S55 -> 36.51145 | U55: =ROUND(T55, 0) -> 37
C56: 11-12 | H56: 60 | L56: 0.52673813 | M56: 58 | O56: =L56*M56 -> 30.550811 | P56: =ROUNDDOWN(O56,0)+1 -> 31 | Q56: =ROUND(O56, 0) -> 31 | S56: 67 | T56: =L56*S56 -> 35.291454 | U56: =ROUND(T56, 0) -> 35
C57: 13-14 | D57: 10 | H57: 55 | L57: 0.52510745 | M57: 57 | O57: =L57*M57 -> 29.931125 | P57: =ROUNDDOWN(O57,0)+1 -> 30 | Q57: =ROUND(O57, 0) -> 30 | S57: 66 | T57: =L57*S57 -> 34.657092 | U57: =ROUND(T57, 0) -> 35
C58: 15-16 | H58: [50] | L58: 0.52116087 | M58: 56 | O58: =L58*M58 -> 29.185009 | P58: =ROUNDDOWN(O58,0)+1 -> 30 | Q58: =ROUND(O58, 0) -> 29 | S58: 64 | T58: =L58*S58 -> 33.354296 | U58: =ROUND(T58, 0) -> 33
C59: 17-20 | E59: et cetera | F59: et cetera | G59: et cetera | L59: 0.51288487 | M59: 55 | O59: =L59*M59 -> 28.208668 | P59: =ROUNDDOWN(O59,0)+1 -> 29 | Q59: =ROUND(O59, 0) -> 28 | S59: 63 | T59: =L59*S59 -> 32.311747 | U59: =ROUND(T59, 0) -> 32
L60: 0.51202076 | M60: 54 | O60: =L60*M60 -> 27.649121 | P60: =ROUNDDOWN(O60,0)+1 -> 28 | Q60: =ROUND(O60, 0) -> 28 | S60: 62 | T60: =L60*S60 -> 31.745287 | U60: =ROUND(T60, 0) -> 32
D61: 50 | I61: 30 | J61: 32 | L61: 0.50479147 | M61: 53 | O61: =L61*M61 -> 26.753948 | P61: =ROUNDDOWN(O61,0)+1 -> 27 | Q61: =ROUND(O61, 0) -> 27 | S61: 61 | T61: =L61*S61 -> 30.79228 | U61: =ROUND(T61, 0) -> 31
D62: 45 | F62: 42 | G62: 8 wins | I62: 20 | J62: 64 | L62: 0.50371091 | M62: 52 | O62: =L62*M62 -> 26.192967 | P62: =ROUNDDOWN(O62,0)+1 -> 27 | Q62: =ROUND(O62, 0) -> 26 | S62: 60 | T62: =L62*S62 -> 30.222654 | U62: =ROUND(T62, 0) -> 30
D63: 41 | F63: 39 | G63: 7 wins | I63: 10 | J63: 96 | L63: 0.50109514 | M63: 51 | O63: =L63*M63 -> 25.555852 | P63: =ROUNDDOWN(O63,0)+1 -> 26 | Q63: =ROUND(O63, 0) -> 26 | S63: 59 | T63: =L63*S63 -> 29.564613 | U63: =ROUND(T63, 0) -> 30
D64: 37 | F64: 36 | G64: 6 wins | I64: 0 | J64: 128 | L64: 0.50029359 | M64: 50 | O64: =L64*M64 -> 25.014679 | P64: =ROUNDDOWN(O64,0)+1 -> 26 | Q64: =ROUND(O64, 0) -> 25 | S64: 58 | T64: =L64*S64 -> 29.017028 | U64: =ROUND(T64, 0) -> 29
D65: 33 | E65: 8 wins | F65: 33 | G65: 5 wins | L65: 0.48068896 | M65: 49 | O65: =L65*M65 -> 23.553759 | P65: =ROUNDDOWN(O65,0)+1 -> 24 | Q65: =ROUND(O65, 0) -> 24 | S65: 56 | T65: =L65*S65 -> 26.918582 | U65: =ROUND(T65, 0) -> 27
E66: 7 wins | F66: 30 | G66: 4 wins | L66: 0.47981405 | M66: 48 | O66: =L66*M66 -> 23.031074 | P66: =ROUNDDOWN(O66,0)+1 -> 24 | Q66: =ROUND(O66, 0) -> 23 | S66: 55 | T66: =L66*S66 -> 26.389773 | U66: =ROUND(T66, 0) -> 26
E67: 6 wins | F67: 27 | G67: 3 wins | L67: 0.46971808 | M67: 47 | O67: =L67*M67 -> 22.07675 | P67: =ROUNDDOWN(O67,0)+1 -> 23 | Q67: =ROUND(O67, 0) -> 22 | S67: 54 | T67: =L67*S67 -> 25.364776 | U67: =ROUND(T67, 0) -> 25
E68: 5 wins | F68: 24 | G68: 2 wins | L68: 0.46906537 | M68: 46 | O68: =L68*M68 -> 21.577007 | P68: =ROUNDDOWN(O68,0)+1 -> 22 | Q68: =ROUND(O68, 0) -> 22 | S68: 53 | T68: =L68*S68 -> 24.860465 | U68: =ROUND(T68, 0) -> 25
E69: 4 wins | F69: 21 | G69: 1 win | L69: 0.46740664 | M69: 45 | O69: =L69*M69 -> 21.033299 | P69: =ROUNDDOWN(O69,0)+1 -> 22 | Q69: =ROUND(O69, 0) -> 21 | S69: 52 | T69: =L69*S69 -> 24.305145 | U69: =ROUND(T69, 0) -> 24
E70: 3 wins | F70: 18 | G70: 0 wins | L70: 0.46713843 | M70: 44 | O70: =L70*M70 -> 20.554091 | P70: =ROUNDDOWN(O70,0)+1 -> 21 | Q70: =ROUND(O70, 0) -> 21 | S70: 51 | T70: =L70*S70 -> 23.82406 | U70: =ROUND(T70, 0) -> 24
E71: 2 wins | F71: 15 | L71: 0.45168544 | M71: 43 | O71: =L71*M71 -> 19.422474 | P71: =ROUNDDOWN(O71,0)+1 -> 20 | Q71: =ROUND(O71, 0) -> 19 | S71: 50 | T71: =L71*S71 -> 22.584272 | U71: =ROUND(T71, 0) -> 23
E72: 1 win | F72: 12 | L72: 0.44803636 | M72: 42 | O72: =L72*M72 -> 18.817527 | P72: =ROUNDDOWN(O72,0)+1 -> 19 | Q72: =ROUND(O72, 0) -> 19 | S72: 48 | T72: =L72*S72 -> 21.505745 | U72: =ROUND(T72, 0) -> 22
E73: 0 wins | F73: 9 | L73: 0.4395903 | M73: 41 | O73: =L73*M73 -> 18.023202 | P73: =ROUNDDOWN(O73,0)+1 -> 19 | Q73: =ROUND(O73, 0) -> 18 | S73: 47 | T73: =L73*S73 -> 20.660744 | U73: =ROUND(T73, 0) -> 21
L74: 0.43053884 | M74: 40 | O74: =L74*M74 -> 17.221553 | P74: =ROUNDDOWN(O74,0)+1 -> 18 | Q74: =ROUND(O74, 0) -> 17 | S74: 46 | T74: =L74*S74 -> 19.804786 | U74: =ROUND(T74, 0) -> 20
L75: 0.42471573 | M75: 39 | O75: =L75*M75 -> 16.563914 | P75: =ROUNDDOWN(O75,0)+1 -> 17 | Q75: =ROUND(O75, 0) -> 17 | S75: 45 | T75: =L75*S75 -> 19.112208 | U75: =ROUND(T75, 0) -> 19
L76: 0.4096345 | M76: 38 | O76: =L76*M76 -> 15.566111 | P76: =ROUNDDOWN(O76,0)+1 -> 16 | Q76: =ROUND(O76, 0) -> 16 | S76: 44 | T76: =L76*S76 -> 18.023918 | U76: =ROUND(T76, 0) -> 18
L77: 0.40253677 | M77: 37 | O77: =L77*M77 -> 14.89386 | P77: =ROUNDDOWN(O77,0)+1 -> 15 | Q77: =ROUND(O77, 0) -> 15 | S77: 43 | T77: =L77*S77 -> 17.309081 | U77: =ROUND(T77, 0) -> 17
L78: 0.39855188 | M78: 36 | O78: =L78*M78 -> 14.347868 | P78: =ROUNDDOWN(O78,0)+1 -> 15 | Q78: =ROUND(O78, 0) -> 14 | S78: 42 | T78: =L78*S78 -> 16.739179 | U78: =ROUND(T78, 0) -> 17
L79: 0.39634547 | M79: 35 | O79: =L79*M79 -> 13.872091 | P79: =ROUNDDOWN(O79,0)+1 -> 14 | Q79: =ROUND(O79, 0) -> 14 | S79: 40 | T79: =L79*S79 -> 15.853819 | U79: =ROUND(T79, 0) -> 16
L80: 0.39608346 | M80: 34 | O80: =L80*M80 -> 13.466838 | P80: =ROUNDDOWN(O80,0)+1 -> 14 | Q80: =ROUND(O80, 0) -> 13 | S80: 39 | T80: =L80*S80 -> 15.447255 | U80: =ROUND(T80, 0) -> 15
L81: 0.39468378 | M81: 33 | O81: =L81*M81 -> 13.024565 | P81: =ROUNDDOWN(O81,0)+1 -> 14 | Q81: =ROUND(O81, 0) -> 13 | S81: 38 | T81: =L81*S81 -> 14.997984 | U81: =ROUND(T81, 0) -> 15
L82: 0.39305074 | M82: 32 | O82: =L82*M82 -> 12.577624 | P82: =ROUNDDOWN(O82,0)+1 -> 13 | Q82: =ROUND(O82, 0) -> 13 | S82: 37 | T82: =L82*S82 -> 14.542877 | U82: =ROUND(T82, 0) -> 15
L83: 0.39208454 | M83: 31 | O83: =L83*M83 -> 12.154621 | P83: =ROUNDDOWN(O83,0)+1 -> 13 | Q83: =ROUND(O83, 0) -> 12 | S83: 36 | T83: =L83*S83 -> 14.115044 | U83: =ROUND(T83, 0) -> 14
L84: 0.39055149 | M84: 30 | O84: =L84*M84 -> 11.716545 | P84: =ROUNDDOWN(O84,0)+1 -> 12 | Q84: =ROUND(O84, 0) -> 12 | S84: 35 | T84: =L84*S84 -> 13.669302 | U84: =ROUND(T84, 0) -> 14
L85: 0.39021567 | M85: 29 | O85: =L85*M85 -> 11.316254 | P85: =ROUNDDOWN(O85,0)+1 -> 12 | Q85: =ROUND(O85, 0) -> 11 | S85: 34 | T85: =L85*S85 -> 13.267333 | U85: =ROUND(T85, 0) -> 13
... L113: 0.16929759 | M113: 1 | O113: =L113*M113 -> 0.16929759 | P113: =ROUNDDOWN(O113,0)+1 -> 1 | Q113: =ROUND(O113, 0) -> 0 | S113: 2 | T113: =L113*S113 -> 0.33859517 | U113: =ROUND(T113, 0) -> 0

Sheet Phoenix Expansion Pass
P1: 120 | Q1: 110 | R1: 126 | S1: 158 | T1: 776 | U1: 56 | V1: 1346 | AB1: Rankings
B2: Phoenix Conference | G2: SS/AC/DG 1 | I2: CCC | J2: UTL | K2: MRL | L2: WCS | M2: Season | P2: CCC | Q2: UTL | R2: MRL | S2: WCS | T2: Season | U2: Total | V2: 776/48/522 | X2: Tuesday | Y2: Thursday | Z2: Weekend | AB2: Thursday | AC2: Weekend
B3: Orre Pod | D3: Almia Pod | G3: SS/AC/DG 1 | I3: 32 | J3: 12 | K3: 16 | L3: 32 | M3: 64 | O3: Week 1 | T3: 64 | U3: =SUM(P3:T3) -> 64 | Z3: SS/AC/DG/IP 1 | AB3: No | AC3: Yes | AD3: 1
B4: Phenac City | D4: Pueltown | G4: SS/AC/DG 1 | I4: 32 | J4: 12 | K4: 16 | L4: 32 | M4: 64 | O4: Week 2 | T4: 64 | U4: =SUM(P4:T4) -> 64 | Z4: SS/AC/DG/IP 1 | AB4: No | AC4: Yes | AD4: 2
B5: Pyrite Town | D5: Vientown | G5: SS/AC/DG 2 | I5: 32 | J5: 12 | K5: 16 | L5: 32 | M5: 64 | O5: Week 3 | T5: 64 | U5: =SUM(P5:T5) -> 64 | Z5: SS/AC/DG/IP 1 | AB5: No | AC5: Yes | AD5: 3
B6: Agate Village | D6: Haruba Village | G6: SS/AC/DG 2 | I6: 16 | J6: 12 | K6: 16 | L6: 32 | M6: 48 | O6: Week 4 | Q6: 12 | R6: 16 | T6: 48 | U6: =SUM(P6:T6) -> 76 | X6: MU R1 | Y6: WCS R0* | Z6: Interconference 1 | AB6: Yes | AC6: Yes | AD6: 5
B7: Gateon Port | D7: Boyleland | G7: SS/AC/DG 2 | I7: 8 | J7: 12 | K7: 16 | L7: 16 | M7: 64 | O7: Week 5 | P7: 32 | Q7: 12 | R7: 16 | S7: 16 | U7: =SUM(P7:T7) -> 76 | X7: MU R2 | Y7: WCS R1A | Z7: CCC R1 | AB7: Yes | AC7: Yes | AD7: 7
G8: Intrapod 1 | J8: 12 | K8: 16 | L8: 8 | M8: 48 | O8: Week 6 | Q8: 12 | R8: 16 | S8: 16 | T8: 64 | U8: =SUM(P8:T8) -> 108 | X8: MU R3 | Y8: WCS R1B | Z8: SS/AC/DG/IP 1 | AB8: Yes | AC8: Yes | AD8: 9
B9: Fiore Pod | D9: Oblivia Pod | G9: Intrapod 2 | J9: 8 | L9: 4 | M9: 64 | O9: Week 7 | P9: 32 | Q9: 12 | R9: 16 | T9: 48 | U9: =SUM(P9:T9) -> 108 | X9: MU R4 | Y9: CCC R2 | Z9: Interconference 2 | AB9: Yes | AC9: Yes | AD9: 11
B10: Fall City | D10: Dolce Island | G10: Intrapod 3 | J10: 16 | K10: 16 | L10: 2 | M10: 64 | O10: Week 8 | Q10: 12 | R10: 16 | S10: 16 | T10: 64 | U10: =SUM(P10:T10) -> 108 | X10: MU R5 | Y10: WCS R2A | Z10: SS/AC/DG/IP 2 | AB10: Yes | AC10: Yes | AD10: 13
B11: Ringtown | D11: Cocona Village | G11: Interconference 1 | J11: 8 | K11: 8 | M11: 48 | O11: Week 9 | P11: 32 | Q11: 12 | R11: 16 | S11: 16 | U11: =SUM(P11:T11) -> 76 | X11: MU R6 | Y11: WCS R2B | Z11: CCC QF | AB11: Yes | AC11: Yes | AD11: 15
B12: Summerland | D12: Tilt Village | G12: Interconference 2 | J12: 4 | K12: 4 | M12: 64 | O12: Week 10 | Q12: 8 | S12: 16 | T12: 64 | U12: =SUM(P12:T12) -> 88 | X12: UTL R20* | Y12: WCS R3A | Z12: SS/AC/DG/IP 2 | AB12: No | AC12: Yes | AD12: 16
B13: Wintown | D13: Aqua Resort | G13: Interconference 3 | J13: 2 | K13: 2 | M13: 48 | O13: Week 11 | P13: 16 | S13: 16 | T13: 48 | U13: =SUM(P13:T13) -> 80 | X13: CCC SF | Y13: WCS R3B* | Z13: Interconference 3 | AB13: Yes | AC13: Yes | AD13: 18
M14: 64 | O14: Week 12 | Q14: 8 | R14: 8 | S14: 16 | T14: 64 | U14: =SUM(P14:T14) -> 96 | X14: MU R16 | Y14: WCS R32 | Z14: SS/AC/DG/IP 2 | AB14: Yes | AC14: Yes | AD14: 20
B15: Preseason - Four games each (IP/SS/AC/DG) | I15: 1 | J15: 2 | M15: 64 | O15: Week 13 | P15: 8 | Q15: 8 | R15: 8 | S15: 16 | U15: =SUM(P15:T15) -> 40 | X15: MU R16 | Y15: WCS R32 | Z15: CCC Final | AB15: Yes | AC15: Yes | AD15: 22
I16: 4 | J16: 3 | O16: Week 14 | Q16: 4 | R16: 4 | S16: 8 | T16: 48 | U16: =SUM(P16:T16) -> 64 | X16: MU QF | Y16: WCS R16 | Z16: Interconference 4 | AB16: Yes | AC16: Yes | AD16: 24
I17: 5 | J17: 6 | O17: Week 15 | Q17: 4 | R17: 4 | S17: 8 | T17: 64 | U17: =SUM(P17:T17) -> 80 | X17: MU QF | Y17: WCS R16 | Z17: SS/AC/DG/IP 2 | AB17: Yes | AC17: Yes | AD17: 26
I18: 8 | J18: 7 | M18: 1340/1344 | O18: Week 16 | Q18: 2 | R18: 2 | S18: 4 | T18: 64 | U18: =SUM(P18:T18) -> 72 | X18: MU SF | Y18: WCS QF | Z18: Intrapod 3 | AB18: Yes | AC18: Yes | AD18: 28
C19: 48 | D19: 48 | E19: 48 | F19: 48 | M19: =64*12+8 -> 776 | N19: Season | O19: Week 17 | Q19: 2 | R19: 2 | S19: 4 | T19: 8 | U19: =SUM(P19:T19) -> 16 | X19: MU SF | Y19: WCS QF | Z19: Conf Champ | AB19: Yes | AC19: Yes | AD19: 30
B20: 1 | C20: BYE | D20: A | E20: B | F20: C | H20: 1 | I20: 2 | J20: 3 | K20: 4 | M20: =32+32+32+16+8 -> 120 | N20: CCC | O20: Week 18 | Q20: 1 | R20: 1 | S20: 4 | U20: =SUM(P20:T20) -> 6 | X20: WCS SF | Y20: WCS SF | Z20: MU Final | AB20: Yes | AC20: No | AD20: 31
B21: 8 | C21: BYE | D21: A | E21: B | F21: C | H21: 5 | I21: 6 | J21: 7 | K21: 8 | M21: 236 | N21: MRL/UTL | O21: Week 19 | Q21: 1 | R21: 1 | S21: 2 | U21: =SUM(P21:T21) -> 4 | X21: MU Final | Y21: WCS Final | Z21: WCS Final | AB21: Tuesday | AC21: Yes | AD21: 33
B22: 4 | C22: A | D22: BYE | E22: B | F22: C | H22: 12 | I22: 11 | J22: 10 | K22: 9 | M22: 158 | N22: WCS | X22: Tuesday | Y22: Thursday | Z22: Friday | AA22: Sunday
B23: 5 | C23: A | D23: BYE | E23: B | F23: C | H23: 16 | I23: 15 | J23: 14 | K23: 13 | M23: 50/54 | N23: Playoffs | O23: Week 20 | T23: 6 | U23: =SUM(P23:T23) -> 6 | X23: Play-in R1 | Y23: Play-in R1 | Z23: Play-in R2 | AA23: Play-in R2 | AB23: No | AC23: Yes | AD23: 34
B24: 2 | C24: A | D24: B | E24: BYE | F24: C | O24: Week 21 | T24: 16 | U24: =SUM(P24:T24) -> 16 | X24: OR | Y24: OR | Z24: WQF | AA24: WQF | AB24: Yes | AC24: Yes | AD24: 36
B25: 3 | C25: A | D25: B | E25: BYE | F25: C | H25: A | I25: 1 at 5 | J25: 12 at 16 | O25: Week 22 | T25: 16 | U25: =SUM(P25:T25) -> 16 | X25: LR1 | Y25: LR1 | Z25: LR2/WSF | AA25: LR2/WSF | AB25: Yes | AC25: Yes | AD25: 38
B26: 6 | C26: A | D26: B | E26: C | F26: BYE | H26: B | I26: 16 at 1 | J26: 5 at 12 | O26: Week 23 | T26: 8 | U26: =SUM(P26:T26) -> 8 | X26: LQF | Y26: LQF | Z26: LSF/WF | AA26: LSF/WF | AB26: Yes | AC26: Yes | AD26: 40
B27: 7 | C27: A | D27: B | E27: C | F27: BYE | H27: C | I27: 12 at 1 | J27: 16 at 5 | O27: Week 24 | T27: 2 | U27: =SUM(P27:T27) -> 2 | Z27: LF | AA27: LF | AC27: Yes | AD27: 41
O28: Week 25 | T28: 3 | U28: =SUM(P28:T28) -> 3 | X28: GF | Y28: GF | AA28: GF | AB28: Yes | AC28: If nec. | AD28: 42 or 43
O29: Week 26 | T29: 3 | U29: =SUM(P29:T29) -> 3 | X29: GF Reset | Y29: GF Reset | AA29: GF Reset | AB29: If nec. | AC29: If nec. | AD29: 43-44-45
M32: Playoffs | R32: 1 | S32: Conference Champion 1 | W32: Weeks 10 and 11
M33: Nos. 1-4 | N33: Top 4 Conference Champions | R33: 2 | S33: Conference Champion 2 | W33: WCS R3 - Only one week required
C34: MRL | G34: UTL | M34: Nos. 5-8 | N34: Next 4 highest teams | R34: 3 | S34: Conference Champion 3 | W34: So, anyone playing UTL R20 could play in WCS R3B
C35: Pos. 1-3 from each conference | G35: Pos. 4-6 from each conference | M35: Nos. 9-12 | N35: Remaining Conference Champions | R35: 4 | S35: Conference Champion 4
C36: World Finalists | G36: CCC Winners | N36: then next highest teams | R36: 5 | S36: Next highest ranked team 1
C37: WCS Finalists | G37: WCS Semifinalists | M37: Nos. 13-14 | N37: Next 2 highest teams | R37: 6 | S37: Next highest ranked team 2
C38: MRL Champion | G38: MRL Runner-up | N38: or next highest team and WCS Champion | R38: 7 | S38: Next highest ranked team 3
C39: UTL Champion | G39: UTL Runner-up | N39: or next highest team and MRL Champion | R39: 8 | S39: Next highest ranked team 4 | Z39: That NBA thing, reimagined
C40: Next highest overall teams until full^ | G40: Next highest overall teams until full^ | N40: or WCS Champion and MRL Champion | R40: 9 | S40: Conference Champion (5/6/7/8) or next highest team
C41: *No more than 5 per conference | G41: *No more than 5 per conference | R41: 10 | S41: Conference Champion (6/7/8) or next highest team | Z41: #11/#12 | AA41: Winner claims #11 seed | AD41: at #11
E42: **No more than 8 total per conference | N42: =12/112 -> 0.10714286 | O42: =14/112 -> 0.125 | R42: 11 | S42: Conference Champion (7/8) or next highest team | Z42: #13/#14 | AA42: Loser is eliminated | AD42: at #13
C43: ^Three Phoenix Conference teams in both MRL and UTL for Season Four | N43: =12/128 -> 0.09375 | O43: =14/128 -> 0.109375 | R43: 12 | S43: Conference Champion (8) or next highest team | Z43: L1/W2 | AA43: Winner claims #12 seed | AD43: at #11/12
R44: 13 | S44: Next highest ranked team or WCS winner if #14 is MRL winner
R45: 14 | S45: WCS Winner or MRL Winner or next highest ranked team
A50: Mew | C50: A | D50: 1 | E50: 64 | F50: 65 | G50: 128 | I50: E | J50: 3 | K50: 62 | L50: 67 | M50: 126 | Q50: Games
A51: Celebi | D51: 32 | E51: 33 | F51: 96 | G51: 97 | J51: 30 | K51: 35 | L51: 94 | M51: 99 | P51: 16+16 | Q51: 32 | R51: R1 | S51: 64 | Y51: 0
A52: Jirachi | D52: 16 | E52: 49 | F52: 80 | G52: 113 | J52: 14 | K52: 51 | L52: 78 | M52: 115 | P52: 16+16 | Q52: 32 | R52: R2 | S52: 32 | T52: 32 | U52: 64 | Y52: 10
A53: Shaymin | D53: 17 | E53: 48 | F53: 81 | G53: 112 | J53: 19 | K53: 46 | L53: 83 | M53: 110 | P53: 16+16 | Q53: 32 | R53: R3 | U53: 32 | V53: 32 | W53: 64 | Y53: 20
A54: Victini | C54: B | D54: 4 | E54: 61 | F54: 68 | G54: 125 | I54: F | J54: 6 | K54: 59 | L54: 70 | M54: 123 | Q54: 32 | R54: R4 | W54: 32 | Y54: 30
A55: Diancie | D55: 29 | E55: 36 | F55: 93 | G55: 100 | J55: 27 | K55: 38 | L55: 91 | M55: 102 | Q55: 16 | R55: R16 | W55: 16 | Y55: 40
A56: Magearna | D56: 13 | E56: 52 | F56: 77 | G56: 116 | J56: 11 | K56: 54 | L56: 75 | M56: 118 | Q56: 8 | R56: Quarter | W56: 8 | Y56: 50
A57: Meltan | D57: 20 | E57: 45 | F57: 84 | G57: 109 | J57: 22 | K57: 43 | L57: 86 | M57: 107 | Q57: 4 | R57: Semi | W57: 4 | Y57: 60
C58: C | D58: 5 | E58: 60 | F58: 69 | G58: 124 | I58: G | J58: 7 | K58: 58 | L58: 71 | M58: 122 | Q58: 2 | R58: Final | W58: 2 | Y58: 70
A59: Dragonite | D59: 28 | E59: 37 | F59: 92 | G59: 101 | J59: 26 | K59: 39 | L59: 90 | M59: 103
A60: Tyranitar | D60: 12 | E60: 53 | F60: 76 | G60: 117 | J60: 10 | K60: 55 | L60: 74 | M60: 119
A61: Metagross | D61: 21 | E61: 44 | F61: 85 | G61: 108 | J61: 23 | K61: 42 | L61: 87 | M61: 106
A62: Garchomp | C62: D | D62: 8 | E62: 57 | F62: 72 | G62: 121 | I62: H | J62: 2 | K62: 63 | L62: 66 | M62: 127
A63: Hydreigon | D63: 25 | E63: 40 | F63: 89 | G63: 104 | J63: 31 | K63: 34 | L63: 95 | M63: 98
A64: Goodra | D64: 9 | E64: 56 | F64: 73 | G64: 120 | J64: 15 | K64: 50 | L64: 79 | M64: 114
A65: Kommo-o | D65: 24 | E65: 41 | F65: 88 | G65: 105 | J65: 18 | K65: 47 | L65: 82 | M65: 111
A66: Dragapult
D68: Seeds (16)
D69: 1 | E69: 8 | F69: 9 | G69: 16
D70: 4 | E70: 5 | F70: 12 | G70: 13
D71: 2 | E71: 7 | F71: 10 | G71: 15
D72: 3 | E72: 6 | F72: 11 | G72: 14

Sheet Season Four
B2: Conference Standings | K2: Master League | P2: Ultra League
B4: Indigo | C4: Delta | D4: Lily Valley | E4: Vertress | F4: Kalosite | G4: Lanakila | H4: Dynamax | K4: Pot A | M4: Pot C | P4: Pot A | R4: Pot C
B5: Crystal | C5: Emerald | D5: Platinum | E5: Gray | F5: Prism | G5: Kahuna | H5: Gigantamax | K5: 1 | L5: Cinnabar Island | M5: 1 | N5: Violet City | P5: 1 | Q5: Fuchsia City | R5: 1 | S5: Azalea Town
A6: 1 | B6: Cinnabar | C6: Ever Grande | D6: Resort Area | E6: Castelia | F6: Lumiose | G6: Kala'e Bay | H6: South Lakes | K6: 2 | L6: Ever Grande City | M6: 2 | N6: Slateport City | P6: 2 | Q6: Fortree City | R6: 2 | S6: Littleroot Town
A7: 2 | B7: Olivine | C7: Fallarbor | D7: Veilstone | E7: Virbank | F7: Vanivlle | G7: Ultra Mega | H7: Hulbury | K7: 3 | L7: Resort Area | M7: 3 | N7: Celestic Town | P7: 3 | Q7: Floaroma City | R7: 3 | S7: Eterna City
A8: 3 | B8: Violet | C8: Slateport | D8: Celestic | E8: Anville | F8: Laverre | G8: Malie | H8: Wyndon N | K8: 4 | L8: Castelia City | M8: 4 | N8: Anville Town | P8: 4 | Q8: Floccesy Town | R8: 4 | S8: Striaton City
A9: 4 | B9: Fuchsia | C9: Fortree | D9: Floaroma | E9: Floccesy | F9: Geosenge | G9: Iki | H9: Hammerlocke | K9: 5 | L9: Lumiose City | M9: 5 | N9: Laverre City | P9: 5 | Q9: Geosenge Town | R9: 5 | S9: Snowbelle City
A10: 5 | B10: Cianwood | C10: Dewford | D10: Snowpoint | E10: Humilau | F10: Anistar | G10: Poni | H10: Wyndon S | K10: 6 | L10: Kala'e Bay | M10: 6 | N10: Malie City | P10: 6 | Q10: Iki Town | R10: 6 | S10: Paniola Town
A11: 6 | B11: Vermilion | C11: Mauville | D11: Solaceon | E11: Mistralton | F11: Snowbelle | G11: Paniola | H11: Wedgehurst | K11: 7 | L11: South Lakes | M11: 7 | N11: Wyndon North | P11: 7 | Q11: Hammerlocke | R11: 7 | S11: Wedgehurst
A12: 7 | B12: Goldenrod | C12: Littleroot | D12: Eterna | E12: Striaton | F12: Cyllage | G12: Tapu | H12: Postwick | K12: 8 | L12: Fall City | M12: 8 | N12: Pyrite Town | P12: 8 | Q12: Aqua Resort | R12: 8 | S12: Haruba Village
A13: 8 | B13: Azalea | C13: Rustboro | D13: Twinleaf | E13: Nacrene | F13: Aquacorde | G13: Heahea | H13: Circhester Bay
A14: 9 | B14: Blackthorn | C14: Oldale | D14: Sandgem | E14: Icirrus | F14: Coumarine | G14: Hokulani | H14: Spikemuth | K14: Pot B | M14: Pot D | P14: Pot B | R14: Pot D
A15: 10 | B15: Mahogany | C15: Sootopolis | D15: Oreburgh | E15: Accumula | F15: Ambrette | G15: Aether | H15: Turffield | K15: 1 | L15: Olivine City | M15: 13 | N15: Dewford Town (Delta) | P15: 1 | Q15: Goldenrod City | R15: 25 | S15: Rustboro City (Delta)
A16: 11 | B16: Cerulean | C16: Lilycove | D16: Jubilife | E16: Undella | F16: Couriway | G16: Seafolk | H16: Ballonlea | K16: 2 | L16: Fallarbor Town | M16: 14 | N16: Cianwood City (Indigo) | P16: 2 | Q16: Mauville City | R16: 42 | S16: Cyllage City (Kalosite)
A17: 12 | B17: Saffron | C17: Pacifidlog | D17: Sunyshore | E17: Nimbasa | F17: Camphrier | G17: Exeggutor | H17: Crown Tundra | K17: 3 | L17: Veilstone City | M17: 16 | N17: Vermilion City (Indigo) | P17: 3 | Q17: Solaceon Town | R17: 44 | S17: Twinleaf Town (Lily Valley)
A18: 13 | B18: Celadon | C18: Petalburg | D18: Fight Area | E18: Driftveil | F18: Shalour | G18: Vast Poni | H18: City of Circhester | K18: 4 | L18: Virbank City | M18: 17 | N18: Humilau City (Vertress) | P18: 4 | Q18: Mistralton City | R18: 47 | S18: Coumarine Town (Kalosite)
A19: 14 | B19: Pewter | C19: Mossdeep | D19: Pastoria | E19: Lacunosa | F19: Kiloude | G19: Hau'oli | H19: Stow-on-Side | K19: 5 | L19: Vaniville Town | M19: 19 | N19: Postwick (Dynamax) | P19: 5 | Q19: Anistar City | R19: 50 | S19: Undella Town (Vertress)
A20: 15 | B20: Ecruteak | C20: Lavaridge | D20: Hearthome | E20: Opulecid | F20: Dendemille | G20: Po | H20: Isle of Armor | K20: 6 | L20: Ultra Megalopolis | M20: 22 | N20: Snowpoint City (Lily Valley) | P20: 6 | Q20: Poni Meadow | R20: 55 | S20: Heahea City (Lanakila)
A21: 16 | B21: Viridian | C21: Verdanturf | D21: Canalave | E21: Aspertia | F21: Santalune | G21: Konikoni | H21: Motostoke | K21: 7 | L21: Hulbury | P21: 7 | Q21: Wyndon South
K22: 8 | L22: Boyleland | P22: 8 | Q22: Gateon Port
O23: Finish season | S23: Skipped
O24: Sort out conference standings | R24: 49 | S24: Lilycove
O25: Complete MRL/UTL Rosters | R25: 51 | S25: Blackthorn
O26: Complete CCC Rosters | R26: 52 | S26: Nacrene
O27: Sort out WCS Roster | R27: 53 | S27: Accumula
M29: 38 | N29: Anville Town (lowest in MRL) | P29: 82 | Q29: Azalea Town (lowest in UTL)
K33: -3
K34: -2
F35: 25 | K35: -1
F36: 42 | J36: 1 | K36: 1
F37: 44 | J37: 2 | K37: 2
F38: 47 | J38: 3 | K38: 3
F39: 49 | J39: 4 | K39: 4
F40: 50 | J40: 5 | K40: 5
F41: 51 | J41: 6 | K41: 6
F42: 52 | J42: 7 | K42: 7
F43: 53 | J43: 8 | K43: 8
F44: 55 | J44: 9 | K44: 9
F45: 56 | J45: 10 | K45: 10
F46: 57 | J46: 11 | K46: 11
F47: 58 | J47: 12 | K47: 12
F48: 60 | K48: 15
F49: 61 | K49: 18
F50: 63 | K50: 20
F51: 64 | K51: 21
F52: 65 | K52: 24
F53: 66 | K53: 27
F54: 67 | K54: 29
F55: 68 | K55: 36
F56: 69 | K56: 38
F57: 70
F58: 71
F59: 72
F60: 73
F61: 74
F62: 75
F63: 76
F64: 77
F65: 78
F66: 79
F67: 80
F68: 81
... F98: 112

Sheet Sheet4
B1: 120 | C1: 110 | D1: 126 | E1: 158 | F1: 776 | G1: 56 | N1: 120 | O1: 110 | P1: 126 | Q1: 158 | R1: 776 | S1: 56
B2: CCC | C2: UTL | D2: MRL | E2: WCS | F2: Season | G2: Total | I2: Tuesday | J2: Thursday | K2: Weekend | N2: CCC | O2: UTL | P2: MRL | Q2: WCS | R2: Season | S2: Total | U2: Tuesday | V2: Thursday | W2: Weekend
A3: Week 1 | F3: 64 | G3: =SUM(B3:F3) -> 64 | K3: SS/AC/DG/IP 1 | M3: Week 1 | S3: =SUM(N3:R3) -> 0 | W3: SS/AC/DG/IP 1
A4: Week 2 | F4: 64 | G4: =SUM(B4:F4) -> 64 | K4: SS/AC/DG/IP 1 | M4: Week 2 | S4: =SUM(N4:R4) -> 0 | W4: SS/AC/DG/IP 1
A5: Week 3 | F5: 64 | G5: =SUM(B5:F5) -> 64 | K5: SS/AC/DG/IP 1 | M5: Week 3 | N5: 8 | O5: 12 | P5: 18 | R5: 64 | S5: =SUM(N5:R5) -> 102 | U5: MU R1 | V5: WCS R0* | W5: SS/AC/DG/IP 1
A6: Week 4 | C6: 20 | D6: 16 | F6: 64 | G6: =SUM(B6:F6) -> 100 | I6: MU R1 | J6: WCS R0* | K6: Interconference 1 | M6: Week 4 | N6: 8 | O6: 12 | P6: 18 | R6: 64 | S6: =SUM(N6:R6) -> 102 | U6: MU R2 | V6: WCS R1A | W6: Interconference 1
A7: Week 5 | B7: 32 | C7: 20 | D7: 16 | E7: 16 | G7: =SUM(B7:F7) -> 84 | I7: MU R2 | J7: WCS R1A | K7: CCC R1 | M7: Week 5 | N7: 8 | O7: 12 | P7: 18 | Q7: 16 | R7: 64 | S7: =SUM(N7:R7) -> 118 | U7: MU R3 | V7: WCS R1B
A8: Week 6 | C8: 20 | D8: 16 | E8: 16 | F8: 48 | G8: =SUM(B8:F8) -> 100 | I8: MU R3 | J8: WCS R1B | K8: SS/AC/DG/IP 1 | M8: Week 6 | N8: 8 | O8: 12 | P8: 18 | Q8: 16 | R8: 64 | S8: =SUM(N8:R8) -> 118 | U8: MU R4 | V8: WCS R2A | W8: SS/AC/DG/IP 1
A9: Week 7 | B9: 32 | C9: 20 | D9: 16 | F9: 48 | G9: =SUM(B9:F9) -> 116 | I9: MU R4 | J9: CCC R2 | K9: Interconference 2 | M9: Week 7 | N9: 8 | O9: 12 | P9: 18 | Q9: 16 | R9: 64 | S9: =SUM(N9:R9) -> 118 | U9: MU R5 | V9: WCS R2B | W9: Interconference 2
A10: Week 8 | C10: 20 | D10: 16 | E10: 16 | F10: 48 | G10: =SUM(B10:F10) -> 100 | I10: MU R5 | J10: WCS R2A | K10: SS/AC/DG/IP 2 | M10: Week 8 | N10: 8 | O10: 12 | P10: 18 | Q10: 16 | R10: 64 | S10: =SUM(N10:R10) -> 118 | U10: MU R6 | V10: WCS R3A | W10: SS/AC/DG/IP 2
A11: Week 9 | B11: 32 | C11: 20 | D11: 16 | E11: 16 | G11: =SUM(B11:F11) -> 84 | I11: MU R6 | J11: WCS R2B | K11: CCC QF | M11: Week 9 | N11: 8 | O11: 12 | P11: 18 | Q11: 16 | R11: 64 | S11: =SUM(N11:R11) -> 118 | U11: MU R7 | V11: WCS R3B
A12: Week 10 | E12: 16 | F12: 64 | G12: =SUM(B12:F12) -> 80 | I12: UTL R20* | J12: WCS R3A | K12: SS/AC/DG/IP 2 | M12: Week 10 | N12: 8 | O12: 12 | P12: 18 | Q12: 16 | R12: 64 | S12: =SUM(N12:R12) -> 118 | U12: MU R8 | V12: WCS R32 | W12: SS/AC/DG/IP 2
A13: Week 11 | B13: 16 | E13: 16 | F13: 64 | G13: =SUM(B13:F13) -> 96 | I13: CCC SF | J13: WCS R3B* | K13: Interconference 3 | M13: Week 11 | N13: 8 | O13: 12 | P13: 18 | Q13: 16 | R13: 64 | S13: =SUM(N13:R13) -> 118 | U13: MU R9 | V13: WCS R32 | W13: Interconference 3
A14: Week 12 | C14: 8 | D14: 8 | E14: 16 | F14: 64 | G14: =SUM(B14:F14) -> 96 | I14: MU R16 | J14: WCS R32 | K14: SS/AC/DG/IP 2 | M14: Week 12 | N14: 8 | O14: 12 | P14: 18 | Q14: 16 | R14: 48 | S14: =SUM(N14:R14) -> 102 | U14: MU R10 | V14: WCS R16 | W14: SS/AC/DG/IP 2
A15: Week 13 | B15: 8 | C15: 8 | D15: 8 | E15: 16 | G15: =SUM(B15:F15) -> 40 | I15: MU R16 | J15: WCS R32 | K15: CCC Final | M15: Week 13 | N15: 8 | O15: 8 | P15: 8 | Q15: 16 | R15: 48 | S15: =SUM(N15:R15) -> 88 | U15: MU R16 | V15: WCS R16
A16: Week 14 | C16: 4 | D16: 4 | E16: 8 | F16: 48 | G16: =SUM(B16:F16) -> 64 | I16: MU QF | J16: WCS R16 | K16: Interconference 4 | M16: Week 14 | N16: 8 | O16: 8 | P16: 8 | Q16: 8 | R16: 48 | S16: =SUM(N16:R16) -> 80 | U16: MU R16 | V16: WCS QF | W16: Interconference 4
A17: Week 15 | C17: 4 | D17: 4 | E17: 8 | F17: 64 | G17: =SUM(B17:F17) -> 80 | I17: MU QF | J17: WCS R16 | K17: SS/AC/DG/IP 2 | M17: Week 15 | N17: 4 | O17: 4 | P17: 4 | Q17: 8 | R17: 48 | S17: =SUM(N17:R17) -> 68 | U17: MU QF | V17: WCS QF | W17: SS/AC/DG/IP 2
A18: Week 16 | C18: 2 | D18: 2 | E18: 4 | F18: 64 | G18: =SUM(B18:F18) -> 72 | I18: MU SF | J18: WCS QF | K18: Intrapod 3 | M18: Week 16 | N18: 4 | O18: 4 | P18: 4 | Q18: 4 | S18: =SUM(N18:R18) -> 16 | U18: MU QF | V18: WCS SF | W18: Intrapod 3
A19: Week 17 | C19: 2 | D19: 2 | E19: 4 | F19: 8 | G19: =SUM(B19:F19) -> 16 | I19: MU SF | J19: WCS QF | K19: Conf Champ | M19: Week 17 | N19: 2 | O19: 2 | P19: 2 | Q19: 4 | S19: =SUM(N19:R19) -> 10 | U19: MU SF | V19: WCS SF | W19: Conf Champ
A20: Week 18 | C20: 1 | D20: 1 | E20: 4 | G20: =SUM(B20:F20) -> 6 | I20: WCS SF | J20: WCS SF | K20: MU Final | M20: Week 18 | N20: 2 | O20: 2 | P20: 2 | Q20: 4 | S20: =SUM(N20:R20) -> 10 | U20: MU SF | V20: WCS Final
A21: Week 19 | C21: 1 | D21: 1 | E21: 2 | G21: =SUM(B21:F21) -> 4 | I21: MU Final | J21: WCS Final | K21: WCS Final | M21: Week 19 | N21: 1 | O21: 1 | P21: 1 | Q21: 2 | S21: =SUM(N21:R21) -> 5 | U21: MU Final | V21: WCS Final
M22: Week 20 | N22: 1 | O22: 1 | P22: 1 | S22: =SUM(N22:R22) -> 3 | U22: MU Final | W22: CCC R1
A23: Week 20 | F23: 6 | G23: =SUM(B23:F23) -> 6 | S23: =SUM(N23:R23) -> 0 | V23: CCC R2 | W23: CCC QF
A24: Week 21 | F24: 16 | G24: =SUM(B24:F24) -> 16 | M24: Week 21 | S24: =SUM(N24:R24) -> 0 | V24: CCC SF | W24: CCC Final
A25: Week 22 | F25: 16 | G25: =SUM(B25:F25) -> 16 | M25: Week 22 | S25: =SUM(N25:R25) -> 0
A26: Week 23 | F26: 8 | G26: =SUM(B26:F26) -> 8 | M26: Week 23 | S26: =SUM(N26:R26) -> 0
A27: Week 24 | F27: 2 | G27: =SUM(B27:F27) -> 2 | M27: Week 24 | S27: =SUM(N27:R27) -> 0
A28: Week 25 | F28: 3 | G28: =SUM(B28:F28) -> 3 | M28: Week 25 | S28: =SUM(N28:R28) -> 0
A29: Week 26 | F29: 3 | G29: =SUM(B29:F29) -> 3 | M29: Week 26 | S29: =SUM(N29:R29) -> 0
B31: =SUM(B33:B52) -> 0 | C31: =SUM(C33:C52) -> 190 | D31: =SUM(D33:D52) -> 190 | E31: =SUM(E33:E52) -> 142 | F31: 768+120 | G31: 64 | I31: =482+768+120+60 -> 1430 | K31: UTL R20*
B32: GRL | C32: UTL | D32: MRL | E32: WCS | F32: Season | G32: Total | I32: 1412
A33: 1 | F33: 64 | G33: =SUM(B33:F33) -> 64 | I33: 1274+60 | K33: SS/AC/DG/IP 1
A34: 2 | F34: 64 | G34: =SUM(B34:F34) -> 64 | I34: =1274 -> 1274 | K34: SS/AC/DG/IP 1 | U34: 4 winners
A35: 3 | F35: 64 | G35: =SUM(B35:F35) -> 64 | K35: SS/AC/DG/IP 1 | M35: =150+190+142+768+120+60 -> 1430 | N35: 8x4/6x4 | U35: next 4
A36: 4 | C36: 16 | D36: 16 | E36: 16 | F36: 48 | G36: =SUM(B36:F36) -> 96 | I36: MU R1 | J36: WCS R1A | K36: Interconference 1 | M36: 1550 | N36: 6x6/4x6 | P36: 6 first | U36: X winners
A37: 5 | C37: 16 | D37: 16 | E37: 16 | F37: 48 | G37: =SUM(B37:F37) -> 96 | I37: MU R2 | J37: WCS R1B | K37: Interconference 2 | P37: 6 second | U37: next X
A38: 6 | C38: 16 | D38: 16 | E38: 16 | F38: 64 | G38: =SUM(B38:F38) -> 112 | I38: MU R3 | J38: WCS R2A | K38: SS/AC/DG/IP 1 | M38: =190+190+142+768+120+64 -> 1474 | P38: 4/6 third | Q38: 2/6 third
A39: 7 | C39: 16 | D39: 16 | E39: 16 | F39: 64 | G39: =SUM(B39:F39) -> 112 | I39: MU R4 | J39: WCS R2B | K39: SS/AC/DG/IP 2 | M39: 1474 or 1490 (WCS R4) | Q39: 6 fourth
A40: 8 | C40: 32 | D40: 32 | G40: =SUM(B40:F40) -> 64 | I40: MU R5 | J40: MU R6 | M40: 1470-1474 or 1486-1490 | Q40: 4 first
A41: 9 | C41: 16 | D41: 16 | E41: 16 | F41: 48 | G41: =SUM(B41:F41) -> 96 | I41: MU R7 | J41: WCS R3A | K41: Interconference 3 | Q41: 4 second
A42: 10 | C42: 16 | D42: 16 | E42: 16 | F42: 48 | G42: =SUM(B42:F42) -> 96 | I42: MU R8 | J42: WCS R3B | K42: Interconference 4
A43: 11 | C43: 16 | D43: 16 | E43: 8 | F43: 64 | G43: =SUM(B43:F43) -> 104 | I43: MU R9 | J43: WCS R4A | K43: SS/AC/DG/IP 2 | M43: 150 | N43: 6x5
A44: 12 | C44: 16 | D44: 16 | E44: 8 | F44: 64 | G44: =SUM(B44:F44) -> 104 | I44: MU R10 | J44: WCS R4B | K44: SS/AC/DG/IP 2 | M44: 150 | N44: 6x5 | O44: 32>30 | P44: 6 first | T44: 8 | U44: Conference Winner | X44: A | Y44: B | Z44: C | AA44: D | AB44: E | AC44: F | AD44: E | AE44: C
A45: 13 | C45: 8 | D45: 8 | E45: 8 | F45: 64 | G45: =SUM(B45:F45) -> 88 | I45: MU R16 | J45: WCS R16 | K45: SS/AC/DG/IP 2 | M45: 1470 | P45: 6 second | T45: 8 | U45: Conference Runner-up | X45: A | Y45: B | Z45: C | AA45: D | AB45: E | AC45: F | AD45: B | AE45: F
A46: 14 | C46: 8 | D46: 8 | E46: 8 | F46: 64 | G46: =SUM(B46:F46) -> 88 | I46: MU R16 | J46: WCS R16 | K46: Intrapod 3 | P46: 4 third | Q46: 2 down | T46: 8 | U46: Highest seeded non-finalist | X46: A | Y46: B | Z46: C | AA46: D | AB46: E | AC46: F | AD46: A | AE46: D
A47: 15 | C47: 4 | D47: 4 | E47: 4 | F47: 32 | G47: =SUM(B47:F47) -> 44 | I47: MU QF | J47: WCS QF | K47: CCC R1 | O47: 24>30 | Q47: 6 first | T47: 6 | U47: by World Rank (& Cup Champs) | X47: A | Y47: B | Z47: C | AA47: D | AB47: E | AC47: F
A48: 16 | C48: 4 | D48: 4 | E48: 4 | F48: 32 | G48: =SUM(B48:F48) -> 44 | I48: MU QF | J48: WCS QF | K48: CCC R2 | Q48: 6 second
A49: 17 | C49: 2 | D49: 2 | E49: 2 | F49: 32 | G49: =SUM(B49:F49) -> 38 | I49: MU SF | J49: WCS SF | K49: CCC QF | Q49: 2 third | T49: up to 16 | U49: Conference Semifinalists (not yet picked) | AA49: Conference Winner
A50: 18 | C50: 2 | D50: 2 | E50: 2 | F50: 16 | G50: =SUM(B50:F50) -> 22 | I50: MU SF | J50: WCS SF | K50: CCC SF | T50: 8 | U50: highest seeded quarterfinalist | AA50: Conference Runner-up
A51: 19 | C51: 1 | D51: 1 | E51: 1 | F51: 8 | G51: =SUM(B51:F51) -> 11 | I51: MU Final | J51: WCS Final | K51: CCC Final | T51: 8 | U51: highest seeded non-semifinalist | Z51: MRL | AA51: Highest seeded non-finalist
A52: 20 | C52: 1 | D52: 1 | E52: 1 | G52: =SUM(B52:F52) -> 3 | I52: MU Final | J52: WCS Final | T52: at least 6 | U52: by World Rank (& Cup Runners-up) | Z52: Phoenix
F53: 6 | G53: =SUM(B53:F53) -> 6 | Z53: UTL | AA53: Conference Semifinalist
F54: 16 | G54: =SUM(B54:F54) -> 16 | N54: at 1 | O54: at 2 | P54: at 3 | Q54: at 4 | R54: at 5 | S54: at 6 | AA54: Conference Semifinalist
F55: 16 | G55: =SUM(B55:F55) -> 16 | K55: 1v2 3v4 | L55: 5v6 | M55: 1 | O55: A | P55: I | Q55: C | R55: G | S55: E | AA55: highest seeded quarterfinalist
F56: 8 | G56: =SUM(B56:F56) -> 8 | K56: 5v1 3v2 | L56: 6v4 | M56: 2 | N56: F | P56: G | Q56: E | R56: C | S56: I | AA56: highest seeded non-semifinalist
F57: 2 | G57: =SUM(B57:F57) -> 2 | K57: 1v4 2v5 | L57: 3v6 | M57: 3 | N57: D | O57: B | Q57: A | R57: E | S57: C
F58: 3 | G58: =SUM(B58:F58) -> 3 | K58: 3v1 5v4 | L58: 6v2 | M58: 4 | N58: H | O58: J | P58: F | R58: I | S58: G
F59: 3 | G59: =SUM(B59:F59) -> 3 | K59: 2v4 3v5 | L59: 1v6 | M59: 5 | N59: B | O59: H | P59: J | Q59: D | S59: A
K60: 2v1 4v3 | L60: 6v5 | M60: 6 | N60: J | O60: D | P60: H | Q60: B | R60: F
K61: 1v5 2v3 | L61: 4v6
K62: 4v1 5v2 | L62: 6v3
K63: 1v3 4v5 | L63: 2v6
K64: 4v2 5v3 | L64: 6v1
L69: =29*2 -> 58 | M69: 6
D71: 4 | E71: 4 | F71: 4 | H71: 2 | J71: 1 | L71: 1 | M71: 1
D72: 9*16 | E72: 5*12 | F72: 1*8 | H72: 1*4 | J72: 1*2 | L72: 1*2
F74: 4 | G74: 4 | H74: 2 | I74: 2 | J74: 1 | K74: 1
F75: 9*16 | G75: 5*12 | H75: 5*8 | I75: 3*6 | J75: 3*4 | K75: 2*3

Sheet Sheet1
C2: Lumiose City | D2: 13 | E2: 9 | F2: =D2-E2 -> 4
C3: Resort Area | D3: 12 | E3: 8 | F3: =D3-E3 -> 4
C4: Ever Grande City | D4: 11 | E4: 7 | F4: =D4-E4 -> 4
C5: Kala'e Bay | D5: 11 | E5: 7 | F5: =D5-E5 -> 4
C6: Malie City | D6: 11 | E6: 7 | F6: =D6-E6 -> 4
C7: Cianwood City | D7: 10 | E7: 6 | F7: =D7-E7 -> 4
C8: Vermilion City | D8: 10 | E8: 6 | F8: =D8-E8 -> 4
C9: Postwick | D9: 10 | E9: 6 | F9: =D9-E9 -> 4
C10: Littleroot Town | D10: 9 | E10: 5 | F10: =D10-E10 -> 4
C11: Saffron City | D11: 6 | E11: 2 | F11: =D11-E11 -> 4
C12: Cinnabar Island | D12: 12 | E12: 9 | F12: =D12-E12 -> 3
C13: South Lakes | D13: 12 | E13: 9 | F13: =D13-E13 -> 3
... C113: Motostoke | D113: 1 | E113: 1 | F113: =D113-E113 -> 0

Sheet Season 3
A1: VLOOKUP(A2, Sheet7!$C$62:$F$173, 4, FALSE) | B1: START | C1: W1 | D1: W2 | E1: W3 | F1: W4 | G1: W5 | H1: W6 | I1: W7 | J1: W8 | K1: W9 | L1: W10 | M1: W11 | N1: W12 | O1: W13 | P1: W14 | Q1: W15 | R1: W16 | S1: W17 | T1: W18 | U1: W19 | V1: W20 | W1: W21 | X1: W22 | Y1: W23 | Z1: W24 | AA1: W25 | AB1: W26 | AC1: W27 | AD1: W28 | AE1: W29 | AF1: W30 | AG1: W31 | AH1: W32 | AI1: W33 | AJ1: W34 | AK1: W35 | AL1: W36 | AM1: W37 | AN1: W38 | AO1: W39 | AP1: W40 | AQ1: W41 | AR1: W42 | AS1: W43 | AT1: W44 | AU1: W45 | AV1: W46 | AW1: W47 | AX1: W48 | AY1: W49 | AZ1: W50 | BA1: W51 | BB1: W52 | BC1: W53 | BD1: W54 | BE1: W55 | BF1: W56 | BG1: W57 | BH1: W58 | BI1: W59 | BJ1: W60 | BK1: W61 | BL1: W62 | BM1: W63 | BN1: W64 | BO1: W65 | BP1: W66 | BQ1: W67 | BR1: W68 | BS1: W69 | BT1: W70 | BU1: W71 | BV1: W72 | BW1: W73 | BX1: W74 | BY1: W75 | BZ1: W76 | CA1: W77 | CB1: W78
A2: Resort Area | B2: 1782 | C2: 1796 | D2: 1814 | E2: 1834 | F2: 1846 | G2: 1846 | H2: 1846 | I2: 1855 | J2: 1855 | K2: 1870 | L2: 1889 | M2: 1907 | N2: 1920 | O2: 1901 | P2: 1915 | Q2: 1934 | R2: 1934 | S2: 1934 | T2: 1952 | U2: 1938 | V2: 1949 | W2: 1925 | X2: 1940 | Y2: 1956 | Z2: 1961 | AA2: 1961 | AB2: 1961 | AC2: 1982 | AD2: 1961 | AE2: 1972 | AF2: 1972 | AG2: 1972 | AH2: 1984 | AI2: 1959 | AJ2: 1972 | AK2: 1972 | AL2: 1972 | AM2: 1972 | AN2: 1972 | AO2: 1979 | AP2: 1979 | AQ2: 1979 | AR2: 1999 | AS2: 2013 | AT2: 2016 | AU2: 2034 | AV2: 2048 | AW2: 2048 | AX2: 2048 | AY2: 2061 | AZ2: 2075 | BA2: 2075 | BB2: 2075 | BC2: 2096 | BD2: 2114 | BE2: 2126 | BF2: 2126 | BG2: 2126 | BH2: 2126 | BI2: 2126 | BJ2: 2126 | BK2: 2126 | BL2: 2143 | BM2: 2107 | BN2: 2107 | BO2: 2107 | BP2: 2085 | BQ2: 2123 | BR2: 2123 | BS2: 2123 | BT2: 2101 | BU2: 2083 | BV2: 2065 | BW2: 2095 | BX2: 2127 | BY2: 2154 | BZ2: 2125 | CA2: 2158 | CB2: 2180 | CC2: 42
A3: Lumiose City | B3: 1906 | C3: 1918 | D3: 1928 | E3: 1941 | F3: 1953 | G3: 1953 | H3: 1953 | I3: 1962 | J3: 1962 | K3: 1962 | L3: 1969 | M3: 1969 | N3: 1969 | O3: 1979 | P3: 1990 | Q3: 1996 | R3: 2008 | S3: 1986 | T3: 1996 | U3: 2002 | V3: 2002 | W3: 2002 | X3: 2002 | Y3: 2002 | Z3: 2014 | AA3: 1993 | AB3: 2014 | AC3: 2029 | AD3: 2043 | AE3: 2052 | AF3: 2058 | AG3: 2064 | AH3: 2064 | AI3: 2064 | AJ3: 2070 | AK3: 2088 | AL3: 2106 | AM3: 2127 | AN3: 2105 | AO3: 2107 | AP3: 2119 | AQ3: 2088 | AR3: 2088 | AS3: 2088 | AT3: 2094 | AU3: 2117 | AV3: 2137 | AW3: 2109 | AX3: 2082 | AY3: 2056 | AZ3: 2075 | BA3: 2075 | BB3: 2075 | BC3: 2094 | BD3: 2094 | BE3: 2094 | BF3: 2094 | BG3: 2094 | BH3: 2094 | BI3: 2094 | BJ3: 2094 | BK3: 2094 | BL3: 2116 | BM3: 2139 | BN3: 2139 | BO3: 2139 | BP3: 2161 | BQ3: 2123 | BR3: 2143 | BS3: 2111 | BT3: 2141 | BU3: 2160 | BV3: 2178 | BW3: 2148 | BX3: 2148 | BY3: 2148 | BZ3: 2148 | CA3: 2148 | CB3: 2148 | CC3: 72
A4: Kala'e Bay | B4: 1849 | C4: 1833 | D4: 1852 | E4: 1871 | F4: 1881 | G4: 1881 | H4: 1881 | I4: 1893 | J4: 1893 | K4: 1893 | L4: 1906 | M4: 1906 | N4: 1906 | O4: 1919 | P4: 1894 | Q4: 1916 | R4: 1944 | S4: 1964 | T4: 1978 | U4: 1985 | V4: 1996 | W4: 2005 | X4: 2005 | Y4: 2005 | Z4: 2010 | AA4: 2021 | AB4: 2030 | AC4: 2043 | AD4: 2057 | AE4: 2063 | AF4: 2072 | AG4: 2082 | AH4: 2082 | AI4: 2082 | AJ4: 2086 | AK4: 2095 | AL4: 2107 | AM4: 2118 | AN4: 2131 | AO4: 2138 | AP4: 2142 | AQ4: 2146 | AR4: 2146 | AS4: 2146 | AT4: 2124 | AU4: 2101 | AV4: 2081 | AW4: 2100 | AX4: 2115 | AY4: 2115 | AZ4: 2115 | BA4: 2134 | BB4: 2108 | BC4: 2115 | BD4: 2095 | BE4: 2075 | BF4: 2075 | BG4: 2075 | BH4: 2075 | BI4: 2075 | BJ4: 2089 | BK4: 2104 | BL4: 2130 | BM4: 2102 | BN4: 2102 | BO4: 2102 | BP4: 2132 | BQ4: 2158 | BR4: 2158 | BS4: 2158 | BT4: 2180 | BU4: 2198 | BV4: 2198 | BW4: 2198 | BX4: 2166 | BY4: 2139 | BZ4: 2168 | CA4: 2135 | CB4: 2113 | CC4: 87
A5: South Lakes | B5: 1796 | C5: 1809 | D5: 1824 | E5: 1834 | F5: 1852 | G5: 1852 | H5: 1870 | I5: 1880 | J5: 1891 | K5: 1867 | L5: 1877 | M5: 1892 | N5: 1908 | O5: 1908 | P5: 1908 | Q5: 1890 | R5: 1890 | S5: 1890 | T5: 1890 | U5: 1902 | V5: 1924 | W5: 1904 | X5: 1904 | Y5: 1904 | Z5: 1913 | AA5: 1913 | AB5: 1913 | AC5: 1913 | AD5: 1913 | AE5: 1919 | AF5: 1941 | AG5: 1955 | AH5: 1955 | AI5: 1955 | AJ5: 1968 | AK5: 1968 | AL5: 1968 | AM5: 1968 | AN5: 1968 | AO5: 1979 | AP5: 1995 | AQ5: 2012 | AR5: 2012 | AS5: 2012 | AT5: 2020 | AU5: 2020 | AV5: 2020 | AW5: 2048 | AX5: 2075 | AY5: 2075 | AZ5: 2075 | BA5: 2056 | BB5: 2082 | BC5: 2096 | BD5: 2096 | BE5: 2096 | BF5: 2096 | BG5: 2096 | BH5: 2096 | BI5: 2096 | BJ5: 2096 | BK5: 2096 | BL5: 2070 | BM5: 2098 | BN5: 2115 | BO5: 2128 | BP5: 2092 | BQ5: 2060 | BR5: 2060 | BS5: 2060 | BT5: 2060 | BU5: 2060 | BV5: 2060 | BW5: 2060 | BX5: 2060 | BY5: 2060 | BZ5: 2060 | CA5: 2060 | CB5: 2060 | CC5: 107
A6: Cinnabar Island | B6: 1888 | C6: 1904 | D6: 1920 | E6: 1934 | F6: 1940 | G6: 1940 | H6: 1940 | I6: 1949 | J6: 1949 | K6: 1949 | L6: 1955 | M6: 1955 | N6: 1955 | O6: 1971 | P6: 1986 | Q6: 1970 | R6: 1951 | S6: 1969 | T6: 1981 | U6: 1994 | V6: 1994 | W6: 1994 | X6: 1994 | Y6: 1994 | Z6: 2005 | AA6: 2013 | AB6: 2020 | AC6: 1991 | AD6: 2010 | AE6: 2017 | AF6: 2028 | AG6: 2035 | AH6: 2035 | AI6: 2035 | AJ6: 2044 | AK6: 2026 | AL6: 2008 | AM6: 2032 | AN6: 2005 | AO6: 2013 | AP6: 2038 | AQ6: 2053 | AR6: 2053 | AS6: 2053 | AT6: 2064 | AU6: 2064 | AV6: 2064 | AW6: 2091 | AX6: 2108 | AY6: 2108 | AZ6: 2108 | BA6: 2121 | BB6: 2090 | BC6: 2109 | BD6: 2129 | BE6: 2149 | BF6: 2149 | BG6: 2149 | BH6: 2149 | BI6: 2149 | BJ6: 2149 | BK6: 2149 | BL6: 2167 | BM6: 2188 | BN6: 2188 | BO6: 2188 | BP6: 2158 | BQ6: 2132 | BR6: 2144 | BS6: 2106 | BT6: 2076 | BU6: 2057 | BV6: 2057 | BW6: 2057 | BX6: 2057 | BY6: 2057 | BZ6: 2057 | CA6: 2057 | CB6: 2057 | CC6: 13
A7: Virbank City | B7: 1782 | C7: 1799 | D7: 1788 | E7: 1780 | F7: 1794 | G7: 1794 | H7: 1794 | I7: 1812 | J7: 1812 | K7: 1812 | L7: 1821 | M7: 1821 | N7: 1821 | O7: 1849 | P7: 1833 | Q7: 1848 | R7: 1864 | S7: 1875 | T7: 1898 | U7: 1906 | V7: 1906 | W7: 1906 | X7: 1906 | Y7: 1906 | Z7: 1915 | AA7: 1926 | AB7: 1937 | AC7: 1952 | AD7: 1923 | AE7: 1931 | AF7: 1945 | AG7: 1921 | AH7: 1921 | AI7: 1921 | AJ7: 1926 | AK7: 1941 | AL7: 1956 | AM7: 1986 | AN7: 2012 | AO7: 2024 | AP7: 2041 | AQ7: 2008 | AR7: 2008 | AS7: 2008 | AT7: 2013 | AU7: 1993 | AV7: 2020 | AW7: 2020 | AX7: 2020 | AY7: 2046 | AZ7: 2027 | BA7: 2027 | BB7: 2027 | BC7: 2006 | BD7: 1985 | BE7: 1970 | BF7: 1970 | BG7: 1970 | BH7: 1970 | BI7: 1970 | BJ7: 1989 | BK7: 2006 | BL7: 1988 | BM7: 1967 | BN7: 2003 | BO7: 1977 | BP7: 2013 | BQ7: 2045 | BR7: 2025 | BS7: 2057 | BT7: 2057 | BU7: 2057 | BV7: 2057 | BW7: 2057 | BX7: 2057 | BY7: 2057 | BZ7: 2057 | CA7: 2057 | CB7: 2057 | CC7: 56
A8: Veilstone City | B8: 1835 | C8: 1845 | D8: 1854 | E8: 1839 | F8: 1856 | G8: 1856 | H8: 1856 | I8: 1869 | J8: 1869 | K8: 1883 | L8: 1894 | M8: 1908 | N8: 1919 | O8: 1934 | P8: 1947 | Q8: 1928 | R8: 1928 | S8: 1928 | T8: 1940 | U8: 1945 | V8: 1955 | W8: 1962 | X8: 1972 | Y8: 1983 | Z8: 1994 | AA8: 1994 | AB8: 1994 | AC8: 1973 | AD8: 1994 | AE8: 1999 | AF8: 2016 | AG8: 2032 | AH8: 2042 | AI8: 2014 | AJ8: 2021 | AK8: 2021 | AL8: 2021 | AM8: 2044 | AN8: 2061 | AO8: 2067 | AP8: 2044 | AQ8: 2021 | AR8: 2029 | AS8: 2039 | AT8: 2044 | AU8: 2057 | AV8: 2071 | AW8: 2071 | AX8: 2071 | AY8: 2040 | AZ8: 2017 | BA8: 2017 | BB8: 2017 | BC8: 1996 | BD8: 1996 | BE8: 1996 | BF8: 1996 | BG8: 1996 | BH8: 1996 | BI8: 1996 | BJ8: 1974 | BK8: 2004 | BL8: 1987 | BM8: 2023 | BN8: 2036 | BO8: 2000 | BP8: 2000 | BQ8: 2000 | BR8: 2000 | BS8: 2000 | BT8: 2000 | BU8: 2000 | BV8: 2000 | BW8: 2000 | BX8: 2000 | BY8: 2000 | BZ8: 2000 | CA8: 2000 | CB8: 2000 | CC8: 44
A9: Vaniville Town | B9: 1977 | C9: 1989 | D9: 1998 | E9: 1979 | F9: 1987 | G9: 1987 | H9: 1987 | I9: 2002 | J9: 2002 | K9: 2002 | L9: 1983 | M9: 1983 | N9: 1983 | O9: 1992 | P9: 2001 | Q9: 2007 | R9: 2016 | S9: 2025 | T9: 2034 | U9: 2041 | V9: 2048 | W9: 2053 | X9: 2053 | Y9: 2053 | Z9: 2058 | AA9: 2067 | AB9: 2042 | AC9: 2048 | AD9: 2055 | AE9: 2061 | AF9: 2040 | AG9: 2059 | AH9: 2059 | AI9: 2059 | AJ9: 2065 | AK9: 2080 | AL9: 2096 | AM9: 2075 | AN9: 2097 | AO9: 2101 | AP9: 2109 | AQ9: 2119 | AR9: 2119 | AS9: 2119 | AT9: 2095 | AU9: 2065 | AV9: 2081 | AW9: 2054 | AX9: 2037 | AY9: 2013 | AZ9: 2037 | BA9: 2037 | BB9: 2037 | BC9: 2018 | BD9: 2018 | BE9: 2018 | BF9: 2018 | BG9: 2018 | BH9: 2018 | BI9: 2018 | BJ9: 2040 | BK9: 2010 | BL9: 2010 | BM9: 2010 | BN9: 1974 | BO9: 2000 | BP9: 2000 | BQ9: 2000 | BR9: 2000 | BS9: 2000 | BT9: 2000 | BU9: 2000 | BV9: 2000 | BW9: 2000 | BX9: 2000 | BY9: 2000 | BZ9: 2000 | CA9: 2000 | CB9: 2000 | CC9: 80
A10: Castelia City | B10: 1928 | C10: 1936 | D10: 1942 | E10: 1948 | F10: 1956 | G10: 1956 | H10: 1956 | I10: 1930 | J10: 1930 | K10: 1930 | L10: 1914 | M10: 1914 | N10: 1914 | O10: 1926 | P10: 1936 | Q10: 1943 | R10: 1925 | S10: 1939 | T10: 1958 | U10: 1965 | V10: 1965 | W10: 1965 | X10: 1965 | Y10: 1965 | Z10: 1976 | AA10: 1984 | AB10: 1994 | AC10: 1976 | AD10: 1955 | AE10: 1967 | AF10: 1978 | AG10: 1987 | AH10: 1987 | AI10: 1987 | AJ10: 1995 | AK10: 1973 | AL10: 2000 | AM10: 2000 | AN10: 2000 | AO10: 1988 | AP10: 1963 | AQ10: 1948 | AR10: 1948 | AS10: 1948 | AT10: 1956 | AU10: 1989 | AV10: 2014 | AW10: 2014 | AX10: 2014 | AY10: 2038 | AZ10: 2014 | BA10: 2014 | BB10: 2014 | BC10: 2035 | BD10: 2056 | BE10: 2071 | BF10: 2071 | BG10: 2071 | BH10: 2071 | BI10: 2071 | BJ10: 2039 | BK10: 2059 | BL10: 2037 | BM10: 2014 | BN10: 2028 | BO10: 1982 | BP10: 1982 | BQ10: 1982 | BR10: 1982 | BS10: 1982 | BT10: 1982 | BU10: 1982 | BV10: 1982 | BW10: 1982 | BX10: 1982 | BY10: 1982 | BZ10: 1982 | CA10: 1982 | CB10: 1982 | CC10: 58
A11: Cianwood City | B11: 1810 | C11: 1822 | D11: 1835 | E11: 1849 | F11: 1833 | G11: 1833 | H11: 1833 | I11: 1845 | J11: 1858 | K11: 1858 | L11: 1867 | M11: 1878 | N11: 1889 | O11: 1914 | P11: 1927 | Q11: 1934 | R11: 1943 | S11: 1951 | T11: 1968 | U11: 1945 | V11: 1957 | W11: 1930 | X11: 1930 | Y11: 1930 | Z11: 1943 | AA11: 1964 | AB11: 1943 | AC11: 1957 | AD11: 1971 | AE11: 1981 | AF11: 1981 | AG11: 1981 | AH11: 1981 | AI11: 1981 | AJ11: 1992 | AK11: 1971 | AL11: 1995 | AM11: 1971 | AN11: 1998 | AO11: 2008 | AP11: 2008 | AQ11: 2008 | AR11: 2008 | AS11: 2008 | AT11: 1993 | AU11: 1993 | AV11: 1993 | AW11: 1993 | AX11: 1993 | AY11: 1993 | AZ11: 1993 | BA11: 1993 | BB11: 1993 | BC11: 1993 | BD11: 1993 | BE11: 1993 | BF11: 2012 | BG11: 1982 | BH11: 1982 | BI11: 1982 | BJ11: 1982 | BK11: 1982 | BL11: 1982 | BM11: 1982 | BN11: 1982 | BO11: 1982 | BP11: 1982 | BQ11: 1982 | BR11: 1982 | BS11: 1982 | BT11: 1982 | BU11: 1982 | BV11: 1982 | BW11: 1982 | BX11: 1982 | BY11: 1982 | BZ11: 1982 | CA11: 1982 | CB11: 1982 | CC11: 1
A12: Humilau City | B12: 1908 | C12: 1889 | D12: 1898 | E12: 1909 | F12: 1920 | G12: 1920 | H12: 1920 | I12: 1928 | J12: 1928 | K12: 1938 | L12: 1945 | M12: 1945 | N12: 1945 | O12: 1957 | P12: 1968 | Q12: 1975 | R12: 1994 | S12: 1977 | T12: 1986 | U12: 1992 | V12: 2000 | W12: 2008 | X12: 2008 | Y12: 2008 | Z12: 1991 | AA12: 1999 | AB12: 2006 | AC12: 2024 | AD12: 2045 | AE12: 2026 | AF12: 2033 | AG12: 2040 | AH12: 2040 | AI12: 2040 | AJ12: 2045 | AK12: 2055 | AL12: 2064 | AM12: 2034 | AN12: 2008 | AO12: 1988 | AP12: 2011 | AQ12: 2034 | AR12: 2034 | AS12: 2034 | AT12: 2012 | AU12: 2032 | AV12: 2005 | AW12: 1986 | AX12: 1971 | AY12: 1971 | AZ12: 1971 | BA12: 1971 | BB12: 1971 | BC12: 1971 | BD12: 1971 | BE12: 1971 | BF12: 1971 | BG12: 1971 | BH12: 1971 | BI12: 1971 | BJ12: 1971 | BK12: 1971 | BL12: 1971 | BM12: 1971 | BN12: 1971 | BO12: 1971 | BP12: 1971 | BQ12: 1971 | BR12: 1971 | BS12: 1971 | BT12: 1971 | BU12: 1971 | BV12: 1971 | BW12: 1971 | BX12: 1971 | BY12: 1971 | BZ12: 1971 | CA12: 1971 | CB12: 1971 | CC12: 61
A13: Rustboro City | B13: 1940 | C13: 1949 | D13: 1931 | E13: 1913 | F13: 1895 | G13: 1895 | H13: 1895 | I13: 1907 | J13: 1907 | K13: 1907 | L13: 1917 | M13: 1917 | N13: 1917 | O13: 1926 | P13: 1936 | Q13: 1914 | R13: 1933 | S13: 1915 | T13: 1930 | U13: 1942 | V13: 1942 | W13: 1942 | X13: 1942 | Y13: 1942 | Z13: 1930 | AA13: 1945 | AB13: 1957 | AC13: 1975 | AD13: 1987 | AE13: 1999 | AF13: 2020 | AG13: 2001 | AH13: 2001 | AI13: 2001 | AJ13: 2007 | AK13: 2028 | AL13: 2004 | AM13: 2024 | AN13: 2041 | AO13: 2018 | AP13: 2018 | AQ13: 2018 | AR13: 2018 | AS13: 2018 | AT13: 2022 | AU13: 1989 | AV13: 1964 | AW13: 1964 | AX13: 1964 | AY13: 1964 | AZ13: 1964 | BA13: 1964 | BB13: 1964 | BC13: 1964 | BD13: 1964 | BE13: 1964 | BF13: 1964 | BG13: 1964 | BH13: 1964 | BI13: 1964 | BJ13: 1964 | BK13: 1964 | BL13: 1964 | BM13: 1964 | BN13: 1964 | BO13: 1964 | BP13: 1964 | BQ13: 1964 | BR13: 1964 | BS13: 1964 | BT13: 1964 | BU13: 1964 | BV13: 1964 | BW13: 1964 | BX13: 1964 | BY13: 1964 | BZ13: 1964 | CA13: 1964 | CB13: 1964 | CC13: 23
... A113: Isle of Armor | B113: 1807 | C113: 1791 | D113: 1779 | E113: 1760 | F113: 1771 | G113: 1771 | H113: 1771 | I113: 1757 | J113: 1757 | K113: 1757 | L113: 1741 | M113: 1741 | N113: 1741 | O113: 1724 | P113: 1749 | Q113: 1734 | R113: 1717 | S113: 1705 | T113: 1688 | U113: 1679 | V113: 1661 | W113: 1650 | X113: 1650 | Y113: 1650 | Z113: 1641 | AA113: 1631 | AB113: 1619 | AC113: 1619 | AD113: 1619 | AE113: 1607 | AF113: 1607 | AG113: 1607 | AH113: 1607 | AI113: 1607 | AJ113: 1602 | AK113: 1602 | AL113: 1602 | AM113: 1602 | AN113: 1602 | AO113: 1595 | AP113: 1595 | AQ113: 1595 | AR113: 1595 | AS113: 1595 | AT113: 1608 | AU113: 1608 | AV113: 1608 | AW113: 1608 | AX113: 1608 | AY113: 1608 | AZ113: 1608 | BA113: 1608 | BB113: 1608 | BC113: 1608 | BD113: 1608 | BE113: 1608 | BF113: 1608 | BG113: 1608 | BH113: 1608 | BI113: 1608 | BJ113: 1608 | BK113: 1608 | BL113: 1608 | BM113: 1608 | BN113: 1608 | BO113: 1608 | BP113: 1608 | BQ113: 1608 | BR113: 1608 | BS113: 1608 | BT113: 1608 | BU113: 1608 | BV113: 1608 | BW113: 1608 | BX113: 1608 | BY113: 1608 | BZ113: 1608 | CA113: 1608 | CB113: 1608 | CC113: 110

Sheet Sheet7
I1: 48 | J1: 78 | K1: OLD ELO | L1: OLD ELO | N1: 24=Regular // 32=WCS Rounds 1-5, MRL/UTL Group, CCC R1+R2 // 40=WCS/MRL/UTL Last 16, CCC Last 8 // 48=Playoffs
C2: Resort Area | D2: 17 | E2: 15 | F2: Kala'e Bay | H2: =D2-E2 -> 2 | I2: =$I$1+H2-4 -> 46 | K2: =VLOOKUP(C2, 'Season 3'!$A$2:$CH$113, $J$1+1, FALSE) -> 2158 | L2: =VLOOKUP(F2, 'Season 3'!$A$2:$CH$113, $J$1+1, FALSE) -> 2135 | N2: =1/(10^(-(K2-L2)/400)+1) -> 0.53305139 | O2: =1-N2 -> 0.46694861 | Q2: =ROUNDUP(I2*(1-N2),0) -> 22 | S2: =K2+Q2 -> 2180 | T2: =L2-Q2 -> 2113
H3: =D3-E3 -> 0 | I3: =$I$1+H3-4 -> 44 | K3: =VLOOKUP(C3, 'Season 3'!$A$2:$CH$113, $J$1+1, FALSE) -> #N/A | L3: =VLOOKUP(F3, 'Season 3'!$A$2:$CH$113, $J$1+1, FALSE) -> #N/A | N3: =1/(10^(-(K3-L3)/400)+1) -> #N/A | O3: =1-N3 -> #N/A | Q3: =ROUNDUP(I3*(1-N3),0) -> #N/A | S3: =K3+Q3 -> #N/A | T3: =L3-Q3 -> #N/A
H4: =D4-E4 -> 0 | I4: =$I$1+H4-4 -> 44 | K4: =VLOOKUP(C4, 'Season 3'!$A$2:$CH$113, $J$1+1, FALSE) -> #N/A | L4: =VLOOKUP(F4, 'Season 3'!$A$2:$CH$113, $J$1+1, FALSE) -> #N/A | N4: =1/(10^(-(K4-L4)/400)+1) -> #N/A | O4: =1-N4 -> #N/A | Q4: =ROUNDUP(I4*(1-N4),0) -> #N/A | S4: =K4+Q4 -> #N/A | T4: =L4-Q4 -> #N/A
H5: =D5-E5 -> 0 | I5: =$I$1+H5-4 -> 44 | K5: =VLOOKUP(C5, 'Season 3'!$A$2:$CH$113, $J$1+1, FALSE) -> #N/A | L5: =VLOOKUP(F5, 'Season 3'!$A$2:$CH$113, $J$1+1, FALSE) -> #N/A | N5: =1/(10^(-(K5-L5)/400)+1) -> #N/A | O5: =1-N5 -> #N/A | Q5: =ROUNDUP(I5*(1-N5),0) -> #N/A | S5: =K5+Q5 -> #N/A | T5: =L5-Q5 -> #N/A
H6: =D6-E6 -> 0 | I6: =$I$1+H6-4 -> 44 | K6: =VLOOKUP(C6, 'Season 3'!$A$2:$CH$113, $J$1+1, FALSE) -> #N/A | L6: =VLOOKUP(F6, 'Season 3'!$A$2:$CH$113, $J$1+1, FALSE) -> #N/A | N6: =1/(10^(-(K6-L6)/400)+1) -> #N/A | O6: =1-N6 -> #N/A | Q6: =ROUNDUP(I6*(1-N6),0) -> #N/A | S6: =K6+Q6 -> #N/A | T6: =L6-Q6 -> #N/A
H7: =D7-E7 -> 0 | I7: =$I$1+H7-4 -> 44 | K7: =VLOOKUP(C7, 'Season 3'!$A$2:$CH$113, $J$1+1, FALSE) -> #N/A | L7: =VLOOKUP(F7, 'Season 3'!$A$2:$CH$113, $J$1+1, FALSE) -> #N/A | N7: =1/(10^(-(K7-L7)/400)+1) -> #N/A | O7: =1-N7 -> #N/A | Q7: =ROUNDUP(I7*(1-N7),0) -> #N/A | S7: =K7+Q7 -> #N/A | T7: =L7-Q7 -> #N/A
H8: =D8-E8 -> 0 | I8: =$I$1+H8-4 -> 44 | K8: =VLOOKUP(C8, 'Season 3'!$A$2:$CH$113, $J$1+1, FALSE) -> #N/A | L8: =VLOOKUP(F8, 'Season 3'!$A$2:$CH$113, $J$1+1, FALSE) -> #N/A | N8: =1/(10^(-(K8-L8)/400)+1) -> #N/A | O8: =1-N8 -> #N/A | Q8: =ROUNDUP(I8*(1-N8),0) -> #N/A | S8: =K8+Q8 -> #N/A | T8: =L8-Q8 -> #N/A
H9: =D9-E9 -> 0 | I9: =$I$1+H9-4 -> 44 | K9: =VLOOKUP(C9, 'Season 3'!$A$2:$CH$113, $J$1+1, FALSE) -> #N/A | L9: =VLOOKUP(F9, 'Season 3'!$A$2:$CH$113, $J$1+1, FALSE) -> #N/A | N9: =1/(10^(-(K9-L9)/400)+1) -> #N/A | O9: =1-N9 -> #N/A | Q9: =ROUNDUP(I9*(1-N9),0) -> #N/A | S9: =K9+Q9 -> #N/A | T9: =L9-Q9 -> #N/A
H10: =D10-E10 -> 0 | I10: =$I$1+H10-4 -> 44 | K10: =VLOOKUP(C10, 'Season 3'!$A$2:$CH$113, $J$1+1, FALSE) -> #N/A | L10: =VLOOKUP(F10, 'Season 3'!$A$2:$CH$113, $J$1+1, FALSE) -> #N/A | N10: =1/(10^(-(K10-L10)/400)+1) -> #N/A | O10: =1-N10 -> #N/A | Q10: =ROUNDUP(I10*(1-N10),0) -> #N/A | S10: =K10+Q10 -> #N/A | T10: =L10-Q10 -> #N/A
H11: =D11-E11 -> 0 | I11: =$I$1+H11-4 -> 44 | K11: =VLOOKUP(C11, 'Season 3'!$A$2:$CH$113, $J$1+1, FALSE) -> #N/A | L11: =VLOOKUP(F11, 'Season 3'!$A$2:$CH$113, $J$1+1, FALSE) -> #N/A | N11: =1/(10^(-(K11-L11)/400)+1) -> #N/A | O11: =1-N11 -> #N/A | Q11: =ROUNDUP(I11*(1-N11),0) -> #N/A | S11: =K11+Q11 -> #N/A | T11: =L11-Q11 -> #N/A
H12: =D12-E12 -> 0 | I12: =$I$1+H12-4 -> 44 | K12: =VLOOKUP(C12, 'Season 3'!$A$2:$CH$113, $J$1+1, FALSE) -> #N/A | L12: =VLOOKUP(F12, 'Season 3'!$A$2:$CH$113, $J$1+1, FALSE) -> #N/A | N12: =1/(10^(-(K12-L12)/400)+1) -> #N/A | O12: =1-N12 -> #N/A | Q12: =ROUNDUP(I12*(1-N12),0) -> #N/A | S12: =K12+Q12 -> #N/A | T12: =L12-Q12 -> #N/A
H13: =D13-E13 -> 0 | I13: =$I$1+H13-4 -> 44 | K13: =VLOOKUP(C13, 'Season 3'!$A$2:$CH$113, $J$1+1, FALSE) -> #N/A | L13: =VLOOKUP(F13, 'Season 3'!$A$2:$CH$113, $J$1+1, FALSE) -> #N/A | N13: =1/(10^(-(K13-L13)/400)+1) -> #N/A | O13: =1-N13 -> #N/A | Q13: =ROUNDUP(I13*(1-N13),0) -> #N/A | S13: =K13+Q13 -> #N/A | T13: =L13-Q13 -> #N/A
H14: =D14-E14 -> 0 | I14: =$I$1+H14-4 -> 44 | K14: =VLOOKUP(C14, 'Season 3'!$A$2:$CH$113, $J$1+1, FALSE) -> #N/A | L14: =VLOOKUP(F14, 'Season 3'!$A$2:$CH$113, $J$1+1, FALSE) -> #N/A | N14: =1/(10^(-(K14-L14)/400)+1) -> #N/A | O14: =1-N14 -> #N/A | Q14: =ROUNDUP(I14*(1-N14),0) -> #N/A | S14: =K14+Q14 -> #N/A | T14: =L14-Q14 -> #N/A
... H57: =D57-E57 -> 0 | I57: =$I$1+H57-4 -> 44 | K57: =VLOOKUP(C57, 'Season 3'!$A$2:$CH$113, $J$1+1, FALSE) -> #N/A | L57: =VLOOKUP(F57, 'Season 3'!$A$2:$CH$113, $J$1+1, FALSE) -> #N/A | N57: =1/(10^(-(K57-L57)/400)+1) -> #N/A | O57: =1-N57 -> #N/A | Q57: =ROUNDUP(I57*(1-N57),0) -> #N/A | S57: =K57+Q57 -> #N/A | T57: =L57-Q57 -> #N/A
C62: =C2 -> Resort Area | F62: =S2 -> 2180
C63: =C3 -> 0 | F63: =S3 -> #N/A
C64: =C4 -> 0 | F64: =S4 -> #N/A
C65: =C5 -> 0 | F65: =S5 -> #N/A
C66: =C6 -> 0 | F66: =S6 -> #N/A
C67: =C7 -> 0 | F67: =S7 -> #N/A
C68: =C8 -> 0 | F68: =S8 -> #N/A
C69: =C9 -> 0 | F69: =S9 -> #N/A
C70: =C10 -> 0 | F70: =S10 -> #N/A
C71: =C11 -> 0 | F71: =S11 -> #N/A
C72: =C12 -> 0 | F72: =S12 -> #N/A
C73: =C13 -> 0 | F73: =S13 -> #N/A
... C117: =C57 -> 0 | F117: =S57 -> #N/A
C118: =F2 -> Kala'e Bay | F118: =T2 -> 2113
C119: =F3 -> 0 | F119: =T3 -> #N/A
C120: =F4 -> 0 | F120: =T4 -> #N/A
C121: =F5 -> 0 | F121: =T5 -> #N/A
C122: =F6 -> 0 | F122: =T6 -> #N/A
C123: =F7 -> 0 | F123: =T7 -> #N/A
C124: =F8 -> 0 | F124: =T8 -> #N/A
C125: =F9 -> 0 | F125: =T9 -> #N/A
C126: =F10 -> 0 | F126: =T10 -> #N/A
C127: =F11 -> 0 | F127: =T11 -> #N/A
C128: =F12 -> 0 | F128: =T12 -> #N/A
C129: =F13 -> 0 | F129: =T13 -> #N/A
... C173: =F57 -> 0 | F173: =T57 -> #N/A

Sheet Archive
D1: =IF([1]ScoreboardNCAA!J18>=0, [1]ScoreboardNCAA!J17, [1]ScoreboardNCAA!L17) -> -1934.2704 | E1: =[1]ScoreboardNCAA!J1 -> 1314.7271 | F1: =IF(H1=[1]ScoreboardNCAA!B2, "A", "H") -> H | G1: =IF([1]ScoreboardNCAA!J18>=0, [1]ScoreboardNCAA!I4, [1]ScoreboardNCAA!M4) -> 1 | H1: =IF([1]ScoreboardNCAA!J18>=0, [1]ScoreboardNCAA!B2,[1]ScoreboardNCAA!N2) -> Cinnabar Island | I1: =MAX([1]ScoreboardNCAA!F6, [1]ScoreboardNCAA!N6) -> 4 | J1: =MIN([1]ScoreboardNCAA!F6, [1]ScoreboardNCAA!N6) -> 0 | K1: =IF([1]ScoreboardNCAA!J18<0, [1]ScoreboardNCAA!B2,[1]ScoreboardNCAA!N2) -> Resort Area | L1: =IF([1]ScoreboardNCAA!J18<0, [1]ScoreboardNCAA!I4, [1]ScoreboardNCAA!M4) -> 3 | M1: =IF([1]ScoreboardNCAA!J18>=0,CONCATENATE("[",COUNTA([1]ScoreboardNCAA!B6:E11),"-",COUNTA([1]ScoreboardNCAA!Q6:T11),"]"),CONCATENATE("[",COUNTA([1]ScoreboardNCAA!Q6:T11),"-",COUNTA([1]ScoreboardNCAA!B6:E11),"]")) -> [2-0] | N1: =IF([1]ScoreboardNCAA!J18>=0,CONCATENATE("{", ROUND([1]ScoreboardNCAA!J4, 3), "-", ROUND([1]ScoreboardNCAA!L4, 3), "}"),CONCATENATE("{", ROUND([1]ScoreboardNCAA!L4, 3), "-", ROUND([1]ScoreboardNCAA!J4, 3), "}")) -> {110.656-0} | O1: =IF(OR(MID(N1, 5, 1)=".", MID(N1, 6, 1)="."), "MAX", "") -> MAX | P1: CONCATENATE(G, " leads ", H, "-", I)
A2: D1 5/8 | B2: W1 | C2: Matchday One | D2: 3.487 | E2: 12.241429 | G2: 79 | H2: Couriway Town | I2: 11 | J2: 9 | K2: Dendemille Town | L2: 112 | M2: [6-9] | N2: {13.2-9.2} | P2: Season Start - 5/8/2020 | Q2: =ABS(D2) -> 3.487
D3: 1.077 | E3: 8.6057143 | G3: 93 | H3: Petalburg City | I3: 14 | J3: 11 | K3: Littleroot Town | L3: 110 | M3: [8-6] | N3: {18.3-12.8} | Q3: =ABS(D3) -> 1.077
D4: -2.006 | E4: 13.04 | G4: 109 | H4: Sootopolis City | I4: 15 | J4: 11 | K4: Pacifidlog Town | L4: 89 | M4: [10-7] | N4: {26.7-3.3} | Q4: =ABS(D4) -> 2.006
D5: 4.059 | E5: 36.431071 | G5: 43 | H5: Floaroma City | I5: 20 | J5: 15 | K5: Snowpoint City | L5: 108 | M5: [10-7] | N5: {41.9-14.2} | Q5: =ABS(D5) -> 4.059
D6: 2.158 | E6: 34.369286 | G6: 55 | H6: Nacrene City | I6: 22 | J6: 16 | K6: Accumula Town | L6: 107 | M6: [11-8] | N6: {22.5-19.5} | P6: OT - 16[8-8] | Q6: =ABS(D6) -> 2.158
D7: -0.16 | E7: 6.8107143 | G7: 103 | H7: Ever Grande City | I7: 16 | J7: 15 | K7: Mossdeep City | L7: 106 | M7: [9-7] | N7: {23.8-11.2} | Q7: =ABS(D7) -> 0.16
D8: 3.919 | E8: 40.147143 | G8: 37 | H8: Olivine City | I8: 19 | J8: 18 | K8: Ecruteak City | L8: 105 | M8: [7-9] | N8: {18.7-17.4} | Q8: =ABS(D8) -> 3.919
D9: -2.918 | E9: 37.798571 | G9: 104 | H9: Ultra Megalopolis | I9: 15 | J9: 13 | K9: Hau'oli City | L9: 56 | M9: [8-7] | N9: {37.4-7.7} | Q9: =ABS(D9) -> 2.918
D10: 4.825 | E10: 55.839286 | G10: 12 | H10: Seafolk Village | I10: 19 | J10: 14 | K10: Vast Poni Canyon | L10: 102 | M10: [5-9] | N10: {29.9-25.5} | Q10: =ABS(D10) -> 4.825
D11: -2.123 | E11: 29.195 | G11: 99 | H11: Hammerlocke | I11: 16 | J11: 10 | K11: Circhester Bay | L11: 63 | M11: [9-4] | N11: {39.5-4.6} | P11: Dynamax Conference debut | Q11: =ABS(D11) -> 2.123
D12: 4.53 | E12: 55.335714 | G12: 18 | H12: Postwick | I12: 12 | J12: 10 | K12: Crown Tundra | L12: 98 | M12: [6-5] | N12: {12.9-12.2} | Q12: =ABS(D12) -> 4.53
A13: D2 5/9 | D13: -0.499 | E13: 23.124286 | G13: 97 | H13: Ambrette Town | I13: 16 | J13: 14 | K13: Shalour City | L13: 76 | M13: [9-10] | N13: {51.3-1.6} | P13: Ambrette: 3pt# @ 60:20 | Q13: =ABS(D13) -> 0.499
D14: 1.834 | E14: 41.636429 | G14: 46 | H14: Resort Area | I14: 24 | J14: 12 | K14: Sunyshore City | L14: 96 | M14: [9-8] | N14: {80.3-4.9} | P14: Resort: 22(20) pts In 1st | Q14: =ABS(D14) -> 1.834
D15: 3.077 | E15: 42.7575 | G15: 42 | H15: Veilstone City | I15: 14 | J15: 10 | K15: Fight Area | L15: 95 | M15: [7-6] | N15: {15.5-12.7} | Q15: =ABS(D15) -> 3.077
D16: 4.556 | E16: 58.531429 | G16: 15 | H16: Twinleaf Town | I16: 21 | J16: 15 | K16: Canalave City | L16: 92 | M16: [7-10] | N16: {41.8-17.0} | Q16: =ABS(D16) -> 4.556
D17: 2.452 | E17: 50.436071 | G17: 28 | H17: Hulbury | I17: 20 | J17: 11 | K17: Motostoke | L17: 91 | M17: [11-5] | N17: {52.9-15.7} | Q17: =ABS(D17) -> 2.452
D18: -4.019 | E18: 63.942143 | G18: 90 | H18: Opelucid City | I18: 16 | J18: 12 | K18: Humilau City | L18: 19 | M18: [11-6] | N18: {38.1-3.1} | Q18: =ABS(D18) -> 4.019
D19: -1.281 | E19: 29.932857 | G19: 87 | H19: Fuchsia City | I19: 18 | J19: 16 | K19: Pewter City | L19: 72 | M19: [11-8] | N19: {36.0-17.1} | Q19: =ABS(D19) -> 1.281
D20: -1.288 | E20: 47.080714 | G20: 86 | H20: Tapu Village | I20: 18 | J20: 15 | K20: Mount Hokulani | L20: 48 | M20: [10-9] | N20: {43.3-9.9} | P20: Tapu: 4pt @ 59:30 | Q20: =ABS(D20) -> 1.288
D21: -2.337 | E21: 49.838929 | G21: 85 | H21: Aquacorde Town | I21: 20 | J21: 12 | K21: Kiloude City | L21: 44 | M21: [12-5] | N21: {79.3-3.7} | Q21: =ABS(D21) -> 2.337
D22: 3.323 | E22: 59.055 | G22: 24 | H22: Wyndon South | I22: 17 | J22: 14 | K22: Ballonlea | L22: 84 | M22: [8-8] | N22: {13.8-24.7} | O22: INVT | Q22: =ABS(D22) -> 3.323
D23: -1.658 | E23: 54.577143 | G23: 83 | H23: Icirrus City | I23: 13 | J23: 9 | K23: Nimbasa City | L23: 33 | M23: [7-5] | N23: {43.4-7.6} | Q23: =ABS(D23) -> 1.658
D24: 1.943 | E24: 46.781786 | G24: 47 | H24: Laverre City | I24: 16 | J24: 0 | K24: Camphrier Town | L24: 82 | M24: [11-0] | N24: {565.499-0} | O24: MAX | P24: FIRST EVER SHUTOUT, D-Score Record | Q24: =ABS(D24) -> 1.943
D25: 1.39 | E25: 51.998214 | G25: 36 | H25: Anville Town | I25: 15 | J25: 13 | K25: Floccesy Town | L25: 81 | M25: [9-7] | N25: {26.2-15.8} | Q25: =ABS(D25) -> 1.39
A26: D3 5/10 | D26: -1.551 | E26: 55.304286 | G26: 80 | H26: Mauville City | I26: 21 | J26: 15 | K26: Lilycove City | L26: 34 | M26: [12-8] | N26: {62.3-8.9} | Q26: =ABS(D26) -> 1.551
D27: -0.059 | E27: 34.863571 | G27: 68 | H27: Anistar City | I27: 14 | J27: 13 | K27: Snowbelle City | L27: 78 | M27: [9-8] | N27: {24.0-11.5} | Q27: =ABS(D27) -> 0.059
D28: -2.18 | E28: 55.351786 | G28: 77 | H28: Mistralton City | I28: 16 | J28: 14 | K28: Aspertia City | L28: 38 | M28: [9-7] | N28: {31.9-4.9} | Q28: =ABS(D28) -> 2.18
A29: D4 5/11 | D29: 1.511 | E29: 56.331429 | G29: 31 | H29: Mahogany Town | I29: 19 | J29: 15 | K29: Violet City | L29: 75 | M29: [11-8] | N29: {29.7-27.0} | Q29: =ABS(D29) -> 1.511
D30: -1.473 | E30: 59.266429 | G30: 74 | H30: Iki Town | I30: 18 | J30: 12 | K30: Kala'e Bay | L30: 30 | M30: [8-7] | N30: {71.4-1.6} | Q30: =ABS(D30) -> 1.473
D31: 3.519 | E31: 65.700714 | G31: 16 | H31: Sandgem Town | I31: 18 | J31: 15 | K31: Jubilife City | L31: 73 | M31: [10-9] | N31: {32.2-21.3} | Q31: =ABS(D31) -> 3.519
D32: -2.064 | E32: 58.885 | G32: 71 | H32: South Lakes | I32: 18 | J32: 13 | K32: Wedgehurst | L32: 35 | M32: [8-5] | N32: {55.6-1.7} | Q32: =ABS(D32) -> 2.064
D33: 0.623 | E33: 39.287143 | G33: 65 | H33: Heahea City | I33: 24 | J33: 9 | K33: Aether Paradise | L33: 70 | M33: [9-6] | N33: {101.3-4.7} | O33: MAX | Q33: =ABS(D33) -> 0.623
D34: 0.626 | E34: 40.177857 | G34: 64 | H34: Poni Meadow | I34: 16 | J34: 8 | K34: Exeggutor Island | L34: 69 | M34: [11-5] | N34: {63.2-4.1} | Q34: =ABS(D34) -> 0.626
D35: -0.695 | E35: 57.505357 | G35: 67 | H35: Vermilion City | I35: 17 | J35: 9 | K35: Saffron City | L35: 40 | M35: [11-7] | N35: {82.3-2.5} | Q35: =ABS(D35) -> 0.695
D36: 1.029 | E36: 51.854286 | G36: 52 | H36: Azalea Town | I36: 9 | J36: 8 | K36: Blackthorn City | L36: 66 | M36: [5-3] | N36: {17.6-12.7} | Q36: =ABS(D36) -> 1.029
D37: 0.164 | E37: 55.284643 | G37: 49 | H37: Cerulean City | I37: 15 | J37: 10 | K37: Celadon City | L37: 62 | M37: [9-5] | N37: {34.1-3.0} | Q37: =ABS(D37) -> 0.164
D38: 1.005 | E38: 61.916071 | G38: 32 | H38: Celestic Town | I38: 13 | J38: 10 | K38: Pastoria City | L38: 61 | M38: [8-6] | N38: {17.2-14.0} | Q38: =ABS(D38) -> 1.005
D39: -2.092 | E39: 65.735357 | G39: 60 | H39: Malie City | I39: 24 | J39: 13 | K39: Po Town | L39: 29 | M39: [13-6] | N39: {108.5-0} | O39: MAX | Q39: =ABS(D39) -> 2.092
D40: 4.383 | E40: 72.583571 | G40: 9 | H40: Undella Town | I40: 21 | J40: 20 | K40: Lacunosa Town | L40: 59 | M40: [8-9] | N40: {20.8-44.7} | O40: INVT | Q40: =ABS(D40) -> 4.383
D41: -2.668 | E41: 74.405714 | G41: 57 | H41: Turffield | I41: 23 | J41: 13 | K41: Isle of Armor | L41: 20 | M41: [17-7] | N41: {116.1-4.8} | O41: MAX | P41: Most goals scored (17) (tied) | Q41: =ABS(D41) -> 2.668
A42: D5 5/12 | D42: -1.266 | E42: 73.404286 | G42: 54 | H42: Cianwood City | I42: 14 | J42: 9 | K42: Goldenrod City | L42: 23 | M42: [11-4] | N42: {57.2-5.0} | Q42: =ABS(D42) -> 1.266
D43: -0.9 | E43: 68.5 | G43: 53 | H43: Wyndon North | I43: 14 | J43: 11 | K43: Stow-on-Side | L43: 27 | M43: [9-6] | N43: {28.7-13.8} | P43: Wyndon North: 4pt at 55:40 | Q43: =ABS(D43) -> 0.9
D44: -2.826 | E44: 81.161429 | G44: 50 | H44: Fallarbor Town | I44: 22 | J44: 18 | K44: Verdanturf Town | L44: 14 | M44: [16-8] | N44: {63.5-0} | P44: 2OT - 14[9-6], 18[12-8] | Q44: =ABS(D44) -> 2.826
D45: 0.501 | E45: 74.642143 | G45: 25 | H45: Dewford Town | I45: 19 | J45: 8 | K45: Oldale Town | L45: 45 | M45: [10-8] | N45: {102.1-5.3} | O45: MAX | Q45: =ABS(D45) -> 0.501
D46: -0.562 | E46: 68.258571 | G46: 41 | H46: Slateport City | I46: 14 | J46: 13 | K46: Fortree City | L46: 39 | M46: [10-7] | N46: {46.3-2.6} | Q46: =ABS(D46) -> 0.562
D47: -0.57 | E47: 86.969643 | G47: 22 | H47: Spikemuth | I47: 23 | J47: 14 | K47: City of Circhester | L47: 21 | M47: [12-7] | N47: {69.0-9.7} | Q47: =ABS(D47) -> 0.57
D48: 6.02 | E48: 51.414286 | G48: 13 | H48: Virbank City | I48: 24 | J48: 5 | K48: Driftveil City | L48: 111 | M48: [14-4] | N48: {186.9-1.5} | O48: MAX | Q48: =ABS(D48) -> 6.02
D49: 6.16 | E49: 59.528571 | G49: 7 | H49: Lumiose City | I49: 26 | J49: 15 | K49: Coumarine City | L49: 94 | M49: [11-8] | N49: {49.3-10.9} | Q49: =ABS(D49) -> 6.16
D50: 4.136 | E50: 59.545714 | G50: 17 | H50: Paniola Town | I50: 16 | J50: 12 | K50: Konikoni City | L50: 88 | M50: [8-7] | N50: {16.5-16.7} | O50: INVT | Q50: =ABS(D50) -> 4.136
D51: -0.414 | E51: 94.670714 | G51: 8 | H51: Cinnabar Island | I51: 17 | J51: 8 | K51: Viridian City | L51: 10 | M51: [8-4] | N51: {73.6-2.4} | Q51: =ABS(D51) -> 0.414
D52: 7.153 | E52: 57.390714 | G52: 4 | H52: Oreburgh City | I52: 22 | J52: 10 | K52: Eterna City | L52: 101 | M52: [9-6] | N52: {49.8-5.4} | Q52: =ABS(D52) -> 7.153
D53: -1.203 | E53: 95.859286 | G53: 11 | H53: Vaniville Town | I53: 28 | J53: 14 | K53: Santalune City | L53: 5 | M53: [15-10] | N53: {144.2-2.9} | O53: MAX | Q53: =ABS(D53) -> 1.203
D54: 4.294 | E54: 75.147143 | G54: 3 | H54: Solaceon Town | I54: 18 | J54: 3 | K54: Hearthome City | L54: 58 | M54: [12-3] | N54: {155.1-0.6} | O54: MAX | Q54: =ABS(D54) -> 4.294
D55: 6.628 | E55: 57.408571 | G55: 6 | H55: Rustboro City | I55: 21 | J55: 8 | K55: Lavaridge Town | L55: 100 | M55: [10-4] | N55: {71.6-3.3} | Q55: =ABS(D55) -> 6.628
D56: 3.4 | E56: 87.571429 | G56: 2 | H56: Castelia City | I56: 14 | J56: 11 | K56: Striaton City | L56: 26 | M56: [7-9] | N56: {16.0-17.7} | O56: INVT | P56: Castelia: 3pt# @ 59:20 | Q56: =ABS(D56) -> 3.4
D57: 5.313 | E57: 77.633571 | G57: 1 | H57: Geosenge Town | I57: 16 | J57: 11 | K57: Cyllage City | L57: 51 | M57: [7-7] | N57: {26.6-20.2} | Q57: =ABS(D57) -> 5.313
B58: W2 | C58: Matchday Two | D58: 2.823 | E58: 10.93 | G58: 83 | H58: Floccesy Town | I58: 13 | J58: 7 | K58: Driftveil City | L58: 112 | M58: [8-6] | N58: {28.9-8.8} | Q58: =ABS(D58) -> 2.823
D59: -2.064 | E59: 10.402857 | G59: 111 | H59: Camphrier Town | I59: 17 | J59: 16 | K59: Shalour City | L59: 93 | M59: [10-9] | N59: {34.7-14.4} | Q59: =ABS(D59) -> 2.064
D60: 0.104 | E60: 5.2828571 | G60: 110 | H60: Sunyshore City | I60: 22 | J60: 12 | K60: Hearthome City | L60: 102 | M60: [14-5] | N60: {83.9-8.4} | Q60: =ABS(D60) -> 0.104
D61: -3.965 | E61: 37.341071 | G61: 109 | H61: Lavaridge Town | I61: 20 | J61: 16 | K61: Petalburg City | L61: 54 | M61: [11-9] | N61: {55.7-14.0} | Q61: =ABS(D61) -> 3.965
A62: D6 5/13 | D62: -2.029 | E62: 19.86 | G62: 108 | H62: Eterna City | I62: 17 | J62: 15 | K62: Jubilife City | L62: 77 | M62: [11-7] | N62: {37.8-0.1} | P62: OT - 13[9-6] | Q62: =ABS(D62) -> 2.029
D63: -1.906 | E63: 20.557857 | G63: 107 | H63: Aether Paradise | I63: 22 | J63: 13 | K63: Mount Hokulani | L63: 74 | M63: [10-7] | N63: {57.7-3.1} | Q63: =ABS(D63) -> 1.906
D64: 4.406 | E64: 40.602857 | G64: 34 | H64: Mauville City | I64: 14 | J64: 13 | K64: Pacifidlog Town | L64: 106 | M64: [4-7] | N64: {11.1-20.8} | O64: INVT | P64: Mauville: 4pt @ 58:10 | Q64: =ABS(D64) -> 4.406
D65: -4.55 | E65: 49.410714 | G65: 105 | H65: Dendemille Town | I65: 31 | J65: 14 | K65: Aquacorde Town | L65: 29 | M65: [13-8] | N65: {126.8-5.5} | O65: MAX | Q65: =ABS(D65) -> 4.55
D66: -5.374 | E66: 66.552857 | G66: 104 | H66: Littleroot Town | I66: 21 | J66: 20 | K66: Rustboro City | L66: 6 | M66: [17-8] | N66: {59.7-22.7} | P66: 2OT - 15[12-6], 19[15-7], Littleroot: most goals scored (17) (tied) | Q66: =ABS(D66) -> 5.374
D67: -3.634 | E67: 47.149286 | G67: 103 | H67: Accumula Town | I67: 19 | J67: 11 | K67: Undella Town | L67: 35 | M67: [10-4] | N67: {67.2-0.6} | Q67: =ABS(D67) -> 3.634
A68: D7 5/18 | D68: 6.027 | E68: 58.123571 | G68: 7 | H68: Geosenge Town | I68: 16 | J68: 14 | K68: Coumarine City | L68: 101 | M68: [8-7] | N68: {3.1-30.7} | O68: INVT | P68: OT - 14[7-7] | Q68: =ABS(D68) -> 6.027
D69: -0.734 | E69: 13.917143 | G69: 100 | H69: Snowpoint City | I69: 19 | J69: 13 | K69: Canalave City | L69: 94 | M69: [12-5] | N69: {54.6-6.3} | Q69: =ABS(D69) -> 0.734
D70: 0.594 | E70: 25.915 | G70: 66 | H70: Fortree City | I70: 18 | J70: 13 | K70: Mossdeep City | L70: 99 | M70: [10-7] | N70: {45.9-11.9} | P70: Fortree: overcame 12-0 deficit | Q70: =ABS(D70) -> 0.594
D71: 3.957 | E71: 40.521786 | G71: 43 | H71: Postwick | I71: 13 | J71: 12 | K71: Motostoke | L71: 98 | M71: [5-7] | N71: {11.6-27.8} | O71: INVT | Q71: =ABS(D71) -> 3.957
D72: 4.016 | E72: 53.56 | G72: 25 | H72: Iki Town | I72: 16 | J72: 6 | K72: Vast Poni Canyon | L72: 97 | M72: [6-6] | N72: {36.5-4.6} | Q72: =ABS(D72) -> 4.016
D73: -3.507 | E73: 52.478214 | G73: 96 | H73: Fight Area | I73: 16 | J73: 14 | K73: Celestic Town | L73: 31 | M73: [11-6] | N73: {68.3-0} | P73: OT - 12[8-5] | Q73: =ABS(D73) -> 3.507
D74: 2.915 | E74: 39.257143 | G74: 51 | H74: Ultra Megalopolis | I74: 14 | J74: 12 | K74: Exeggutor Island | L74: 95 | M74: [7-8] | N74: {14.9-19.3} | O74: INVT | Q74: =ABS(D74) -> 2.915
D75: 3.534 | E75: 49.663214 | G75: 27 | H75: Mahogany Town | I75: 20 | J75: 11 | K75: Ecruteak City | L75: 92 | M75: [9-7] | N75: {56.5-12.2} | Q75: =ABS(D75) -> 3.534
A76: D8 5/19 | D76: 4.007 | E76: 58.209286 | G76: 18 | H76: Hulbury | I76: 17 | J76: 12 | K76: Crown Tundra | L76: 91 | M76: [8-5] | N76: {24.2-18.1} | Q76: =ABS(D76) -> 4.007
D77: -0.228 | E77: 31.859286 | G77: 90 | H77: Oldale Town | I77: 14 | J77: 13 | K77: Verdanturf Town | L77: 63 | M77: [7-10] | N77: {39.2-8.4} | Q77: =ABS(D77) -> 0.228
D78: 4.054 | E78: 46.479286 | G78: 37 | H78: Wyndon South | I78: 17 | J78: 15 | K78: Circhester Bay | L78: 89 | M78: [9-8] | N78: {8.0-12.0} | O78: INVT | Q78: =ABS(D78) -> 4.054
D79: 5.756 | E79: 60.888571 | G79: 10 | H79: Malie City | I79: 19 | J79: 11 | K79: Konikoni City | L79: 88 | M79: [7-6] | N79: {49.7-13.6} | Q79: =ABS(D79) -> 5.756
D80: -0.151 | E80: 33.59 | G80: 87 | H80: Snowbelle City | I80: 24 | J80: 21 | K80: Santalune City | L80: 62 | M80: [12-9] | N80: {44.7-22.0} | P80: Santalune: led 18-8 at half | Q80: =ABS(D80) -> 0.151
D81: 0.803 | E81: 24.872857 | G81: 81 | H81: Pewter City | I81: 14 | J81: 9 | K81: Celadon City | L81: 86 | M81: [9-6] | N81: {57.3-6.1} | Q81: =ABS(D81) -> 0.803
D82: -3.659 | E82: 64.399286 | G82: 85 | H82: Po Town | I82: 21 | J82: 17 | K82: Paniola Town | L82: 22 | M82: [12-7] | N82: {52.4-12.3} | Q82: =ABS(D82) -> 3.659
D83: 6.498 | E83: 64.287143 | G83: 3 | H83: Cinnabar Island | I83: 33 | J83: 20 | K83: Saffron City | L83: 84 | M83: [14-10] | N83: {77.7-23.0} | P83: Cinnabar: second-most points scored (33) | Q83: =ABS(D83) -> 6.498
D84: 2.446 | E84: 46.4225 | G84: 47 | H84: Hammerlocke | I84: 17 | J84: 11 | K84: Ballonlea | L84: 82 | M84: [10-5] | N84: {58.5-17.8} | Q84: =ABS(D84) -> 2.446
D85: -2.41 | E85: 47.078571 | G85: 80 | H85: Kiloude City | I85: 17 | J85: 16 | K85: Couriway Town | L85: 56 | M85: [8-7] | N85: {55.1-1.8} | P85: Kiloude: 2pt @ 53:20 | Q85: =ABS(D85) -> 2.41
D86: 4.446 | E86: 53.029643 | G86: 30 | H86: Poni Meadow | I86: 27 | J86: 11 | K86: Hau'oli City | L86: 79 | M86: [11-6] | N86: {88.6-2.7} | Q86: =ABS(D86) -> 4.446
D87: 3.101 | E87: 47.16 | G87: 48 | H87: Olivine City | I87: 19 | J87: 15 | K87: Violet City | L87: 78 | M87: [9-10] | N87: {35.5-22.0} | Q87: =ABS(D87) -> 3.101
D88: 3.105 | E88: 48.764286 | G88: 46 | H88: Veilstone City | I88: 15 | J88: 13 | K88: Pastoria City | L88: 76 | M88: [6-6] | N88: {16.2-20.4} | O88: INVT | Q88: =ABS(D88) -> 3.105
A89: D10 5/20 | D89: 0.623 | E89: 34.376429 | G89: 71 | H89: Wedgehurst | I89: 18 | J89: 15 | K89: Isle of Armor | L89: 75 | M89: [9-9] | N89: {44.5-5.8} | Q89: =ABS(D89) -> 0.623
D90: -4.489 | E90: 71.063571 | G90: 73 | H90: Kala'e Bay | I90: 25 | J90: 13 | K90: Seafolk Village | L90: 17 | M90: [17-6] | N90: {134.8-4.0} | O90: MAX | P90: Most goals scored (17) (tied) | Q90: =ABS(D90) -> 4.489
D91: 2.552 | E91: 47.953929 | G91: 53 | H91: Sootopolis City | I91: 21 | J91: 19 | K91: Lilycove City | L91: 72 | M91: [9-10] | N91: {31.9-32.6} | O91: INVT | Q91: =ABS(D91) -> 2.552
D92: 2.477 | E92: 54.837857 | G92: 38 | H92: Icirrus City | I92: 14 | J92: 9 | K92: Aspertia City | L92: 70 | M92: [8-7] | N92: {30.4-8.0} | Q92: =ABS(D92) -> 2.477
A93: D11 5/21 | D93: 3.266 | E93: 53.8725 | G93: 40 | H93: Mistralton City | I93: 20 | J93: 8 | K93: Nimbasa City | L93: 69 | M93: [11-5] | N93: {91.3-4.5} | Q93: =ABS(D93) -> 3.266
D94: 0.72 | E94: 41.896429 | G94: 61 | H94: Goldenrod City | I94: 18 | J94: 17 | K94: Blackthorn City | L94: 68 | M94: [9-10] | N94: {33.4-15.5} | P94: Goldenrod: 2pt @ 56:00 | Q94: =ABS(D94) -> 0.72
D95: -1.329 | E95: 45.145714 | G95: 67 | H95: Humilau City | I95: 12 | J95: 7 | K95: Striaton City | L95: 58 | M95: [8-4] | N95: {46.6-3.3} | Q95: =ABS(D95) -> 1.329
D96: 2.919 | E96: 67.915 | G96: 19 | H96: Lumiose City | I96: 17 | J96: 12 | K96: Cyllage City | L96: 65 | M96: [9-8] | N96: {28.2-15.7} | Q96: =ABS(D96) -> 2.919
D97: 3.42 | E97: 58.583929 | G97: 33 | H97: Wyndon North | I97: 22 | J97: 9 | K97: City of Circhester | L97: 64 | M97: [11-8] | N97: {110.3-4.4} | O97: MAX | Q97: =ABS(D97) -> 3.42
D98: 3.89 | E98: 74.007143 | G98: 5 | H98: Spikemuth | I98: 19 | J98: 8 | K98: Stow-on-Side | L98: 60 | M98: [10-4] | N98: {81.8-7.1} | Q98: =ABS(D98) -> 3.89
D99: 2.212 | E99: 58.241429 | G99: 41 | H99: Nacrene City | I99: 14 | J99: 10 | K99: Lacunosa Town | L99: 59 | M99: [7-7] | N99: {17.4-11.5} | Q99: =ABS(D99) -> 2.212
D100: 2.68 | E100: 70.228571 | G100: 21 | H100: Vermilion City | I100: 18 | J100: 14 | K100: Viridian City | L100: 57 | M100: [9-8] | N100: {28.8-17.6} | Q100: =ABS(D100) -> 2.68
...

Sheet Season 2
A1: VLOOKUP(A2, Sheet7!$C$62:$F$173, 4, FALSE) | B1: START | C1: W1 | D1: W2 | E1: W3 | F1: W4 | G1: W5 | H1: W6 | I1: W7 | J1: W8 | K1: W9 | L1: W10 | M1: W11 | N1: W12 | O1: W13 | P1: W14 | Q1: W15 | R1: W16 | S1: W17 | T1: W18 | U1: W19 | V1: W20 | W1: W21
A2: Geosenge Town | B2: 1830 | C2: 1842 | D2: 1850 | E2: 1867 | F2: 1875 | G2: 1883 | H2: 1899 | I2: 1882 | J2: 1895 | K2: 1910 | L2: 1920 | M2: 1932 | N2: 1941 | O2: 1960 | P2: 1960 | Q2: 1960 | R2: 1933 | S2: 1956 | T2: 1987 | U2: 2010 | V2: 2030 | W2: 2050
A3: Vaniville Town | B3: 1924 | C3: 1932 | D3: 1942 | E3: 1955 | F3: 1963 | G3: 1946 | H3: 1925 | I3: 1933 | J3: 1940 | K3: 1949 | L3: 1957 | M3: 1965 | N3: 1977 | O3: 1977 | P3: 1977 | Q3: 1977 | R3: 1977 | S3: 1977 | T3: 1977 | U3: 1977 | V3: 1977 | W3: 1977
A4: Rustboro City | B4: 1985 | C4: 1992 | D4: 1999 | E4: 2006 | F4: 2013 | G4: 2023 | H4: 2029 | I4: 2035 | J4: 2040 | K4: 2048 | L4: 2029 | M4: 2007 | N4: 1989 | O4: 2002 | P4: 2002 | Q4: 2002 | R4: 1973 | S4: 1994 | T4: 1963 | U4: 1940 | V4: 1940 | W4: 1940
A5: Castelia City | B5: 1847 | C5: 1858 | D5: 1872 | E5: 1886 | F5: 1898 | G5: 1908 | H5: 1918 | I5: 1927 | J5: 1936 | K5: 1946 | L5: 1928 | M5: 1910 | N5: 1923 | O5: 1939 | P5: 1939 | Q5: 1939 | R5: 1959 | S5: 1976 | T5: 1997 | U5: 1968 | V5: 1948 | W5: 1928
A6: Solaceon Town | B6: 1722 | C6: 1736 | D6: 1749 | E6: 1761 | F6: 1774 | G6: 1798 | H6: 1809 | I6: 1799 | J6: 1786 | K6: 1797 | L6: 1814 | M6: 1828 | N6: 1838 | O6: 1865 | P6: 1865 | Q6: 1865 | R6: 1892 | S6: 1919 | T6: 1898 | U6: 1927 | V6: 1927 | W6: 1927
A7: Oreburgh City | B7: 1820 | C7: 1839 | D7: 1851 | E7: 1870 | F7: 1881 | G7: 1890 | H7: 1879 | I7: 1887 | J7: 1900 | K7: 1909 | L7: 1921 | M7: 1930 | N7: 1938 | O7: 1911 | P7: 1911 | Q7: 1911 | R7: 1940 | S7: 1919 | T7: 1919 | U7: 1919 | V7: 1919 | W7: 1919
A8: Saffron City | B8: 1955 | C8: 1937 | D8: 1944 | E8: 1950 | F8: 1961 | G8: 1938 | H8: 1944 | I8: 1952 | J8: 1958 | K8: 1942 | L8: 1950 | M8: 1927 | N8: 1908 | O8: 1908 | P8: 1908 | Q8: 1908 | R8: 1908 | S8: 1908 | T8: 1908 | U8: 1908 | V8: 1908 | W8: 1908
A9: Humilau City | B9: 1880 | C9: 1865 | D9: 1875 | E9: 1885 | F9: 1868 | G9: 1854 | H9: 1866 | I9: 1877 | J9: 1884 | K9: 1900 | L9: 1909 | M9: 1921 | N9: 1908 | O9: 1908 | P9: 1908 | Q9: 1908 | R9: 1908 | S9: 1908 | T9: 1908 | U9: 1908 | V9: 1908 | W9: 1908
A10: Lumiose City | B10: 1810 | C10: 1829 | D10: 1845 | E10: 1860 | F10: 1842 | G10: 1855 | H10: 1865 | I10: 1881 | J10: 1868 | K10: 1882 | L10: 1893 | M10: 1907 | N10: 1917 | O10: 1917 | P10: 1882 | Q10: 1906 | R10: 1906 | S10: 1906 | T10: 1906 | U10: 1906 | V10: 1906 | W10: 1906
A11: Viridian City | B11: 1783 | C11: 1772 | D11: 1758 | E11: 1772 | F11: 1758 | G11: 1745 | H11: 1760 | I11: 1770 | J11: 1784 | K11: 1800 | L11: 1812 | M11: 1823 | N11: 1835 | O11: 1852 | P11: 1878 | Q11: 1900 | R11: 1927 | S11: 1904 | T11: 1904 | U11: 1904 | V11: 1904 | W11: 1904
A12: Sandgem Town | B12: 1879 | C12: 1886 | D12: 1896 | E12: 1907 | F12: 1918 | G12: 1900 | H12: 1911 | I12: 1895 | J12: 1902 | K12: 1912 | L12: 1927 | M12: 1913 | N12: 1895 | O12: 1895 | P12: 1895 | Q12: 1895 | R12: 1895 | S12: 1895 | T12: 1895 | U12: 1895 | V12: 1895 | W12: 1895
A13: Cinnabar Island | B13: 1762 | C13: 1783 | D13: 1801 | E13: 1811 | F13: 1800 | G13: 1823 | H13: 1831 | I13: 1848 | J13: 1834 | K13: 1843 | L13: 1857 | M13: 1873 | N13: 1888 | O13: 1888 | P13: 1888 | Q13: 1888 | R13: 1888 | S13: 1888 | T13: 1888 | U13: 1888 | V13: 1888 | W13: 1888
... A97: Dendemille Town | B97: 1751 | C97: 1743 | D97: 1757 | E97: 1742 | F97: 1731 | G97: 1718 | H97: 1702 | I97: 1690 | J97: 1682 | K97: 1673 | L97: 1667 | M97: 1659 | N97: 1649 | O97: 1649 | P97: 1649 | Q97: 1649 | R97: 1649 | S97: 1649 | T97: 1649 | U97: 1649 | V97: 1649 | W97: 1649

Sheet S2 Archive
D1: Rnk | E1: Winning Team | F1: Score | G1: Score | H1: Losing Team | I1: Rnk | J1: Goals | K1: [Note] | L1: =[1]ScoreboardNCAA!I4 -> 3 | M1: =[1]ScoreboardNCAA!B2 -> Resort Area | N1: =[1]ScoreboardNCAA!F6 -> 0 | O1: =[1]ScoreboardNCAA!N6 -> 4 | P1: =[1]ScoreboardNCAA!N2 -> Cinnabar Island | Q1: =[1]ScoreboardNCAA!M4 -> 1 | R1: =IF(N1>=O1,CONCATENATE("[",COUNTA([1]ScoreboardNCAA!B6:E10),"-",COUNTA([1]ScoreboardNCAA!Q6:T10),"]"),CONCATENATE("[",COUNTA([1]ScoreboardNCAA!Q6:T10),"-",COUNTA([1]ScoreboardNCAA!B6:E10),"]")) -> [2-0]
A2: =(F2/G2) -> 1.2307692 | B2: W1 | C2: 1 | D2: 11 | E2: Sandgem Town | F2: 16 | G2: 13 | H2: Twinleaf Town | J2: [8-6]
A3: =(F3/G3) -> 2.1666667 | C3: 2 | D3: 13 | E3: Jubilife City | F3: 26 | G3: 12 | H3: Eterna City | J3: [11-6]
A4: =(F4/G4) -> 1.05 | C4: 3 | E4: Solaceon Town | F4: 21 | G4: 20 | H4: Veilstone City | J4: [13-10] | K4: 3OT - 10[7-4],13[9-6],18[11-9] 3pt@75:40
A5: =(F5/G5) -> 1.2307692 | C5: 4 | E5: Ever Grande City | F5: 16 | G5: 13 | H5: Petalburg City | I5: 25 | J5: [10-6]
A6: =(F6/G6) -> 1.0714286 | C6: 5 | D6: 19 | E6: Azalea Town | F6: 15 | G6: 14 | H6: Goldenrod City | J6: [8-8]
A7: =(F7/G7) -> 1.2857143 | C7: 6 | E7: Resort Area | F7: 18 | G7: 14 | H7: Fight Area | J7: [10-7]
A8: =(F8/G8) -> 1.1 | C8: 7 | E8: Lacunosa Town | F8: 11 | G8: 10 | H8: Humilau City | I8: 10 | J8: [7-4]
A9: =(F9/G9) -> 1.1538462 | C9: 8 | D9: 15 | E9: Nacrene City | F9: 15 | G9: 13 | H9: Striaton City | J9: [6-6]
A10: =(F10/G10) -> 1.8 | C10: 9 | D10: 12 | E10: Aquacorde Town | F10: 18 | G10: 10 | H10: Snowbelle City | J10: [10-6]
A11: =(F11/G11) -> 3.6 | C11: 10 | E11: Sootopolis City | F11: 18 | G11: 5 | H11: Pacifidlog Town | J11: [12-3]
A12: =(F12/G12) -> 2.7142857 | C12: 11 | D12: 24 | E12: Santalune City | F12: 19 | G12: 7 | H12: Anistar City | J12: [10-5]
A13: =(F13/G13) -> 1.7 | C13: 12 | E13: Cianwood City | F13: 17 | G13: 10 | H13: Olivine City | J13: [10-7]
A14: =(F14/G14) -> 1.1333333 | C14: 13 | D14: 7 | E14: Icirrus City | F14: 17 | G14: 15 | H14: Floccesy Town | J14: [8-12]
A15: =(F15/G15) -> 1.6153846 | C15: 14 | E15: Blackthorn City | F15: 21 | G15: 13 | H15: Violet City | J15: [14-6]
A16: =(F16/G16) -> 1.6363636 | C16: 15 | E16: Couriway Town | F16: 18 | G16: 11 | H16: Kiloude City | J16: [10-7]
A17: =(F17/G17) -> 1.4375 | C17: 16 | D17: 14 | E17: Coumarine City | F17: 23 | G17: 16 | H17: Camphrier Town | J17: [12-10]
A18: =(F18/G18) -> 1.6363636 | C18: 17 | D18: 20 | E18: Fallarbor Town | F18: 18 | G18: 11 | H18: Mauville City | J18: [9-7]
A19: =(F19/G19) -> 2 | C19: 18 | E19: Cerulean City | F19: 14 | G19: 7 | H19: Vermilion City | J19: [9-3]
A20: =(F20/G20) -> 5 | C20: 19 | E20: Undella Town | F20: 30 | G20: 6 | H20: Accumula Town | I20: 17 | J20: [16-3]
A21: =(F21/G21) -> 3.5 | C21: 20 | E21: Cinnabar Island | F21: 21 | G21: 6 | H21: Fuchsia City | J21: [12-4]
A22: =(F22/G22) -> 1.9285714 | C22: 21 | E22: Pastoria City | F22: 27 | G22: 14 | H22: Sunyshore City | J22: [17-7] | K22: 20-0 [14-0] in 1st, most goals scored [17]
A23: =(F23/G23) -> 11.5 | C23: 22 | D23: 23 | E23: Oreburgh City | F23: 23 | G23: 2 | H23: Floaroma City | J23: [12-2]
A24: =(F24/G24) -> 1.5 | C24: 23 | E24: Lilycove City | F24: 21 | G24: 14 | H24: Mossdeep City | J24: [9-10]
A25: =(F25/G25) -> 1.3333333 | C25: 24 | E25: Snowpoint City | F25: 12 | G25: 9 | H25: Canalave City | J25: [5-4]
A26: =(F26/G26) -> 2.1666667 | C26: 25 | E26: Verdanturf Town | F26: 13 | G26: 6 | H26: Fortree City | J26: [7-3]
A27: =(F27/G27) -> 2.125 | C27: 26 | E27: Oldale Town | F27: 17 | G27: 8 | H27: Lavaridge Town | J27: [10-6]
A28: =(F28/G28) -> 2.625 | C28: 27 | E28: Lumiose City | F28: 21 | G28: 8 | H28: Shalour City | I28: 18 | J28: [12-4]
A29: =(F29/G29) -> 1.5714286 | C29: 28 | E29: Slateport City | F29: 22 | G29: 14 | H29: Dewford Town | J29: [13-9]
A30: =(F30/G30) -> 1.1666667 | C30: 29 | E30: Celadon City | F30: 14 | G30: 12 | H30: Viridian City | J30: [10-9]
A31: =(F31/G31) -> 1.8823529 | C31: 30 | E31: Mahogany Town | F31: 32 | G31: 17 | H31: Ecruteak City | J31: [17-10] | K31: most goals scored [17] (tied), total pts (49)
A32: =(F32/G32) -> 1.4545455 | C32: 31 | D32: 22 | E32: Geosenge Town | F32: 16 | G32: 11 | H32: Laverre City | J32: [9-6]
A33: =(F33/G33) -> 1.0526316 | C33: 32 | D33: 21 | E33: Anville Town | F33: 20 | G33: 19 | H33: Aspertia City | I33: 16 | J33: [11-13] | K33: OT - 16[9-12]
A34: =(F34/G34) -> 1.1 | C34: 33 | D34: 9 | E34: Cyllage City | F34: 22 | G34: 20 | H34: Ambrette Town | J34: [11-12] | K34: OT - 17[9-10], Cyllage 3pt @ 65:20
A35: =(F35/G35) -> 2.75 | C35: 34 | D35: 8 | E35: Castelia City | F35: 22 | G35: 8 | H35: Opelucid City | J35: [10-5]
A36: =(F36/G36) -> 1.4166667 | C36: 35 | E36: Virbank City | F36: 17 | G36: 12 | H36: Driftveil City | I36: 6 | J36: [9-4]
A37: =(F37/G37) -> 2.1538462 | C37: 36 | D37: 5 | E37: Celestic Town | F37: 28 | G37: 13 | H37: Hearthome City | J37: [10-9]
A38: =(F38/G38) -> 1.1428571 | C38: 37 | E38: Nimbasa City | F38: 24 | G38: 21 | H38: Mistralton City | I38: 3 | J38: [12-12] | K38: Nimbasa 3pt @ 61:80
A39: =(F39/G39) -> 1.4736842 | C39: 38 | D39: 2 | E39: Vaniville Town | F39: 28 | G39: 19 | H39: Dendemille Town | J39: [11-10] | K39: Vaniville: 21pts in 1st
A40: =(F40/G40) -> 2.7142857 | C40: 39 | D40: 1 | E40: Rustboro City | F40: 19 | G40: 7 | H40: Littleroot Town | J40: [9-6]
A41: =(F41/G41) -> 1.0588235 | C41: 40 | E41: Pewter City | F41: 18 | G41: 17 | H41: Saffron City | I41: 4 | J41: [12-7]
A42: =(F42/G42) -> 1.0833333 | C42: 1 | E42: Exeggutor Island | F42: 13 | G42: 12 | H42: Vast Poni Canyon | J42: [9-6]
A43: =(F43/G43) -> 1.3846154 | C43: 2 | E43: Seafolk Village | F43: 18 | G43: 13 | H43: Hau'oli City | J43: [8-7]
A44: =(F44/G44) -> 1.8333333 | C44: 3 | E44: Poni Meadow | F44: 11 | G44: 6 | H44: Iki Town | J44: [5-5]
A45: =(F45/G45) -> 1.1111111 | C45: 4 | E45: Kala'e Bay | F45: 20 | G45: 18 | H45: Ultra Megalopolis | J45: [10-10] | K45: OT - 16[8-8]
A46: =(F46/G46) -> 1.25 | C46: 5 | E46: Heahea City | F46: 20 | G46: 16 | H46: Aether Paradise | J46: [10-8] | K46: OT - 16[8-8]
A47: =(F47/G47) -> 1.3333333 | C47: 6 | E47: Konikoni City | F47: 16 | G47: 12 | H47: Tapu Village | J47: [8-7]
A48: =(F48/G48) -> 1.8571429 | C48: 7 | E48: Po Town | F48: 13 | G48: 7 | H48: Malie City | J48: [9-6]
A49: =(F49/G49) -> 1.2941176 | C49: 8 | E49: Paniola Town | F49: 22 | G49: 17 | H49: Mount Hokulani | J49: [10-8]
A50: =(F50/G50) -> 1.2105263 | B50: W2 | C50: 1 | E50: Floaroma City | F50: 23 | G50: 19 | H50: Jubilife City | I50: 19 | J50: [10-8]
A51: =(F51/G51) -> 1.5833333 | C51: 2 | E51: Accumula Town | F51: 19 | G51: 12 | H51: Ever Grande City | J51: [9-8]
A52: =(F52/G52) -> 1.8571429 | C52: 3 | E52: Snowbelle City | F52: 13 | G52: 7 | H52: Fuchsia City | J52: [9-5]
A53: =(F53/G53) -> 1.5 | C53: 4 | E53: Pacifidlog Town | F53: 15 | G53: 10 | H53: Nacrene City | J53: [10-4]
A54: =(F54/G54) -> 2.25 | C54: 5 | E54: Pastoria City | F54: 18 | G54: 8 | H54: Hearthome City | J54: [10-7]
A55: =(F55/G55) -> 1.0454545 | C55: 6 | D55: 11 | E55: Celestic Town | F55: 23 | G55: 22 | H55: Sunyshore City | J55: [7-11] | K55: Celestic: 2pt @ 59:70 (+10)
A56: =(F56/G56) -> 1.0666667 | C56: 7 | E56: Cerulean City | F56: 16 | G56: 15 | H56: Anistar City | J56: [8-8] | K56: OT - 12[6-7]
A57: =(F57/G57) -> 1.7777778 | C57: 8 | E57: Dewford Town | F57: 16 | G57: 9 | H57: Opelucid City | J57: [9-4]
A58: =(F58/G58) -> 1.1052632 | C58: 9 | D58: 5 | E58: Nimbasa City | F58: 21 | G58: 19 | H58: Lavaridge Town | J58: [10-11]
A59: =(F59/G59) -> 2.5454545 | C59: 10 | D59: 4 | E59: Oreburgh City | F59: 28 | G59: 11 | H59: Eterna City | J59: [12-7] | K59: Oreburgh: 22pts in 1st
A60: =(F60/G60) -> 1.3846154 | C60: 11 | E60: Kiloude City | F60: 18 | G60: 13 | H60: Pewter City | I60: 13 | J60: [12-6]
A61: =(F61/G61) -> 1.1875 | C61: 12 | D61: 25 | E61: Cyllage City | F61: 19 | G61: 16 | H61: Ecruteak City | J61: [9-10]
A62: =(F62/G62) -> 1.3333333 | C62: 13 | E62: Olivine City | F62: 12 | G62: 9 | H62: Shalour City | J62: [9-6]
A63: =(F63/G63) -> 2.5 | C63: 14 | E63: Aspertia City | F63: 25 | G63: 10 | H63: Littleroot Town | J63: [12-7]
A64: =(F64/G64) -> 1.125 | C64: 15 | E64: Solaceon Town | F64: 9 | G64: 8 | H64: Fight Area | J64: [7-6]
A65: =(F65/G65) -> 1.3333333 | C65: 16 | E65: Humilau City | F65: 16 | G65: 12 | H65: Mossdeep City | J65: [8-9] | K65: OT - 11[5-8]
A66: =(F66/G66) -> 1.1 | C66: 17 | E66: Camphrier Town | F66: 11 | G66: 10 | H66: Violet City | J66: [6-6]
A67: =(F67/G67) -> 1.1875 | C67: 18 | E67: Veilstone City | F67: 19 | G67: 16 | H67: Resort Area | J67: [13-9] | K67: OT - 16[11-9]
A68: =(F68/G68) -> 2.875 | C68: 19 | E68: Icirrus City | F68: 23 | G68: 8 | H68: Mauville City | J68: [9-5]
A69: =(F69/G69) -> 1.6923077 | C69: 20 | D69: 1 | E69: Undella Town | F69: 22 | G69: 13 | H69: Petalburg City | J69: [9-10]
A70: =(F70/G70) -> 1.4545455 | C70: 21 | E70: Dendemille Town | F70: 16 | G70: 11 | H70: Viridian City | J70: [9-5] | K70: OT - 9[6-4]
A71: =(F71/G71) -> 1.1333333 | C71: 22 | E71: Fortree City | F71: 17 | G71: 15 | H71: Driftveil City | J71: [11-8]
A72: =(F72/G72) -> 1.1538462 | C72: 23 | D72: 8 | E72: Geosenge Town | F72: 15 | G72: 13 | H72: Goldenrod City | J72: [7-8]
A73: =(F73/G73) -> 1.2857143 | C73: 24 | D73: 24 | E73: Santalune City | F73: 18 | G73: 14 | H73: Vermilion City | J73: [7-9]
A74: =(F74/G74) -> 2.6 | C74: 25 | E74: Twinleaf Town | F74: 26 | G74: 10 | H74: Snowpoint City | I74: 22 | J74: [15-5]
A75: =(F75/G75) -> 1.4 | C75: 26 | D75: 18 | E75: Fallarbor Town | F75: 14 | G75: 10 | H75: Floccesy Town | J75: [7-7]
A76: =(F76/G76) -> 1.7777778 | C76: 27 | E76: Sandgem Town | F76: 16 | G76: 9 | H76: Canalave City | J76: [10-7]
A77: =(F77/G77) -> 2.875 | C77: 28 | E77: Striaton City | F77: 23 | G77: 8 | H77: Sootopolis City | J77: [14-6]
A78: =(F78/G78) -> 1.1333333 | C78: 29 | D78: 7 | E78: Mahogany Town | F78: 17 | G78: 15 | H78: Ambrette Town | J78: [6-8]
A79: =(F79/G79) -> 5.5 | C79: 30 | D79: 23 | E79: Oldale Town | F79: 22 | G79: 4 | H79: Mistralton City | J79: [12-2]
A80: =(F80/G80) -> 1.7272727 | C80: 31 | E80: Azalea Town | F80: 19 | G80: 11 | H80: Laverre City | J80: [10-6]
A81: =(F81/G81) -> 1.1111111 | C81: 32 | E81: Saffron City | F81: 10 | G81: 9 | H81: Couriway Town | J81: [6-4]
A82: =(F82/G82) -> 1.7857143 | C82: 33 | D82: 2 | E82: Lumiose City | F82: 25 | G82: 14 | H82: Cianwood City | J82: [12-9]
A83: =(F83/G83) -> 2.6666667 | C83: 34 | D83: 12 | E83: Vaniville Town | F83: 16 | G83: 6 | H83: Celadon City | J83: [6-4]
A84: =(F84/G84) -> 2 | C84: 35 | D84: 9 | E84: Cinnabar Island | F84: 14 | G84: 7 | H84: Aquacorde Town | J84: [9-5]
A85: =(F85/G85) -> 2 | C85: 36 | D85: 16 | E85: Coumarine City | F85: 20 | G85: 10 | H85: Blackthorn City | J85: [12-5]
A86: =(F86/G86) -> 2.375 | C86: 37 | D86: 17 | E86: Castelia City | F86: 19 | G86: 8 | H86: Slateport City | I86: 21 | J86: [10-6]
A87: =(F87/G87) -> 2 | C87: 38 | D87: 6 | E87: Virbank City | F87: 16 | G87: 8 | H87: Verdanturf Town | I87: 20 | J87: [8-6]
A88: =(F88/G88) -> 1.4285714 | C88: 39 | D88: 15 | E88: Lilycove City | F88: 20 | G88: 14 | H88: Lacunosa Town | I88: 14 | J88: [9-5]
A89: =(F89/G89) -> 1.0769231 | C89: 40 | D89: 10 | E89: Rustboro City | F89: 14 | G89: 13 | H89: Anville Town | I89: 3 | J89: [8-7]
A90: =(F90/G90) -> 1.25 | C90: 1 | E90: Malie City | F90: 25 | G90: 20 | H90: Tapu Village | J90: [15-11] | K90: 3OT - 12[9-7], 16[11-9], 20[13-11]
A91: =(F91/G91) -> 2 | C91: 2 | D91: 25 | E91: Seafolk Village | F91: 16 | G91: 8 | H91: Iki Town | J91: [8-7]
A92: =(F92/G92) -> 2.3333333 | C92: 3 | E92: Poni Meadow | F92: 14 | G92: 6 | H92: Hau'oli City | J92: [8-5]
A93: =(F93/G93) -> 1.2727273 | C93: 4 | E93: Exeggutor Island | F93: 14 | G93: 11 | H93: Ultra Megalopolis | J93: [7-9]
A94: =(F94/G94) -> 1.0666667 | C94: 5 | E94: Aether Paradise | F94: 16 | G94: 15 | H94: Mount Hokulani | J94: [11-9] | K94: OT - 13[8-8]
A95: =(F95/G95) -> 1.1111111 | C95: 6 | E95: Kala'e Bay | F95: 20 | G95: 18 | H95: Vast Poni Canyon | J95: [10-11]
A96: =(F96/G96) -> 1.5 | C96: 7 | E96: Po Town | F96: 18 | G96: 12 | H96: Konikoni City | J96: [9-7]
A97: =(F97/G97) -> 2.2857143 | C97: 8 | E97: Paniola Town | F97: 16 | G97: 7 | H97: Heahea City | J97: [11-5]
A98: =(F98/G98) -> 1.0625 | B98: W3 | C98: 1 | E98: Tapu Village | F98: 17 | G98: 16 | H98: Ultra Megalopolis | J98: [9-8]
A99: =(F99/G99) -> 1.0714286 | C99: 2 | E99: Hearthome City | F99: 15 | G99: 14 | H99: Floaroma City | J99: [8-10] | K99: Hearthome: 4pt @ 58:40
A100: =(F100/G100) -> 2.3 | C100: 3 | E100: Opelucid City | F100: 23 | G100: 10 | H100: Floccesy Town | J100: [13-7]
...

Sheet Season 1
A1: VLOOKUP(A2, Sheet7!$C$62:$F$173, 4, FALSE) | B1: W0 | C1: W1 | D1: W2 | E1: W3 | F1: W4 | G1: W5 | H1: W6 | I1: W7 | J1: W8 | K1: W9 | L1: W10 | M1: W11 | N1: W12 | O1: W13 | P1: W14 | Q1: W15 | R1: W16 | S1: W17 | T1: W18 | U1: W19
A2: Rustboro City | B2: 1800 | C2: 1815 | D2: 1831 | E2: 1818 | F2: 1829 | G2: 1847 | H2: 1858 | I2: 1868 | J2: 1883 | K2: 1898 | L2: 1910 | M2: 1919 | N2: 1928 | O2: 1936 | P2: 1953 | Q2: 1971 | R2: 1994 | S2: 1994 | T2: 2014 | U2: 1985
A3: Saffron City | B3: 1800 | C3: 1786 | D3: 1770 | E3: 1753 | F3: 1769 | G3: 1757 | H3: 1772 | I3: 1756 | J3: 1771 | K3: 1789 | L3: 1803 | M3: 1818 | N3: 1832 | O3: 1845 | P3: 1864 | Q3: 1892 | R3: 1869 | S3: 1899 | T3: 1926 | U3: 1955
A4: Vaniville Town | B4: 1800 | C4: 1812 | D4: 1798 | E4: 1813 | F4: 1826 | G4: 1840 | H4: 1850 | I4: 1863 | J4: 1877 | K4: 1888 | L4: 1902 | M4: 1885 | N4: 1867 | O4: 1880 | P4: 1899 | Q4: 1928 | R4: 1951 | S4: 1951 | T4: 1924 | U4: 1924
A5: Mistralton City | B5: 1800 | C5: 1816 | D5: 1828 | E5: 1847 | F5: 1863 | G5: 1878 | H5: 1887 | I5: 1899 | J5: 1910 | K5: 1897 | L5: 1907 | M5: 1892 | N5: 1901 | O5: 1915 | P5: 1891 | Q5: 1916 | R5: 1893 | S5: 1919 | T5: 1899 | U5: 1899
A6: Driftveil City | B6: 1800 | C6: 1817 | D6: 1829 | E6: 1810 | F6: 1820 | G6: 1831 | H6: 1844 | I6: 1853 | J6: 1863 | K6: 1872 | L6: 1887 | M6: 1896 | N6: 1906 | O6: 1914 | P6: 1914 | Q6: 1885 | R6: 1908 | S6: 1882 | T6: 1882 | U6: 1882
A7: Humilau City | B7: 1800 | C7: 1815 | D7: 1803 | E7: 1823 | F7: 1807 | G7: 1821 | H7: 1811 | I7: 1828 | J7: 1840 | K7: 1827 | L7: 1839 | M7: 1857 | N7: 1869 | O7: 1880 | P7: 1880 | Q7: 1880 | R7: 1880 | S7: 1880 | T7: 1880 | U7: 1880
A8: Sandgem Town | B8: 1800 | C8: 1817 | D8: 1831 | E8: 1814 | F8: 1825 | G8: 1840 | H8: 1849 | I8: 1865 | J8: 1874 | K8: 1882 | L8: 1896 | M8: 1880 | N8: 1889 | O8: 1900 | P8: 1879 | Q8: 1879 | R8: 1879 | S8: 1879 | T8: 1879 | U8: 1879
A9: Celestic Town | B9: 1800 | C9: 1812 | D9: 1824 | E9: 1834 | F9: 1844 | G9: 1853 | H9: 1869 | I9: 1856 | J9: 1869 | K9: 1878 | L9: 1887 | M9: 1898 | N9: 1907 | O9: 1890 | P9: 1911 | Q9: 1883 | R9: 1908 | S9: 1878 | T9: 1878 | U9: 1878
A10: Aquacorde Town | B10: 1800 | C10: 1783 | D10: 1797 | E10: 1809 | F10: 1824 | G10: 1834 | H10: 1851 | I10: 1862 | J10: 1872 | K10: 1883 | L10: 1869 | M10: 1880 | N10: 1891 | O10: 1875 | P10: 1875 | Q10: 1875 | R10: 1875 | S10: 1875 | T10: 1875 | U10: 1875
A11: Coumarine City | B11: 1800 | C11: 1812 | D11: 1825 | E11: 1836 | F11: 1851 | G11: 1838 | H11: 1848 | I11: 1857 | J11: 1870 | K11: 1880 | L11: 1863 | M11: 1876 | N11: 1886 | O11: 1874 | P11: 1874 | Q11: 1874 | R11: 1874 | S11: 1874 | T11: 1874 | U11: 1874
A12: Jubilife City | B12: 1800 | C12: 1789 | D12: 1800 | E12: 1812 | F12: 1824 | G12: 1835 | H12: 1846 | I12: 1829 | J12: 1840 | K12: 1848 | L12: 1834 | M12: 1852 | N12: 1861 | O12: 1872 | P12: 1872 | Q12: 1872 | R12: 1872 | S12: 1872 | T12: 1872 | U12: 1872
A13: Icirrus City | B13: 1800 | C13: 1811 | D13: 1825 | E13: 1840 | F13: 1850 | G13: 1866 | H13: 1875 | I13: 1885 | J13: 1898 | K13: 1906 | L13: 1891 | M13: 1871 | N13: 1879 | O13: 1865 | P13: 1865 | Q13: 1865 | R13: 1865 | S13: 1865 | T13: 1865 | U13: 1865
... A81: Pewter City | B81: 1800 | C81: 1789 | D81: 1801 | E81: 1789 | F81: 1778 | G81: 1766 | H81: 1755 | I81: 1746 | J81: 1731 | K81: 1720 | L81: 1709 | M81: 1696 | N81: 1687 | O81: 1674 | P81: 1674 | Q81: 1674 | R81: 1674 | S81: 1674 | T81: 1674 | U81: 1674

Sheet S1 Archive
D1: Winning Team | E1: Score | F1: Score | G1: Losing Team | H1: Goals | I1: [Note] | J1: =[1]ScoreboardNCAA!I4 -> 3 | K1: =[1]ScoreboardNCAA!B2 -> Resort Area | L1: =[1]ScoreboardNCAA!F6 -> 0 | M1: =[1]ScoreboardNCAA!N6 -> 4 | N1: =[1]ScoreboardNCAA!N2 -> Cinnabar Island | O1: =[1]ScoreboardNCAA!M4 -> 1
A2: WEEK 1 | B2: 41916 | D2: Azalea Town | E2: 20 | F2: 12 | G2: Slateport City | H2: [11-7] | L2: =E2-F2 -> 8 | M2: =24+L2-4 -> 28 | O2: =1600+ROUNDUP((M2*0.5),0) -> 1614 | P2: =1600-ROUNDUP((M2*0.5),0) -> 1586 | Q2: =COUNTIF(L:L, ">22") -> 3
D3: Pacifidlog Town | E3: 18 | F3: 16 | G3: Blackthorn City | H3: [9-9] | I3: Pacifidlog trailed 7-13 | L3: =E3-F3 -> 2 | M3: =24+L3-4 -> 22 | O3: =1600+ROUNDUP((M3*0.5),0) -> 1611 | P3: =1600-ROUNDUP((M3*0.5),0) -> 1589 | Q3: =COUNT(L:L) -> 521
D4: Cianwood City | E4: 18 | F4: 14 | G4: Resort Area | H4: [8-8] | J4: 48 | L4: =E4-F4 -> 4 | M4: =24+L4-4 -> 24 | O4: =1600+ROUNDUP((M4*0.5),0) -> 1612 | P4: =1600-ROUNDUP((M4*0.5),0) -> 1588 | Q4: =30*(IF(L3<13,1+((L3-3)/12),1.75+((L3-12)/24))) -> 27.5
D5: Ever Grande City | E5: 9 | F5: 8 | G5: Ecruteak City | H5: [6-6] | I5: Ever Grande scores 3pt at 55:40 | J5: 40 | L5: =E5-F5 -> 1 | M5: =24+L5-4 -> 21 | O5: =1600+ROUNDUP((M5*0.5),0) -> 1611 | P5: =1600-ROUNDUP((M5*0.5),0) -> 1589
D6: Hearthome City | E6: 13 | F6: 12 | G6: Goldenrod City | H6: [8-7] | I6: Hearthome trailed 5-12 | J6: 32 | L6: =E6-F6 -> 1 | M6: =24+L6-4 -> 21 | O6: =1600+ROUNDUP((M6*0.5),0) -> 1611 | P6: =1600-ROUNDUP((M6*0.5),0) -> 1589
D7: Accumula Town | E7: 11 | F7: 9 | G7: Mahogany Town | H7: [7-5] | I7: Accumula trailed 0-8 | J7: 24 | L7: =E7-F7 -> 2 | M7: =24+L7-4 -> 22 | O7: =1600+ROUNDUP((M7*0.5),0) -> 1611 | P7: =1600-ROUNDUP((M7*0.5),0) -> 1589
D8: Mossdeep City | E8: 15 | F8: 14 | G8: Olivine City | H8: [6-10] | L8: =E8-F8 -> 1 | M8: =24+L8-4 -> 21 | O8: =1600+ROUNDUP((M8*0.5),0) -> 1611 | P8: =1600-ROUNDUP((M8*0.5),0) -> 1589
D9: Humilau City | E9: 21 | F9: 12 | G9: Violet City | H9: [11-9] | L9: =E9-F9 -> 9 | M9: =24+L9-4 -> 29 | O9: =1600+ROUNDUP((M9*0.5),0) -> 1615 | P9: =1600-ROUNDUP((M9*0.5),0) -> 1585
D10: Santalune City | E10: 15 | F10: 13 | G10: Fallarbor Town | H10: [9-9] | L10: =E10-F10 -> 2 | M10: =24+L10-4 -> 22 | O10: =1600+ROUNDUP((M10*0.5),0) -> 1611 | P10: =1600-ROUNDUP((M10*0.5),0) -> 1589
D11: Celestic Town | E11: 13 | F11: 9 | G11: Fortree City | H11: [8-6] | J11: 3=30 | L11: =E11-F11 -> 4 | M11: =24+L11-4 -> 24 | O11: =1600+ROUNDUP((M11*0.5),0) -> 1612 | P11: =1600-ROUNDUP((M11*0.5),0) -> 1588
D12: Lavaridge Town | E12: 13 | F12: 12 | G12: Pewter City | H12: [10-6] | I12: Lavaridge scores 1pt at 57:40 | J12: 6=33 | L12: =E12-F12 -> 1 | M12: =24+L12-4 -> 21 | O12: =1600+ROUNDUP((M12*0.5),0) -> 1611 | P12: =1600-ROUNDUP((M12*0.5),0) -> 1589
D13: Littleroot Town | E13: 14 | F13: 13 | G13: Dendemille Town | H13: [8-9] | I13: Littleroot scores 2pt at 58:80 | J13: 9=36 | L13: =E13-F13 -> 1 | M13: =24+L13-4 -> 21 | O13: =1600+ROUNDUP((M13*0.5),0) -> 1611 | P13: =1600-ROUNDUP((M13*0.5),0) -> 1589
D14: Mauville City | E14: 16 | F14: 15 | G14: Snowbelle City | H14: [8-7] | J14: 12=39 | L14: =E14-F14 -> 1 | M14: =24+L14-4 -> 21 | O14: =1600+ROUNDUP((M14*0.5),0) -> 1611 | P14: =1600-ROUNDUP((M14*0.5),0) -> 1589
D15: Oldale Town | E15: 12 | F15: 5 | G15: Fight Area | H15: [6-4] | J15: 15=40.5 | L15: =E15-F15 -> 7 | M15: =24+L15-4 -> 27 | O15: =1600+ROUNDUP((M15*0.5),0) -> 1614 | P15: =1600-ROUNDUP((M15*0.5),0) -> 1586
D16: Rustboro City | E16: 25 | F16: 16 | G16: Pastoria City | H16: [11-7] | I16: Latest goal, Pastoria at 61:70 | J16: 18=42 | L16: =E16-F16 -> 9 | M16: =24+L16-4 -> 29 | O16: =1600+ROUNDUP((M16*0.5),0) -> 1615 | P16: =1600-ROUNDUP((M16*0.5),0) -> 1585
B17: 41917 | D17: Verdanturf Town | E17: 20 | F17: 11 | G17: Cinnabar Island | H17: [13-10] | I17: Late goal, Cinnabar at 61:40 | J17: 1=21 | K17: 45 | L17: =E17-F17 -> 9 | M17: =24+L17-4 -> 29 | O17: =1600+ROUNDUP((M17*0.5),0) -> 1615 | P17: =1600-ROUNDUP((M17*0.5),0) -> 1585
D18: Canalave City | E18: 13 | F18: 3 | G18: Celadon City | H18: [10-3] | J18: 4=24 | K18: 48 | L18: =E18-F18 -> 10 | M18: =24+L18-4 -> 30 | O18: =1600+ROUNDUP((M18*0.5),0) -> 1615 | P18: =1600-ROUNDUP((M18*0.5),0) -> 1585
D19: Lacunosa Town | E19: 17 | F19: 9 | G19: Eterna City | H19: [11-5] | J19: 10=30 | K19: 54 | L19: =E19-F19 -> 8 | M19: =24+L19-4 -> 28 | O19: =1600+ROUNDUP((M19*0.5),0) -> 1614 | P19: =1600-ROUNDUP((M19*0.5),0) -> 1586
D20: Floaroma City | E20: 14 | F20: 8 | G20: Anistar City | H20: [8-5] | J20: 16=36 | K20: 60 | L20: =E20-F20 -> 6 | M20: =24+L20-4 -> 26 | O20: =1600+ROUNDUP((M20*0.5),0) -> 1613 | P20: =1600-ROUNDUP((M20*0.5),0) -> 1587
D21: Sootopolis City | E21: 16 | F21: 14 | G21: Jubilife City | H21: [12-8] | I21: OT - 13[10-7], GW 2pt, 61:60 | J21: 22=42 | K21: 66 | L21: =E21-F21 -> 2 | M21: =24+L21-4 -> 22 | O21: =1600+ROUNDUP((M21*0.5),0) -> 1611 | P21: =1600-ROUNDUP((M21*0.5),0) -> 1589
B22: 41918 | D22: Oreburgh City | E22: 14 | F22: 12 | G22: Dewford Town | H22: [10-5] | I22: Dewford opened with two 4pt goals | J22: 28=48 | K22: 72 | L22: =E22-F22 -> 2 | M22: =24+L22-4 -> 22 | O22: =1600+ROUNDUP((M22*0.5),0) -> 1611 | P22: =1600-ROUNDUP((M22*0.5),0) -> 1589
D23: Sandgem Town | E23: 19 | F23: 5 | G23: Aquacorde Town | H23: [9-3] | J23: 34=54 | K23: 78 | L23: =E23-F23 -> 14 | M23: =24+L23-4 -> 34 | O23: =1600+ROUNDUP((M23*0.5),0) -> 1617 | P23: =1600-ROUNDUP((M23*0.5),0) -> 1583
D24: Fuchsia City | E24: 19 | F24: 13 | G24: Snowpoint City | H24: [13-9] | J24: 40=60 | K24: 84 | L24: =E24-F24 -> 6 | M24: =24+L24-4 -> 26 | O24: =1600+ROUNDUP((M24*0.5),0) -> 1613 | P24: =1600-ROUNDUP((M24*0.5),0) -> 1587
D25: Castelia City | E25: 22 | F25: 14 | G25: Twinleaf Town | H25: [13-9] | L25: =E25-F25 -> 8 | M25: =24+L25-4 -> 28 | O25: =1600+ROUNDUP((M25*0.5),0) -> 1614 | P25: =1600-ROUNDUP((M25*0.5),0) -> 1586
D26: Anville Town | E26: 11 | F26: 7 | G26: Couriway Town | H26: [7-5] | L26: =E26-F26 -> 4 | M26: =24+L26-4 -> 24 | O26: =1600+ROUNDUP((M26*0.5),0) -> 1612 | P26: =1600-ROUNDUP((M26*0.5),0) -> 1588
D27: Aspertia City | E27: 21 | F27: 11 | G27: Vermilion City | H27: [12-7] | L27: =E27-F27 -> 10 | M27: =24+L27-4 -> 30 | O27: =1600+ROUNDUP((M27*0.5),0) -> 1615 | P27: =1600-ROUNDUP((M27*0.5),0) -> 1585
D28: Driftveil City | E28: 24 | F28: 10 | G28: Veilstone City | H28: [12-7] | L28: =E28-F28 -> 14 | M28: =24+L28-4 -> 34 | O28: =1600+ROUNDUP((M28*0.5),0) -> 1617 | P28: =1600-ROUNDUP((M28*0.5),0) -> 1583
B29: 41919 | D29: Floccesy Town | E29: 13 | F29: 5 | G29: Saffron City | H29: [7-4] | L29: =E29-F29 -> 8 | M29: =24+L29-4 -> 28 | O29: =1600+ROUNDUP((M29*0.5),0) -> 1614 | P29: =1600-ROUNDUP((M29*0.5),0) -> 1586
D30: Icirrus City | E30: 16 | F30: 15 | G30: Kiloude City | H30: [9-9] | L30: =E30-F30 -> 1 | M30: =24+L30-4 -> 21 | O30: =1600+ROUNDUP((M30*0.5),0) -> 1611 | P30: =1600-ROUNDUP((M30*0.5),0) -> 1589
D31: Mistralton City | E31: 15 | F31: 4 | G31: Cerulean City | H31: [10-1] | L31: =E31-F31 -> 11 | M31: =24+L31-4 -> 31 | O31: =1600+ROUNDUP((M31*0.5),0) -> 1616 | P31: =1600-ROUNDUP((M31*0.5),0) -> 1584
D32: Viridian City | E32: 12 | F32: 11 | G32: Nimbasa City | H32: [7-8] | L32: =E32-F32 -> 1 | M32: =24+L32-4 -> 21 | O32: =1600+ROUNDUP((M32*0.5),0) -> 1611 | P32: =1600-ROUNDUP((M32*0.5),0) -> 1589
D33: Vaniville Town | E33: 12 | F33: 9 | G33: Virbank City | H33: [7-6] | L33: =E33-F33 -> 3 | M33: =24+L33-4 -> 23 | O33: =1600+ROUNDUP((M33*0.5),0) -> 1612 | P33: =1600-ROUNDUP((M33*0.5),0) -> 1588
D34: Ambrette Town | E34: 16 | F34: 11 | G34: Opelucid City | H34: [9-7] | L34: =E34-F34 -> 5 | M34: =24+L34-4 -> 25 | O34: =1600+ROUNDUP((M34*0.5),0) -> 1613 | P34: =1600-ROUNDUP((M34*0.5),0) -> 1587
B35: 41920 | D35: Camphrier Town | E35: 15 | F35: 5 | G35: Striaton City | H35: [10-4] | L35: =E35-F35 -> 10 | M35: =24+L35-4 -> 30 | O35: =1600+ROUNDUP((M35*0.5),0) -> 1615 | P35: =1600-ROUNDUP((M35*0.5),0) -> 1585
D36: Coumarine City | E36: 14 | F36: 11 | G36: Sunyshore City | H36: [8-7] | L36: =E36-F36 -> 3 | M36: =24+L36-4 -> 23 | O36: =1600+ROUNDUP((M36*0.5),0) -> 1612 | P36: =1600-ROUNDUP((M36*0.5),0) -> 1588
D37: Cyllage City | E37: 18 | F37: 10 | G37: Petalburg City | H37: [11-7] | L37: =E37-F37 -> 8 | M37: =24+L37-4 -> 28 | O37: =1600+ROUNDUP((M37*0.5),0) -> 1614 | P37: =1600-ROUNDUP((M37*0.5),0) -> 1586
D38: Nacrene City | E38: 15 | F38: 12 | G38: Geosenge Town | H38: [9-8] | I38: Nacrene scores 1pt at 56:10 | L38: =E38-F38 -> 3 | M38: =24+L38-4 -> 23 | O38: =1600+ROUNDUP((M38*0.5),0) -> 1612 | P38: =1600-ROUNDUP((M38*0.5),0) -> 1588
D39: Lumiose City | E39: 14 | F39: 10 | G39: Lilycove City | H39: [9-8] | L39: =E39-F39 -> 4 | M39: =24+L39-4 -> 24 | O39: =1600+ROUNDUP((M39*0.5),0) -> 1612 | P39: =1600-ROUNDUP((M39*0.5),0) -> 1588
D40: Shalour City | E40: 16 | F40: 11 | G40: Undella Town | H40: [9-7] | L40: =E40-F40 -> 5 | M40: =24+L40-4 -> 25 | O40: =1600+ROUNDUP((M40*0.5),0) -> 1613 | P40: =1600-ROUNDUP((M40*0.5),0) -> 1587
D41: Laverre City | E41: 13 | F41: 11 | G41: Solaceon Town | H41: [10-9] | L41: =E41-F41 -> 2 | M41: =24+L41-4 -> 22 | O41: =1600+ROUNDUP((M41*0.5),0) -> 1611 | P41: =1600-ROUNDUP((M41*0.5),0) -> 1589
A42: WEEK 2 | B42: 41921 | C42: #25 v. #15 | D42: Ever Grande City | E42: 15 | F42: 12 | G42: Azalea Town | H42: [8-6] | J42: 1613 | K42: 1622 | L42: =E42-F42 -> 3 | M42: =24+L42-4 -> 23 | N42: =1/(10^(-(J42-K42)/400)+1) -> 0.48705086 | O42: =J42+ROUNDUP((M42*N42),0) -> 1625 | P42: =K42-ROUNDUP((M42*(1-N42)),0) -> 1610
D43: Blackthorn City | E43: 16 | F43: 7 | G43: Veilstone City | H43: [10-5] | J43: 1586 | K43: 1572 | L43: =E43-F43 -> 9 | M43: =24+L43-4 -> 29 | N43: =1/(10^(-(J43-K43)/400)+1) -> 0.52013672 | O43: =J43+ROUNDUP((M43*N43),0) -> 1602 | P43: =K43-ROUNDUP((M43*(1-N43)),0) -> 1558
B44: 41922 | C44: #19 v. NR | D44: Cianwood City | E44: 20 | F44: 14 | G44: Slateport City | H44: [9-6] | J44: 1617 | K44: 1578 | L44: =E44-F44 -> 6 | M44: =24+L44-4 -> 26 | N44: =1/(10^(-(J44-K44)/400)+1) -> 0.55589096 | O44: =J44+ROUNDUP((M44*N44),0) -> 1632 | P44: =K44-ROUNDUP((M44*(1-N44)),0) -> 1566
B45: 41923 | D45: Ecruteak City | E45: 17 | F45: 12 | G45: Dewford Town | H45: [12-6] | J45: 1587 | K45: 1586 | L45: =E45-F45 -> 5 | M45: =24+L45-4 -> 25 | N45: =1/(10^(-(J45-K45)/400)+1) -> 0.50143911 | O45: =J45+ROUNDUP((M45*N45),0) -> 1600 | P45: =K45-ROUNDUP((M45*(1-N45)),0) -> 1573
C46: #11 v. NR | D46: Lacunosa Town | E46: 21 | F46: 9 | G46: Goldenrod City | H46: [11-6] | J46: 1622 | K46: 1587 | L46: =E46-F46 -> 12 | M46: =24+L46-4 -> 32 | N46: =1/(10^(-(J46-K46)/400)+1) -> 0.55019935 | O46: =J46+ROUNDUP((M46*N46),0) -> 1640 | P46: =K46-ROUNDUP((M46*(1-N46)),0) -> 1572
D47: Sootopolis City | E47: 17 | F47: 9 | G47: Mahogany Town | H47: [11-7] | J47: 1614 | K47: 1586 | L47: =E47-F47 -> 8 | M47: =24+L47-4 -> 28 | N47: =1/(10^(-(J47-K47)/400)+1) -> 0.54020823 | O47: =J47+ROUNDUP((M47*N47),0) -> 1630 | P47: =K47-ROUNDUP((M47*(1-N47)),0) -> 1573
D48: Olivine City | E48: 17 | F48: 12 | G48: Pastoria City | H48: [11-7] | J48: 1587 | K48: 1577 | L48: =E48-F48 -> 5 | M48: =24+L48-4 -> 25 | N48: =1/(10^(-(J48-K48)/400)+1) -> 0.51438718 | O48: =J48+ROUNDUP((M48*N48),0) -> 1600 | P48: =K48-ROUNDUP((M48*(1-N48)),0) -> 1564
D49: Kiloude City | E49: 11 | F49: 8 | G49: Violet City | H49: [7-6] | J49: 1587 | K49: 1577 | L49: =E49-F49 -> 3 | M49: =24+L49-4 -> 23 | N49: =1/(10^(-(J49-K49)/400)+1) -> 0.51438718 | O49: =J49+ROUNDUP((M49*N49),0) -> 1599 | P49: =K49-ROUNDUP((M49*(1-N49)),0) -> 1565
D50: Fallarbor Town | E50: 23 | F50: 9 | G50: Cinnabar Island | H50: [12-6] | J50: 1586 | K50: 1577 | L50: =E50-F50 -> 14 | M50: =24+L50-4 -> 34 | N50: =1/(10^(-(J50-K50)/400)+1) -> 0.51294914 | O50: =J50+ROUNDUP((M50*N50),0) -> 1604 | P50: =K50-ROUNDUP((M50*(1-N50)),0) -> 1560
D51: Couriway Town | E51: 27 | F51: 5 | G51: Fortree City | H51: [15-4] | I51: 18pts [9] in 1st Half by Couriway | J51: 1583 | K51: 1583 | L51: =E51-F51 -> 22 | M51: =24+L51-4 -> 42 | N51: =1/(10^(-(J51-K51)/400)+1) -> 0.5 | O51: =J51+ROUNDUP((M51*N51),0) -> 1604 | P51: =K51-ROUNDUP((M51*(1-N51)),0) -> 1562
D52: Cerulean City | E52: 20 | F52: 8 | G52: Lavaridge Town | H52: [11-5] | L52: =E52-F52 -> 12 | M52: =24+L52-4 -> 32
D53: Celestic Town | E53: 19 | F53: 16 | G53: Littleroot Town | H53: [10-7] | L53: =E53-F53 -> 3 | M53: =24+L53-4 -> 23
C54: #20 v. NR | D54: Mauville City | E54: 11 | F54: 9 | G54: Fight Area | H54: [7-4] | L54: =E54-F54 -> 2 | M54: =24+L54-4 -> 22
C55: NR. v. #6 | D55: Celadon City | E55: 18 | F55: 9 | G55: Oldale Town | H55: [11-4] | L55: =E55-F55 -> 9 | M55: =24+L55-4 -> 29
C56: #3 v. NR | D56: Rustboro City | E56: 18 | F56: 4 | G56: Saffron City | H56: [8-2] | L56: =E56-F56 -> 14 | M56: =24+L56-4 -> 34
C57: NR v. #10 | D57: Aquacorde Town | E57: 10 | F57: 6 | G57: Verdanturf Town | H57: [7-1] | L57: =E57-F57 -> 4 | M57: =24+L57-4 -> 24
C58: NR v. #13 | D58: Accumula Town | E58: 18 | F58: 16 | G58: Canalave City | H58: [9-7] | L58: =E58-F58 -> 2 | M58: =24+L58-4 -> 22
D59: Anistar City | E59: 18 | F59: 11 | G59: Eterna City | H59: [11-7] | L59: =E59-F59 -> 7 | M59: =24+L59-4 -> 27
C60: NR v. #23 | D60: Nacrene City | E60: 20 | F60: 16 | G60: Floaroma City | H60: [12-8] | L60: =E60-F60 -> 4 | M60: =24+L60-4 -> 24
D61: Jubilife City | E61: 10 | F61: 9 | G61: Snowbelle City | H61: [7-5] | L61: =E61-F61 -> 1 | M61: =24+L61-4 -> 21
D62: Petalburg City | E62: 19 | F62: 14 | G62: Oreburgh City | H62: [11-8] | L62: =E62-F62 -> 5 | M62: =24+L62-4 -> 25
C63: #2 v. NR | D63: Sandgem Town | E63: 27 | F63: 18 | G63: Opelucid City | H63: [15-12] | I63: OT - 18[12-10] | L63: =E63-F63 -> 9 | M63: =24+L63-4 -> 29
C64: NR v. #20 | D64: Snowpoint City | E64: 15 | F64: 13 | G64: Mossdeep City | H64: [8-7] | L64: =E64-F64 -> 2 | M64: =24+L64-4 -> 22
D65: Twinleaf Town | E65: 10 | F65: 7 | G65: Vermilion City | H65: [6-6] | L65: =E65-F65 -> 3 | M65: =24+L65-4 -> 23
C66: #22 v. #18 | D66: Anville Town | E66: 17 | F66: 5 | G66: Pacifidlog Town | H66: [10-4] | L66: =E66-F66 -> 12 | M66: =24+L66-4 -> 32
C67: #4 v. NR | D67: Aspertia City | E67: 21 | F67: 14 | G67: Solaceon Town | H67: [9-8] | L67: =E67-F67 -> 7 | M67: =24+L67-4 -> 27
C68: #1 v. NR | D68: Driftveil City | E68: 14 | F68: 11 | G68: Santalune City | H68: [5-6] | L68: =E68-F68 -> 3 | M68: =24+L68-4 -> 23
C69: #7 v. NR | D69: Floccesy Town | E69: 20 | F69: 12 | G69: Hearthome City | H69: [9-6] | L69: =E69-F69 -> 8 | M69: =24+L69-4 -> 28
C70: #24 v. NR | D70: Icirrus City | E70: 12 | F70: 6 | G70: Vaniville Town | H70: [7-4] | L70: =E70-F70 -> 6 | M70: =24+L70-4 -> 26
C71: #6 v. NR | D71: Mistralton City | E71: 23 | F71: 17 | G71: Sunyshore City | H71: [12-10] | I71: 21pts(17) [11] in 1st by [#6] Mistralton | L71: =E71-F71 -> 6 | M71: =24+L71-4 -> 26
D72: Nimbasa City | E72: 25 | F72: 10 | G72: Resort Area | H72: [13-6] | L72: =E72-F72 -> 15 | M72: =24+L72-4 -> 35
D73: Virbank City | E73: 17 | F73: 8 | G73: Dendemille Town | H73: [9-5] | L73: =E73-F73 -> 9 | M73: =24+L73-4 -> 29
C74: NR v. #16 | D74: Lilycove City | E74: 20 | F74: 12 | G74: Ambrette Town | H74: [13-7] | L74: =E74-F74 -> 8 | M74: =24+L74-4 -> 28
C75: NR v. #9 | D75: Pewter City | E75: 19 | F75: 18 | G75: Camphrier Town | H75: [11-9] | L75: =E75-F75 -> 1 | M75: =24+L75-4 -> 21
D76: Coumarine City | E76: 20 | F76: 13 | G76: Striaton City | H76: [11-8] | L76: =E76-F76 -> 7 | M76: =24+L76-4 -> 27
B77: 41924 | C77: #12 v. NR | D77: Cyllage City | E77: 14 | F77: 13 | G77: Viridian City | H77: [6-7] | I77: GW 1pt at 57:10 | L77: =E77-F77 -> 1 | M77: =24+L77-4 -> 21
C78: #13 v. NR | D78: Castelia City | E78: 25 | F78: 2 | G78: Geosenge Town | H78: [10-1] | I78: Geosenge: Only 2pt at 46:90 | L78: =E78-F78 -> 23 | M78: =24+L78-4 -> 43
C79: NR v. #25 | D79: Lumiose City | E79: 15 | F79: 14 | G79: Fuchsia City | H79: [8-10] | L79: =E79-F79 -> 1 | M79: =24+L79-4 -> 21
D80: Laverre City | E80: 9 | F80: 6 | G80: Undella Town | H80: [5-4] | L80: =E80-F80 -> 3 | M80: =24+L80-4 -> 23
C81: #16 v. #5 | D81: Shalour City | E81: 24 | F81: 21 | G81: Humilau City | H81: [15-9] | I81: OT - 21[13-9] | L81: =E81-F81 -> 3 | M81: =24+L81-4 -> 23
A82: WEEK 3 | B82: 41939 | D82: Azalea Town | E82: 16 | F82: 7 | G82: Violet City | H82: [12-4] | L82: =E82-F82 -> 9 | M82: =24+L82-4 -> 29
D83: Viridian City | E83: 18 | F83: 8 | G83: Celadon City | H83: [9-6] | L83: =E83-F83 -> 10 | M83: =24+L83-4 -> 30
B84: 41940 | C84: #23 v. NR | D84: Fallarbor Town | E84: 19 | F84: 4 | G84: Verdanturf Town | H84: [8-3] | L84: =E84-F84 -> 15 | M84: =24+L84-4 -> 35
C85: #13 v. NR | D85: Sootopolis City | E85: 17 | F85: 13 | G85: Dewford Town | H85: [7-7] | L85: =E85-F85 -> 4 | M85: =24+L85-4 -> 24
D86: Canalave City | E86: 12 | F86: 10 | G86: Twinleaf Town | H86: [9-5] | L86: =E86-F86 -> 2 | M86: =24+L86-4 -> 22
B87: 41941 | D87: Celestic Town | E87: 13 | F87: 11 | G87: Veilstone City | H87: [8-6] | L87: =E87-F87 -> 2 | M87: =24+L87-4 -> 22
C88: #9 v. #24 | D88: Anville Town | E88: 15 | F88: 9 | G88: Virbank City | H88: [6-6] | L88: =E88-F88 -> 6 | M88: =24+L88-4 -> 26
B89: 41942 | C89: #22 v. NR | D89: Accumula Town | E89: 10 | F89: 9 | G89: Undella Town | H89: [6-7] | L89: =E89-F89 -> 1 | M89: =24+L89-4 -> 21
C90: #20 v. NR | D90: Laverre City | E90: 20 | F90: 13 | G90: Ambrette Town | H90: [8-6] | L90: =E90-F90 -> 7 | M90: =24+L90-4 -> 27
D91: Vaniville Town | E91: 17 | F91: 8 | G91: Anistar City | H91: [12-4] | L91: =E91-F91 -> 9 | M91: =24+L91-4 -> 29
D92: Blackthorn City | E92: 9 | F92: 6 | G92: Olivine City | H92: [6-5] | L92: =E92-F92 -> 3 | M92: =24+L92-4 -> 23
D93: Vermilion City | E93: 9 | F93: 7 | G93: Cerulean City | H93: [6-5] | L93: =E93-F93 -> 2 | M93: =24+L93-4 -> 22
C94: NR v. #2 | D94: Fortree City | E94: 17 | F94: 16 | G94: Rustboro City | H94: [12-5] | I94: OT - 14[10-4], GW 2pt @ 60+2' | L94: =E94-F94 -> 1 | M94: =24+L94-4 -> 21
B95: 41944 | C95: NR v. #21 | D95: Slateport City | E95: 16 | F95: 11 | G95: Ever Grande City | H95: [7-6] | L95: =E95-F95 -> 5 | M95: =24+L95-4 -> 25
D96: Snowpoint City | E96: 26 | F96: 14 | G96: Eterna City | H96: [15-8] | L96: =E96-F96 -> 12 | M96: =24+L96-4 -> 32
D97: Sunyshore City | E97: 15 | F97: 6 | G97: Fight Area | H97: [10-4] | L97: =E97-F97 -> 9 | M97: =24+L97-4 -> 29
C98: #6 v. #18 | D98: Aspertia City | E98: 19 | F98: 8 | G98: Nimbasa City | H98: [10-7] | L98: =E98-F98 -> 11 | M98: =24+L98-4 -> 31
C99: #1 v. NR | D99: Castelia City | E99: 19 | F99: 16 | G99: Striaton City | H99: [9-8] | L99: =E99-F99 -> 3 | M99: =24+L99-4 -> 23
B100: 41946 | C100: #16 v. NR | D100: Shalour City | E100: 16 | F100: 9 | G100: Camphrier Town | H100: [8-5] | L100: =E100-F100 -> 7 | M100: =24+L100-4 -> 27
...

Sheet XS1
A1: VLOOKUP(A2, Sheet7!$C$46:$F$125, 4, FALSE) | B1: W1 | C1: W2 | D1: W3 | E1: W4 | F1: W5 | G1: W6 | H1: W7 | I1: W8 | J1: W9 | K1: W10 | L1: W11 | M1: W12 | N1: W13 | O1: W14 | P1: W15 | Q1: W16 | R1: W17 | S1: W18 | T1: W19
A2: Rustboro City | B2: 1623 | C2: 1647 | D2: 1631 | E2: 1644 | F2: 1671 | G2: 1683 | H2: 1695 | I2: 1716 | J2: 1738 | K2: 1754 | L2: 1766 | M2: 1776 | N2: 1784 | O2: 1811 | P2: 1832 | Q2: 1872 | R2: 1872 | S2: 1899 | T2: 1865
A3: Saffron City | B3: 1578 | C3: 1554 | D3: 1527 | E3: 1551 | F3: 1534 | G3: 1556 | H3: 1532 | I3: 1553 | J3: 1582 | K3: 1604 | L3: 1627 | M3: 1648 | N3: 1664 | O3: 1690 | P3: 1728 | Q3: 1688 | R3: 1741 | S3: 1777 | T3: 1811
A4: Vaniville Town | B4: 1615 | C4: 1596 | D4: 1619 | E4: 1637 | F4: 1658 | G4: 1669 | H4: 1688 | I4: 1708 | J4: 1723 | K4: 1743 | L4: 1716 | M4: 1687 | N4: 1705 | O4: 1726 | P4: 1779 | Q4: 1808 | R4: 1808 | S4: 1772 | T4: 1772
A5: Mistralton City | B5: 1625 | C5: 1642 | D5: 1671 | E5: 1696 | F5: 1718 | G5: 1729 | H5: 1744 | I5: 1757 | J5: 1739 | K5: 1751 | L5: 1731 | M5: 1741 | N5: 1761 | O5: 1723 | P5: 1756 | Q5: 1727 | R5: 1762 | S5: 1735 | T5: 1735
A6: Humilau City | B6: 1623 | C6: 1607 | D6: 1636 | E6: 1611 | F6: 1633 | G6: 1620 | H6: 1647 | I6: 1663 | J6: 1647 | K6: 1661 | L6: 1691 | M6: 1705 | N6: 1718 | O6: 1718 | P6: 1718 | Q6: 1718 | R6: 1718 | S6: 1718 | T6: 1718
A7: Sandgem Town | B7: 1628 | C7: 1648 | D7: 1621 | E7: 1634 | F7: 1657 | G7: 1666 | H7: 1690 | I7: 1701 | J7: 1710 | K7: 1732 | L7: 1709 | M7: 1718 | N7: 1732 | O7: 1705 | P7: 1705 | Q7: 1705 | R7: 1705 | S7: 1705 | T7: 1705
A8: Coumarine City | B8: 1615 | C8: 1633 | D8: 1646 | E8: 1670 | F8: 1652 | G8: 1664 | H8: 1675 | I8: 1692 | J8: 1705 | K8: 1680 | L8: 1700 | M8: 1712 | N8: 1698 | O8: 1698 | P8: 1698 | Q8: 1698 | R8: 1698 | S8: 1698 | T8: 1698
A9: Celestic Town | B9: 1617 | C9: 1632 | D9: 1643 | E9: 1656 | F9: 1667 | G9: 1690 | H9: 1674 | I9: 1692 | J9: 1702 | K9: 1712 | L9: 1728 | M9: 1739 | N9: 1714 | O9: 1741 | P9: 1703 | Q9: 1749 | R9: 1696 | S9: 1696 | T9: 1696
A10: Aquacorde Town | B10: 1572 | C10: 1591 | D10: 1607 | E10: 1629 | F10: 1642 | G10: 1667 | H10: 1681 | I10: 1693 | J10: 1708 | K10: 1688 | L10: 1702 | M10: 1716 | N10: 1693 | O10: 1693 | P10: 1693 | Q10: 1693 | R10: 1693 | S10: 1693 | T10: 1693
A11: Jubilife City | B11: 1586 | C11: 1599 | D11: 1616 | E11: 1632 | F11: 1646 | G11: 1660 | H11: 1633 | I11: 1647 | J11: 1656 | K11: 1634 | L11: 1664 | M11: 1674 | N11: 1689 | O11: 1689 | P11: 1689 | Q11: 1689 | R11: 1689 | S11: 1689 | T11: 1689
A12: Driftveil City | B12: 1628 | C12: 1643 | D12: 1614 | E12: 1626 | F12: 1640 | G12: 1659 | H12: 1670 | I12: 1683 | J12: 1693 | K12: 1715 | L12: 1726 | M12: 1737 | N12: 1746 | O12: 1746 | P12: 1693 | Q12: 1721 | R12: 1686 | S12: 1686 | T12: 1686
A13: Nacrene City | B13: 1615 | C13: 1632 | D13: 1656 | E13: 1681 | F13: 1666 | G13: 1675 | H13: 1647 | I13: 1665 | J13: 1683 | K13: 1669 | L13: 1691 | M13: 1700 | N13: 1679 | O13: 1679 | P13: 1679 | Q13: 1679 | R13: 1679 | S13: 1679 | T13: 1679
... A81: Pewter City | B81: 1587 | C81: 1601 | D81: 1586 | E81: 1573 | F81: 1558 | G81: 1545 | H81: 1534 | I81: 1510 | J81: 1495 | K81: 1480 | L81: 1462 | M81: 1451 | N81: 1435 | O81: 1435 | P81: 1435 | Q81: 1435 | R81: 1435 | S81: 1435 | T81: 1435

Sheet XS2
C1: VLOOKUP(C2, Sheet7!$C$54:$F$149, 4, FALSE) | D1: START | E1: W1 | F1: W2 | G1: W3 | H1: W4 | I1: W5 | J1: W6 | K1: W7 | L1: W8 | M1: W9 | N1: W10 | O1: W11 | P1: W12 | Q1: W13 | R1: W14 | S1: W15 | T1: W16 | U1: W17 | V1: W18 | W1: W19 | X1: W20 | Y1: W21
C2: Geosenge Town | D2: 1655 | E2: 1671 | F2: 1678 | G2: 1703 | H2: 1711 | I2: 1720 | J2: 1744 | K2: 1720 | L2: 1738 | M2: 1757 | N2: 1770 | O2: 1784 | P2: 1794 | Q2: 1818 | R2: 1818 | S2: 1818 | T2: 1788 | U2: 1815 | V2: 1871 | W2: 1899 | X2: 1920 | Y2: 1950
C3: Vaniville Town | D3: 1772 | E3: 1781 | F3: 1793 | G3: 1809 | H3: 1818 | I3: 1794 | J3: 1760 | K3: 1769 | L3: 1777 | M3: 1788 | N3: 1798 | O3: 1809 | P3: 1823 | Q3: 1823 | R3: 1823 | S3: 1823 | T3: 1823 | U3: 1823 | V3: 1823 | W3: 1823 | X3: 1823 | Y3: 1823
C4: Solaceon Town | D4: 1490 | E4: 1508 | F4: 1524 | G4: 1540 | H4: 1557 | I4: 1596 | J4: 1610 | K4: 1599 | L4: 1580 | M4: 1594 | N4: 1621 | O4: 1639 | P4: 1652 | Q4: 1693 | R4: 1693 | S4: 1693 | T4: 1731 | U4: 1781 | V4: 1751 | W4: 1784 | X4: 1784 | Y4: 1784
C5: Castelia City | D5: 1664 | E5: 1678 | F5: 1699 | G5: 1719 | H5: 1736 | I5: 1749 | J5: 1760 | K5: 1770 | L5: 1780 | M5: 1793 | N5: 1771 | O5: 1742 | P5: 1760 | Q5: 1781 | R5: 1781 | S5: 1781 | T5: 1812 | U5: 1833 | V5: 1863 | W5: 1830 | X5: 1809 | Y5: 1779
C6: Rustboro City | D6: 1865 | E6: 1873 | F6: 1879 | G6: 1886 | H6: 1894 | I6: 1906 | J6: 1912 | K6: 1918 | L6: 1923 | M6: 1931 | N6: 1908 | O6: 1874 | P6: 1848 | Q6: 1865 | R6: 1865 | S6: 1865 | T6: 1828 | U6: 1853 | V6: 1797 | W6: 1769 | X6: 1769 | Y6: 1769
C7: Oreburgh City | D7: 1636 | E7: 1662 | F7: 1678 | G7: 1708 | H7: 1723 | I7: 1734 | J7: 1719 | K7: 1728 | L7: 1746 | M7: 1755 | N7: 1769 | O7: 1780 | P7: 1789 | Q7: 1748 | R7: 1748 | S7: 1748 | T7: 1785 | U7: 1760 | V7: 1760 | W7: 1760 | X7: 1760 | Y7: 1760
C8: Viridian City | D8: 1578 | E8: 1564 | F8: 1544 | G8: 1561 | H8: 1541 | I8: 1524 | J8: 1543 | K8: 1555 | L8: 1574 | M8: 1594 | N8: 1610 | O8: 1625 | P8: 1643 | Q8: 1663 | R8: 1712 | S8: 1748 | T8: 1778 | U8: 1751 | V8: 1751 | W8: 1751 | X8: 1751 | Y8: 1751
C9: Humilau City | D9: 1718 | E9: 1698 | F9: 1709 | G9: 1720 | H9: 1695 | I9: 1677 | J9: 1691 | K9: 1704 | L9: 1711 | M9: 1734 | N9: 1745 | O9: 1763 | P9: 1745 | Q9: 1745 | R9: 1745 | S9: 1745 | T9: 1745 | U9: 1745 | V9: 1745 | W9: 1745 | X9: 1745 | Y9: 1745
C10: Cinnabar Island | D10: 1548 | E10: 1584 | F10: 1611 | G10: 1622 | H10: 1607 | I10: 1642 | J10: 1650 | K10: 1676 | L10: 1657 | M10: 1667 | N10: 1685 | O10: 1710 | P10: 1731 | Q10: 1731 | R10: 1731 | S10: 1731 | T10: 1731 | U10: 1731 | V10: 1731 | W10: 1731 | X10: 1731 | Y10: 1731
C11: Lumiose City | D11: 1614 | E11: 1646 | F11: 1672 | G11: 1691 | H11: 1659 | I11: 1676 | J11: 1689 | K11: 1713 | L11: 1695 | M11: 1714 | N11: 1729 | O11: 1750 | P11: 1762 | Q11: 1762 | R11: 1693 | S11: 1729 | T11: 1729 | U11: 1729 | V11: 1729 | W11: 1729 | X11: 1729 | Y11: 1729
C12: Saffron City | D12: 1811 | E12: 1788 | F12: 1795 | G12: 1801 | H12: 1816 | I12: 1776 | J12: 1782 | K12: 1792 | L12: 1799 | M12: 1779 | N12: 1788 | O12: 1749 | P12: 1720 | Q12: 1720 | R12: 1720 | S12: 1720 | T12: 1720 | U12: 1720 | V12: 1720 | W12: 1720 | X12: 1720 | Y12: 1720
C13: Sandgem Town | D13: 1705 | E13: 1712 | F13: 1724 | G13: 1740 | H13: 1754 | I13: 1726 | J13: 1741 | K13: 1720 | L13: 1728 | M13: 1742 | N13: 1765 | O13: 1747 | P13: 1719 | Q13: 1719 | R13: 1719 | S13: 1719 | T13: 1719 | U13: 1719 | V13: 1719 | W13: 1719 | X13: 1719 | Y13: 1719
... C97: Dendemille Town | D97: 1527 | E97: 1518 | F97: 1538 | G97: 1519 | H97: 1505 | I97: 1487 | J97: 1464 | K97: 1449 | L97: 1439 | M97: 1429 | N97: 1424 | O97: 1414 | P97: 1402 | Q97: 1402 | R97: 1402 | S97: 1402 | T97: 1402 | U97: 1402 | V97: 1402 | W97: 1402 | X97: 1402 | Y97: 1402

Sheet XS3
A1: VLOOKUP(A2, Sheet7!$C$62:$F$173, 4, FALSE) | B1: START | C1: W1 | D1: W2 | E1: W3 | F1: W4 | G1: W5 | H1: W6 | I1: W7 | J1: W8 | K1: W9 | L1: W10 | M1: W11 | N1: W12 | O1: W13 | P1: W14 | Q1: W15 | R1: W16 | S1: W17 | T1: W18 | U1: W19 | V1: W20 | W1: W21 | X1: W22 | Y1: W23 | Z1: W24 | AA1: W25 | AB1: W26 | AC1: W27 | AD1: W28 | AE1: W29 | AF1: W30 | AG1: W31 | AH1: W32 | AI1: W33 | AJ1: W34 | AK1: W35 | AL1: W36 | AM1: W37 | AN1: W38 | AO1: W39 | AP1: W40 | AQ1: W41 | AR1: W42 | AS1: W43 | AT1: W44 | AU1: W45 | AV1: W46 | AW1: W47 | AX1: W48 | AY1: W49 | AZ1: W50 | BA1: W51 | BB1: W52 | BC1: W53 | BD1: W54 | BE1: W55 | BF1: W56 | BG1: W57 | BH1: W58 | BI1: W59 | BJ1: W60 | BK1: W61 | BL1: W62 | BM1: W63 | BN1: W64 | BO1: W65 | BP1: W66 | BQ1: W67 | BR1: W68 | BS1: W69 | BT1: W70 | BU1: W71 | BV1: W72 | BW1: W73 | BX1: W74 | BY1: W75 | BZ1: W76 | CA1: W77 | CB1: W78 | CC1: W79 | CD1: W80 | CE1: W81 | CF1: W82 | CG1: W83 | CH1: W84 | CI1: W85 | CJ1: W86
A2: Geosenge Town | B2: 1950 | C2: 1955 | D2: 1958 | E2: 1919 | F2: 1925 | G2: 1925 | H2: 1925 | I2: 1902 | J2: 1902 | K2: 1902 | L2: 1911 | M2: 1911 | N2: 1911 | O2: 1916 | P2: 1921 | Q2: 1882
A3: Vaniville Town | B3: 1823 | C3: 1839 | D3: 1849 | E3: 1819 | F3: 1829 | G3: 1829 | H3: 1829 | I3: 1852 | J3: 1852 | K3: 1852 | L3: 1824 | M3: 1824 | N3: 1824 | O3: 1833 | P3: 1844 | Q3: 1851
A4: Lumiose City | B4: 1729 | C4: 1746 | D4: 1758 | E4: 1778 | F4: 1794 | G4: 1794 | H4: 1794 | I4: 1806 | J4: 1806 | K4: 1806 | L4: 1813 | M4: 1813 | N4: 1813 | O4: 1825 | P4: 1839 | Q4: 1845
A5: Cinnabar Island | B5: 1731 | C5: 1755 | D5: 1777 | E5: 1794 | F5: 1800 | G5: 1800 | H5: 1800 | I5: 1810 | J5: 1810 | K5: 1810 | L5: 1816 | M5: 1816 | N5: 1816 | O5: 1836 | P5: 1856 | Q5: 1832
A6: Humilau City | B6: 1745 | C6: 1718 | D6: 1730 | E6: 1745 | F6: 1760 | G6: 1760 | H6: 1760 | I6: 1770 | J6: 1770 | K6: 1782 | L6: 1790 | M6: 1790 | N6: 1790 | O6: 1805 | P6: 1818 | Q6: 1825
A7: Resort Area | B7: 1585 | C7: 1606 | D7: 1633 | E7: 1665 | F7: 1679 | G7: 1679 | H7: 1679 | I7: 1689 | J7: 1689 | K7: 1711 | L7: 1739 | M7: 1764 | N7: 1778 | O7: 1753 | P7: 1771 | Q7: 1801
A8: Castelia City | B8: 1779 | C8: 1788 | D8: 1794 | E8: 1800 | F8: 1808 | G8: 1808 | H8: 1808 | I8: 1762 | J8: 1762 | K8: 1762 | L8: 1740 | M8: 1740 | N8: 1740 | O8: 1756 | P8: 1768 | Q8: 1775
A9: Cianwood City | B9: 1601 | C9: 1619 | D9: 1637 | E9: 1658 | F9: 1638 | G9: 1638 | H9: 1638 | I9: 1655 | J9: 1671 | K9: 1671 | L9: 1681 | M9: 1694 | N9: 1708 | O9: 1752 | P9: 1766 | Q9: 1773
A10: Veilstone City | B10: 1639 | C10: 1652 | D10: 1663 | E10: 1641 | F10: 1669 | G10: 1669 | H10: 1669 | I10: 1686 | J10: 1686 | K10: 1708 | L10: 1723 | M10: 1744 | N10: 1757 | O10: 1777 | P10: 1794 | Q10: 1764
A11: Postwick | B11: 1600 | C11: 1614 | D11: 1626 | E11: 1660 | F11: 1672 | G11: 1672 | H11: 1672 | I11: 1686 | J11: 1686 | K11: 1686 | L11: 1706 | M11: 1706 | N11: 1706 | O11: 1726 | P11: 1740 | Q11: 1764
A12: Kala'e Bay | B12: 1656 | C12: 1633 | D12: 1665 | E12: 1695 | F12: 1707 | G12: 1707 | H12: 1707 | I12: 1723 | J12: 1723 | K12: 1723 | L12: 1740 | M12: 1740 | N12: 1740 | O12: 1757 | P12: 1714 | Q12: 1748
A13: Vermilion City | B13: 1576 | C13: 1606 | D13: 1628 | E13: 1644 | F13: 1624 | G13: 1624 | H13: 1647 | I13: 1622 | J13: 1647 | K13: 1666 | L13: 1682 | M13: 1699 | N13: 1720 | O13: 1720 | P13: 1720 | Q13: 1737
... A113: Ecruteak City | B113: 1475 | C113: 1466 | D113: 1452 | E113: 1442 | F113: 1436 | G113: 1420 | H113: 1398 | I113: 1387 | J113: 1387 | K113: 1387 | L113: 1377 | M113: 1377 | N113: 1377 | O113: 1377 | P113: 1377 | Q113: 1372
