Workbook

Sheet ScoreboardNCAA
B1: =(INDEX(Rankings!BS2:BS113,I4,1)) -> 0.57191123 | C1: =(INDEX(Rankings!BU2:BU113,I4,1)) -> 5.8880185 | D1: =INDEX(Rankings!BV2:BV113,I4,1)-INDEX(Rankings!BW2:BW113,M4,1) -> -0.4809036 | H1: =CONCATENATE(INDEX(Rankings!B2:'Rankings'!G113, (I4), 1)," Conference - ",INDEX(Rankings!B2:'Rankings'!G113, (I4), 2)," Pod") -> Indigo Conference - West Johto Pod | I1: =CONCATENATE("Conf ", INDEX(Rankings!D2:'Rankings'!J113, (I4), 6),"-",INDEX(Rankings!D2:'Rankings'!J113, (I4), 7)) -> Conf 5-4 | J1: =((1-(((AVERAGE(I4,M4)*(IF(AND(I4<26, M4<26), 0.875, IF(OR(I4<26, M4<26), 1, IF(AND(I4>56, M4>56), 1.25, 1.125)))))+(IF(J18>0, J17, L17)))*(1-IF(A2="AGG", 0.04, 0)-IF(OR(A3="CCC", A3="UTL"), 0.04, 0)-IF(OR(A3="MRL", A3="WCS"), 0.06, 0)-IF(A3="CHMP", 0.08, 0))/140))*100)+(IF(K8>2, K8-2, 0)) -> 647.04355 | K1: =((((T1-B1)/0.15)*3)+((IF(A3="CCC", 1, IF(A3="", 0.5, 0.75))))+((0.125*L1*ABS(C5-S5))+0.5)+((S1-C1)/2)+(IF(A3="WCS", (1/2)*(T5-B5), 0))) -> 5.9169688 | L1: =IF(HLOOKUP(INDEX(Rankings!B2:'Rankings'!B113,(M4),1),B25:H26,2,FALSE)="Perfect",2,IF(HLOOKUP(INDEX(Rankings!B2:'Rankings'!B113,(M4),1),B25:H26,2,FALSE)="Beautiful",(5/3),IF(HLOOKUP(INDEX(Rankings!B2:'Rankings'!B113,(M4),1),B25:H26,2,FALSE)="Good",(4/3),IF(HLOOKUP(INDEX(Rankings!B2:'Rankings'!B113,(M4),1),B25:H26,2,FALSE)="Normal",1,IF(HLOOKUP(INDEX(Rankings!B2:'Rankings'!B113,(M4),1),B25:H26,2,FALSE)="Subpar",(2/3), IF(HLOOKUP(INDEX(Rankings!B2:'Rankings'!B113,(M4),1),B25:H26,2,FALSE)="Stormy",(1/3), 0)))))) -> 1 | M1: =CONCATENATE("Conf ", INDEX(Rankings!D2:'Rankings'!J113, (M4), 6),"-",INDEX(Rankings!D2:'Rankings'!J113, (M4), 7)) -> Conf 6-3 | N1: =CONCATENATE(INDEX(Rankings!B2:'Rankings'!G113, (M4), 1)," Conference - ",INDEX(Rankings!B2:'Rankings'!G113, (M4), 2)," Pod") -> Indigo Conference - West Johto Pod | R1: =INDEX(Rankings!BV2:BV113,M4,1)-INDEX(Rankings!BW2:BW113,I4,1) -> -0.1511182 | S1: =(INDEX(Rankings!BU2:BU113,M4,1)) -> 7.1778261 | T1: =(INDEX(Rankings!BS2:BS113,M4,1)) -> 0.76468114
A2: AGG | B2: =INDEX(Rankings!D2:'Rankings'!D113, (I4), 1) -> Goldenrod City | I2: =CONCATENATE("Seas ", INDEX(Rankings!D2:'Rankings'!G113, (I4), 3),"-",INDEX(Rankings!D2:'Rankings'!G113, (I4), 4)) -> Seas 7-6 | J2: RESORT AREA | M2: =CONCATENATE("Seas ", INDEX(Rankings!D2:'Rankings'!G113, (M4), 3),"-",INDEX(Rankings!D2:'Rankings'!G113, (M4), 4)) -> Seas 10-3 | N2: =INDEX(Rankings!D2:'Rankings'!D113, (M4), 1) -> Cianwood City
A3: CHMP | I3: =CONCATENATE("Ovr ", (INDEX(Rankings!D2:'Rankings'!N113,(I4),3)+INDEX(Rankings!D2:'Rankings'!N113,(I4),9)), "-", (INDEX(Rankings!D2:'Rankings'!N113,(I4),4)+INDEX(Rankings!D2:'Rankings'!N113,(I4),10))) -> Ovr 11-13 | J3: SEASON THREE CHAMPIONS | M3: =CONCATENATE("Ovr ", (INDEX(Rankings!D2:'Rankings'!N113,(M4),3)+INDEX(Rankings!D2:'Rankings'!N113,(M4),9)), "-", (INDEX(Rankings!D2:'Rankings'!N113,(M4),4)+INDEX(Rankings!D2:'Rankings'!N113,(M4),10))) -> Ovr 25-8
A4: 2.25 | I4: 3 | J4: =IF(((SUM(J19:J26)-IF(J20>F6,J20-F6,0)+IF(J20<-N6,-N6-J20, 0))*J27)<0, 0, ((SUM(J19:J26)-IF(J20>F6,J20-F6,0)+IF(J20<-N6,-N6-J20, 0))*J27)) -> 0 | K4: D-SCORE | L4: =IF(((SUM(L19:L26)-IF(L20>N6,L20-N6,0)+IF(L20<-F6,-F6-L20, 0))*L27)<0, 0, ((SUM(L19:L26)-IF(L20>N6,L20-N6,0)+IF(L20<-F6,-F6-L20, 0))*L27)) -> 89.205962 | M4: 1
B5: =(INDEX(Rankings!BT2:BT113,I4,1)) -> 4 | C5: =INDEX(Rankings!BR2:BR113,I4,1) -> 0.33333333 | D5: =INDEX(Rankings!BO2:BO113,I4,1)+INDEX(Rankings!BP2:BP113,I4,1) -> 115 | E5: =IF(ROUND(F5,0)=0, "[---]", CONCATENATE("[+", ROUND(F5,0), "]")) -> [---] | F5: =IF(K1>=0, 0, -K1*(((1+(0.05*(R5-2))))*((1-(0.05*(D5-2)))))*IF(T27="-", 1, T27)) -> 0 | P5: =IF(K1<=0, 0, K1*(((1-(0.05*(R5-2))))*((1+(0.05*(D5-2)))))*IF(T27="-", 1, T27)) -> -872.04656 | Q5: =IF(ROUND(P5,0)=0, "[---]", CONCATENATE("[+", ROUND(P5,0), "]")) -> [+-872] | R5: =INDEX(Rankings!BO2:BO113,M4,1)+INDEX(Rankings!BP2:BP113,M4,1) -> 219 | S5: =INDEX(Rankings!BR2:BR113,M4,1) -> 1.6666667 | T5: =(INDEX(Rankings!BT2:BT113,M4,1)) -> 2
F6: =SUM(L45:O50) -> 0 | I6: =IF(AND(A2="AGG", H5<>""), F6+H5, "") | J6: =IF(K8 = 1, "1st",IF(K8 = 2, "2nd",IF(K8 = 3, "1st", IF(K8 = 4, "2nd", IF(K8 = 5, "3rd", IF(K8>5, CONCATENATE(K8-2,"th"))))))) -> 1st | K6: =IF(K8<3, "HALF", "Overtime") -> HALF | M6: =IF(AND(A2="AGG", N5<>""), N5+N6, "") | N6: =SUM(Q45:T50) -> 4 | Q6: 2*2
Q7: 2*4
J8: =IF(M101="DUPLIC.", "DUPLIC.", IF(AND(K8=1, J9=0), "<<<<", IF(AND(K8=2, J9=250), ">>>>", IF(AND(ISODD(K8), (J9/100)=K8+2, J9>300), "<<<<", IF(AND(ISEVEN(K8), (J9/100)=K8+2, J9>400), ">>>>", "-"))))) -> <<<< | K8: 1 | L8: =CONCATENATE(IF(K8=1,IF(J9<251,ROUNDUP(J9/10,0),CONCATENATE("25+",ROUNDUP((J9-250)/10,0))),IF(K8=2,IF(J9<501,ROUNDUP(J9/10,0),CONCATENATE("50+",ROUNDUP((J9-500)/10,0))),IF(K8>2,IF(J9<(301+(100*K8)),ROUNDUP(J9/10,0),CONCATENATE((K8+3),"0+",ROUNDUP((J9-(300+(K8*100)))/10, 0)))))), "'") -> 0'
J9: 0 | L9: 0 | M9: =IF(K8=1, P66, IF(K8=2, P73, IF(K8>2, P80, 0))) -> 2
M10: =IF(K8 = 1, M9+25, IF(K8 = 2, M9+50, IF(K8>2, ((K8-2)*10+50)+M9))) -> 27
B13: GOAL | C13: X | D13: X | E13: 4 | F13: 3 | G13: 2 | H13: 2 | I13: 1 | J13: 1 | K13: 1 | L13: 1 | M13: 1 | N13: 2 | O13: 2 | P13: 3 | Q13: 4 | R13: X | S13: X | T13: GOAL
B14: =IF(I5="#1", "Indigo Conference Champion", IF(I5="#2", "Lily Valley Conference Champion",IF(I5="#3", "Kalosite Conference Champion",IF(I5="#4", "Dynamax Conference Champion",IF(I5="#5", "Lanakila Conference Champion",IF(I5="#6", "Vertress Conference Champion",IF(I5="#9", "Delta Conference Champion", ""))))))) | F14: * | G14: K | H14: Q | I14: J | K14: 9*9 | M14: J | N14: Q | O14: K | P14: * | T14: =IF(M5="#1", "Indigo Conference Champion", IF(M5="#2", "Lily Valley Conference Champion",IF(M5="#3", "Kalosite Conference Champion",IF(M5="#4", "Dynamax Conference Champion",IF(M5="#5", "Lanakila Conference Champion",IF(M5="#6", "Vertress Conference Champion",IF(M5="#9", "Delta Conference Champion", "")))))))
J15: =IF(COUNTIF(Q104:Q152, ">1.5")=0, "", INDEX(N104:N152, COUNTIF(Q104:Q152, "<2"))) | K15: HALFTIME SCORE | L15: =IF(COUNTIF(Q104:Q152, ">1.5")=0, "", INDEX(T104:T152, COUNTIF(Q104:Q152, "<2")))
F16: =200/5 -> 40 | G16: =((J4-100)/100+10)^2 -> 81 | H16: =((L4-100)/100+10)^2 -> 97.852844 | I16: =H16-100 -> -2.1471565
B17: =IF(B6="", "", (IF(RIGHT(B6)="!",3,IF(RIGHT(B6)="#",5,IF(RIGHT(B6)="$",7,IF(MID(B6, 5, 1)="+", 1, 0)))))) | C17: =IF(C6="", "", (IF(RIGHT(C6)="!",3,IF(RIGHT(C6)="#",5,IF(RIGHT(C6)="$",7,IF(MID(C6, 5, 1)="+", 1, 0)))))) | D17: =IF(D6="", "", (IF(RIGHT(D6)="!",3,IF(RIGHT(D6)="#",5,IF(RIGHT(D6)="$",7,IF(MID(D6, 5, 1)="+", 1, 0)))))) | E17: =IF(E6="", "", (IF(RIGHT(E6)="!",3,IF(RIGHT(E6)="#",5,IF(RIGHT(E6)="$",7,IF(MID(E6, 5, 1)="+", 1, 0)))))) | F17: =300/5 -> 60 | G17: =IF(SQRT(J4/100)<1, AVERAGE(SQRT(J4/100), J4/100)*100, 100+((J4-100)/5)) -> 0 | H17: =IF(SQRT(L4/100)<1, AVERAGE(SQRT(L4/100), L4/100)*100, 100+((L4-100)/5)) -> 91.827435 | I17: =I16/20 -> -0.10735782 | J17: =IF(F5=0, -P5, F5) -> 872.04656 | K17: Favorite | L17: =IF(P5=0, -F5, P5) -> -872.04656 | M17: 260 | N17: W8 - Geosenge (DNF) | Q17: =IF(Q6="", "", (IF(RIGHT(Q6)="!",3,IF(RIGHT(Q6)="#",5,IF(RIGHT(Q6)="$",7,IF(MID(Q6, 5, 1)="+", 1, 0)))))) -> 0 | R17: =IF(R6="", "", (IF(RIGHT(R6)="!",3,IF(RIGHT(R6)="#",5,IF(RIGHT(R6)="$",7,IF(MID(R6, 5, 1)="+", 1, 0)))))) | S17: =IF(S6="", "", (IF(RIGHT(S6)="!",3,IF(RIGHT(S6)="#",5,IF(RIGHT(S6)="$",7,IF(MID(S6, 5, 1)="+", 1, 0)))))) | T17: =IF(T6="", "", (IF(RIGHT(T6)="!",3,IF(RIGHT(T6)="#",5,IF(RIGHT(T6)="$",7,IF(MID(T6, 5, 1)="+", 1, 0))))))
B18: =IF(B7="", "", (IF(RIGHT(B7)="!",3,IF(RIGHT(B7)="#",5,IF(RIGHT(B7)="$",7,IF(MID(B7, 5, 1)="+", 1, 0)))))) | C18: =IF(C7="", "", (IF(RIGHT(C7)="!",3,IF(RIGHT(C7)="#",5,IF(RIGHT(C7)="$",7,IF(MID(C7, 5, 1)="+", 1, 0)))))) | D18: =IF(D7="", "", (IF(RIGHT(D7)="!",3,IF(RIGHT(D7)="#",5,IF(RIGHT(D7)="$",7,IF(MID(D7, 5, 1)="+", 1, 0)))))) | E18: =IF(E7="", "", (IF(RIGHT(E7)="!",3,IF(RIGHT(E7)="#",5,IF(RIGHT(E7)="$",7,IF(MID(E7, 5, 1)="+", 1, 0)))))) | F18: =400/5 -> 80 | G18: =SQRT(G17) -> 0 | H18: =SQRT(H17) -> 9.5826633 | J18: =F6-N6 -> -4 | K18: Difference | L18: =N6-F6 -> 4 | M18: 248 | N18: W13 - Ambrette | Q18: =IF(Q7="", "", (IF(RIGHT(Q7)="!",3,IF(RIGHT(Q7)="#",5,IF(RIGHT(Q7)="$",7,IF(MID(Q7, 5, 1)="+", 1, 0)))))) -> 0 | R18: =IF(R7="", "", (IF(RIGHT(R7)="!",3,IF(RIGHT(R7)="#",5,IF(RIGHT(R7)="$",7,IF(MID(R7, 5, 1)="+", 1, 0)))))) | S18: =IF(S7="", "", (IF(RIGHT(S7)="!",3,IF(RIGHT(S7)="#",5,IF(RIGHT(S7)="$",7,IF(MID(S7, 5, 1)="+", 1, 0)))))) | T18: =IF(T7="", "", (IF(RIGHT(T7)="!",3,IF(RIGHT(T7)="#",5,IF(RIGHT(T7)="$",7,IF(MID(T7, 5, 1)="+", 1, 0))))))
B19: =IF(B8="", "", (IF(RIGHT(B8)="!",3,IF(RIGHT(B8)="#",5,IF(RIGHT(B8)="$",7,IF(MID(B8, 5, 1)="+", 1, 0)))))) | C19: =IF(C8="", "", (IF(RIGHT(C8)="!",3,IF(RIGHT(C8)="#",5,IF(RIGHT(C8)="$",7,IF(MID(C8, 5, 1)="+", 1, 0)))))) | D19: =IF(D8="", "", (IF(RIGHT(D8)="!",3,IF(RIGHT(D8)="#",5,IF(RIGHT(D8)="$",7,IF(MID(D8, 5, 1)="+", 1, 0)))))) | E19: =IF(E8="", "", (IF(RIGHT(E8)="!",3,IF(RIGHT(E8)="#",5,IF(RIGHT(E8)="$",7,IF(MID(E8, 5, 1)="+", 1, 0)))))) | F19: =500/5 -> 100 | G19: =SQRT(J4) -> 0 | H19: =SQRT(L4) -> 9.4448908 | J19: =IF(K8>2, -J17, 0) -> 0 | K19: Overtime? | L19: =IF(K8>2, -L17, 0) -> 0 | M19: 240 | N19: W2 - Crown Tundra | Q19: =IF(Q8="", "", (IF(RIGHT(Q8)="!",3,IF(RIGHT(Q8)="#",5,IF(RIGHT(Q8)="$",7,IF(MID(Q8, 5, 1)="+", 1, 0)))))) | R19: =IF(R8="", "", (IF(RIGHT(R8)="!",3,IF(RIGHT(R8)="#",5,IF(RIGHT(R8)="$",7,IF(MID(R8, 5, 1)="+", 1, 0)))))) | S19: =IF(S8="", "", (IF(RIGHT(S8)="!",3,IF(RIGHT(S8)="#",5,IF(RIGHT(S8)="$",7,IF(MID(S8, 5, 1)="+", 1, 0)))))) | T19: =IF(T8="", "", (IF(RIGHT(T8)="!",3,IF(RIGHT(T8)="#",5,IF(RIGHT(T8)="$",7,IF(MID(T8, 5, 1)="+", 1, 0))))))
B20: =IF(B9="", "", (IF(RIGHT(B9)="!",3,IF(RIGHT(B9)="#",5,IF(RIGHT(B9)="$",7,IF(MID(B9, 5, 1)="+", 1, 0)))))) | C20: =IF(C9="", "", (IF(RIGHT(C9)="!",3,IF(RIGHT(C9)="#",5,IF(RIGHT(C9)="$",7,IF(MID(C9, 5, 1)="+", 1, 0)))))) | D20: =IF(D9="", "", (IF(RIGHT(D9)="!",3,IF(RIGHT(D9)="#",5,IF(RIGHT(D9)="$",7,IF(MID(D9, 5, 1)="+", 1, 0)))))) | E20: =IF(E9="", "", (IF(RIGHT(E9)="!",3,IF(RIGHT(E9)="#",5,IF(RIGHT(E9)="$",7,IF(MID(E9, 5, 1)="+", 1, 0)))))) | F20: =1000/5 -> 200 | G20: =G18-G19 -> 0 | H20: =H18-H19 -> 0.13777246 | J20: =IF(AND(J17>0, J18>0, J17>J18), J18/J17, IF(AND(J17<0, J18<0, J18>J17), 3*(1-(J18/J17)), IF(AND(J17<0, J18<J17), -(J18/J17), IF(AND(J17>0, J18>0, J18>J17), 1+(J18/J17), IF(AND(J17<0, J18>0), -J17+(0.5*(J18+J17)), IF(AND(J17>0, J18<0), -J17+(0.25*J18), 0))))))/1.5 -> -582.03104 | K20: ATS | L20: =IF(AND(L17>0, L18>0, L17>L18), L18/L17, IF(AND(L17<0, L18<0, L18>L17), 3*(1-(L18/L17)), IF(AND(L17<0, L18<L17), -(L18/L17), IF(AND(L17>0, L18>0, L18>L17), 1+(L18/L17), IF(AND(L17<0, L18>0), -L17+(0.5*(L18+L17)), IF(AND(L17>0, L18<0), -L17+(0.25*L18), 0))))))/1.5 -> 292.01552 | M20: 239 | N20: W12 - Sandgem | Q20: =IF(Q9="", "", (IF(RIGHT(Q9)="!",3,IF(RIGHT(Q9)="#",5,IF(RIGHT(Q9)="$",7,IF(MID(Q9, 5, 1)="+", 1, 0)))))) | R20: =IF(R9="", "", (IF(RIGHT(R9)="!",3,IF(RIGHT(R9)="#",5,IF(RIGHT(R9)="$",7,IF(MID(R9, 5, 1)="+", 1, 0)))))) | S20: =IF(S9="", "", (IF(RIGHT(S9)="!",3,IF(RIGHT(S9)="#",5,IF(RIGHT(S9)="$",7,IF(MID(S9, 5, 1)="+", 1, 0)))))) | T20: =IF(T9="", "", (IF(RIGHT(T9)="!",3,IF(RIGHT(T9)="#",5,IF(RIGHT(T9)="$",7,IF(MID(T9, 5, 1)="+", 1, 0))))))
B21: =IF(B10="", "", (IF(RIGHT(B10)="!",3,IF(RIGHT(B10)="#",5,IF(RIGHT(B10)="$",7,IF(MID(B10, 5, 1)="+", 1, 0)))))) | C21: =IF(C10="", "", (IF(RIGHT(C10)="!",3,IF(RIGHT(C10)="#",5,IF(RIGHT(C10)="$",7,IF(MID(C10, 5, 1)="+", 1, 0)))))) | D21: =IF(D10="", "", (IF(RIGHT(D10)="!",3,IF(RIGHT(D10)="#",5,IF(RIGHT(D10)="$",7,IF(MID(D10, 5, 1)="+", 1, 0)))))) | E21: =IF(E10="", "", (IF(RIGHT(E10)="!",3,IF(RIGHT(E10)="#",5,IF(RIGHT(E10)="$",7,IF(MID(E10, 5, 1)="+", 1, 0)))))) | J21: =COUNTIF(B17:E22, 1) -> 0 | K21: Stoppage | L21: =COUNTIF(Q17:T22, 1) -> 0 | M21: 228 | N21: W5 - Circhester Bay | Q21: =IF(Q10="", "", (IF(RIGHT(Q10)="!",3,IF(RIGHT(Q10)="#",5,IF(RIGHT(Q10)="$",7,IF(MID(Q10, 5, 1)="+", 1, 0)))))) | R21: =IF(R10="", "", (IF(RIGHT(R10)="!",3,IF(RIGHT(R10)="#",5,IF(RIGHT(R10)="$",7,IF(MID(R10, 5, 1)="+", 1, 0)))))) | S21: =IF(S10="", "", (IF(RIGHT(S10)="!",3,IF(RIGHT(S10)="#",5,IF(RIGHT(S10)="$",7,IF(MID(S10, 5, 1)="+", 1, 0)))))) | T21: =IF(T10="", "", (IF(RIGHT(T10)="!",3,IF(RIGHT(T10)="#",5,IF(RIGHT(T10)="$",7,IF(MID(T10, 5, 1)="+", 1, 0))))))
B22: =IF(B11="", "", (IF(RIGHT(B11)="!",3,IF(RIGHT(B11)="#",5,IF(RIGHT(B11)="$",7,IF(MID(B11, 5, 1)="+", 1, 0)))))) | C22: =IF(C11="", "", (IF(RIGHT(C11)="!",3,IF(RIGHT(C11)="#",5,IF(RIGHT(C11)="$",7,IF(MID(C11, 5, 1)="+", 1, 0)))))) | D22: =IF(D11="", "", (IF(RIGHT(D11)="!",3,IF(RIGHT(D11)="#",5,IF(RIGHT(D11)="$",7,IF(MID(D11, 5, 1)="+", 1, 0)))))) | E22: =IF(E11="", "", (IF(RIGHT(E11)="!",3,IF(RIGHT(E11)="#",5,IF(RIGHT(E11)="$",7,IF(MID(E11, 5, 1)="+", 1, 0)))))) | J22: =(COUNTIF(B17:E22, 3)*3)+(COUNTIF(B17:E22, 5)*5)+(COUNTIF(B17:E22, 7)*7) -> 0 | K22: Aces/KRs | L22: =(COUNTIF(Q17:T22, 3)*3)+(COUNTIF(Q17:T22, 5)*5)+(COUNTIF(Q17:T22, 7)*7) -> 0 | M22: 226 | N22: W9 - Celadon | Q22: =IF(Q11="", "", (IF(RIGHT(Q11)="!",3,IF(RIGHT(Q11)="#",5,IF(RIGHT(Q11)="$",7,IF(MID(Q11, 5, 1)="+", 1, 0)))))) | R22: =IF(R11="", "", (IF(RIGHT(R11)="!",3,IF(RIGHT(R11)="#",5,IF(RIGHT(R11)="$",7,IF(MID(R11, 5, 1)="+", 1, 0)))))) | S22: =IF(S11="", "", (IF(RIGHT(S11)="!",3,IF(RIGHT(S11)="#",5,IF(RIGHT(S11)="$",7,IF(MID(S11, 5, 1)="+", 1, 0)))))) | T22: =IF(T11="", "", (IF(RIGHT(T11)="!",3,IF(RIGHT(T11)="#",5,IF(RIGHT(T11)="$",7,IF(MID(T11, 5, 1)="+", 1, 0))))))
J23: =O101*5 -> 0.3125 | K23: Time Led | L23: =R101*5 -> 4.6875 | M23: 210 | N23: W7 - Oldale (UTL)
B24: REGION-BY-REGION GAME CONDITIONS | J24: =IF(X102<0, -X102, 0) -> 0 | K24: Avg Led By | L24: =IF(X102>0, X102, 0) -> 3 | Q24: Goals are no longer allowed to be stamped at the same time
B25: Indigo | C25: Delta | D25: Lily Valley | E25: Vertress | F25: Kalosite | G25: Lanakila | H25: Dynamax | J25: =IF(AND(J18>0, (J18-J17)>0), IF((COUNT(B17:E22)-COUNT(Q17:T22))<0, (COUNT(B17:E22)-COUNT(Q17:T22))*-1, (COUNT(B17:E22)-COUNT(Q17:T22))*0.25), 0) -> 0 | K25: Goal Diff. | L25: =IF(AND(L18>0,(L18-L17)>0), IF((COUNT(Q17:T22)-COUNT(B17:E22))<0, (COUNT(Q17:T22)-COUNT(B17:E22))*-1, (COUNT(Q17:T22)-COUNT(B17:E22))*0.25), 0) -> 0.5 | N25: =CONCATENATE("GAME SPREAD - ", IF(K1>=0, N2, B2), " favored by ", IF(K1>=0, ROUND(L17, 3), ROUND(J17, 3))) -> GAME SPREAD - Cianwood City favored by -872.047
B26: =IF(B27=0, "Normal", IF(B27<1.25, "Severe", IF(B27<1.5, "Stormy", IF(B27<1.75, "Subpar", IF(B27<2.25, "Normal", IF(B27<2.5, "Good", IF(B27<2.75, "Beautiful", "Perfect"))))))) -> Normal | C26: =IF(C27=0, "Normal", IF(C27<1.25, "Severe", IF(C27<1.5, "Stormy", IF(C27<1.75, "Subpar", IF(C27<2.25, "Normal", IF(C27<2.5, "Good", IF(C27<2.75, "Beautiful", "Perfect"))))))) -> Normal | D26: =IF(D27=0, "Normal", IF(D27<1.25, "Severe", IF(D27<1.5, "Stormy", IF(D27<1.75, "Subpar", IF(D27<2.25, "Normal", IF(D27<2.5, "Good", IF(D27<2.75, "Beautiful", "Perfect"))))))) -> Good | E26: =IF(E27=0, "Normal", IF(E27<1.25, "Severe", IF(E27<1.5, "Stormy", IF(E27<1.75, "Subpar", IF(E27<2.25, "Normal", IF(E27<2.5, "Good", IF(E27<2.75, "Beautiful", "Perfect"))))))) -> Good | F26: =IF(F27=0, "Normal", IF(F27<1.25, "Severe", IF(F27<1.5, "Stormy", IF(F27<1.75, "Subpar", IF(F27<2.25, "Normal", IF(F27<2.5, "Good", IF(F27<2.75, "Beautiful", "Perfect"))))))) -> Normal | G26: =IF(G27=0, "Normal", IF(G27<1.25, "Severe", IF(G27<1.5, "Stormy", IF(G27<1.75, "Subpar", IF(G27<2.25, "Normal", IF(G27<2.5, "Good", IF(G27<2.75, "Beautiful", "Perfect"))))))) -> Good | H26: =IF(H27=0, "Normal", IF(H27<1.25, "Severe", IF(H27<1.5, "Stormy", IF(H27<1.75, "Subpar", IF(H27<2.25, "Normal", IF(H27<2.5, "Good", IF(H27<2.75, "Beautiful", "Perfect"))))))) -> Beautiful | J26: =IFERROR(F6/COUNT(B17:E22), 0) -> 0 | K26: Goal Avg. | L26: =IFERROR(N6/COUNT(Q17:T22), 0) -> 2 | N26: Rating | O26: Home Adv | P26: Climate | Q26: Eye Test | R26: WCS | S26: Fatigue | T26: Playoffs
A27: WK5 | B27: 1.8 | C27: 2.2 | D27: 2.26 | E27: 2.48 | F27: 2.11 | G27: 2.4 | H27: 2.72 | I27: =SUM(J19:J26)*J27 -> 0 | J27: =IFERROR((F6/N6)*(T1+1), F6*(T1+1)) -> 0 | K27: Multiplier | L27: =IFERROR((N6/F6)*(B1+1), N6*(B1+1)) -> 6.2876449 | M27: =SUM(L19:L26)*L27 -> 1900.1453 | N27: =(((T1-B1)/0.15)*3) -> 3.8553983 | O27: =(IF(A3="CCC", 1, IF(A3="", 0.5, 0.75))) -> 0.75 | P27: =((0.125*L1*ABS(C5-S5))+0.5) -> 0.66666667 | Q27: =((S1-C1)/2) -> 0.6449038 | R27: =IF(A3="WCS", (1/2)*(T5-B5), "-") -> - | S27: =IF(K1>0, ((1-(0.05*(R5-2))))*((1+(0.05*(D5-2)))), -((1+(0.05*(R5-2))))*((1-(0.05*(D5-2))))) -> -65.5025 | T27: =IF(A4>1, A4, IF(A3="CHMP", IF(A4="CONF",1.25,IF(LEFT(A4,1)="R",1.5,IF(A4="QTR", 1.75, IF(A4="SEMI", 2, IF(A4="FINAL", 2.25, "-"))))), IF(A3="CCC", IF(A4="SEMI", 1.25, IF(A4="FINAL", 1.5, "-")), IF(A3<>"", IF(LEFT(A4,1)="R", 1.25,IF(A4="QTR", 1.5, IF(A4="SEMI", 1.75, IF(A4="FINAL", 2, "-")))), "-")))) -> 2.25
B29: 53 | C29: 88 | D29: 63 | E29: 31 | F29: 83 | G29: 36 | H29: 95
B30: 23 | C30: 45 | D30: 15 | E30: 7 | F30: 11 | G30: 69 | H30: 81
B31: 21 | C31: 47 | D31: 67 | E31: 95 | F31: 5 | G31: 16 | H31: 45
B32: 91 | C32: 38 | D32: 86 | E32: 98 | F32: 61 | G32: 79 | H32: 96
B33: 62 | C33: 16 | D33: 8 | E33: 31 | F33: 80 | G33: 97 | H33: 98
B34: 62 | C34: 38 | D34: 63 | E34: 80 | F34: 86 | G34: 85 | H34: 30
B35: 46 | C35: 92 | D35: 52 | E35: 82 | F35: 36 | G35: 33 | H35: 16 | O35: =INDEX(Rankings!B2:'Rankings'!G113, (I4), 1) -> Indigo | Q35: =INDEX(Rankings!B2:'Rankings'!G113, (M4), 1) -> Indigo
B36: 2 | C36: 75 | D36: 97 | E36: 71 | F36: 60 | G36: 64 | H36: 21 | O36: =IF(O35="Indigo", 1, IF(O35="Delta", 2, IF(O35="Lily Valley", 3, IF(O35="Vertress", 4, IF(O35="Kalosite", 5, IF(O35="Lanakila", 6, IF(O35="Dynamax", 7, 0))))))) -> 1 | Q36: =IF(Q35="Indigo", 1, IF(Q35="Delta", 2, IF(Q35="Lily Valley", 3, IF(Q35="Vertress", 4, IF(Q35="Kalosite", 5, IF(Q35="Lanakila", 6, IF(Q35="Dynamax", 7, 0))))))) -> 1
B38: =SUM(B29:B36)/200 -> 1.8 | C38: =SUM(C29:C36)/200 -> 2.195 | D38: =SUM(D29:D36)/200 -> 2.255 | E38: =SUM(E29:E36)/200 -> 2.475 | F38: =SUM(F29:F36)/200 -> 2.11 | G38: =SUM(G29:G36)/200 -> 2.395 | H38: =SUM(H29:H36)/200 -> 2.41 | L38: =_xlfn.NUMBERVALUE(LEFT(B6, 1)) -> 0 | M38: =_xlfn.NUMBERVALUE(LEFT(C6, 1)) -> 0 | N38: =_xlfn.NUMBERVALUE(LEFT(D6, 1)) -> 0 | O38: =_xlfn.NUMBERVALUE(LEFT(E6, 1)) -> 0 | Q38: =_xlfn.NUMBERVALUE(LEFT(Q6, 1)) -> 2 | R38: =_xlfn.NUMBERVALUE(LEFT(R6, 1)) -> 0 | S38: =_xlfn.NUMBERVALUE(LEFT(S6, 1)) -> 0 | T38: =_xlfn.NUMBERVALUE(LEFT(T6, 1)) -> 0
B39: 1 | C39: 2 | D39: 3 | E39: 4 | F39: 5 | G39: 6 | H39: 7 | L39: =_xlfn.NUMBERVALUE(LEFT(B7, 1)) -> 0 | M39: =_xlfn.NUMBERVALUE(LEFT(C7, 1)) -> 0 | N39: =_xlfn.NUMBERVALUE(LEFT(D7, 1)) -> 0 | O39: =_xlfn.NUMBERVALUE(LEFT(E7, 1)) -> 0 | Q39: =_xlfn.NUMBERVALUE(LEFT(Q7, 1)) -> 2 | R39: =_xlfn.NUMBERVALUE(LEFT(R7, 1)) -> 0 | S39: =_xlfn.NUMBERVALUE(LEFT(S7, 1)) -> 0 | T39: =_xlfn.NUMBERVALUE(LEFT(T7, 1)) -> 0
L40: =_xlfn.NUMBERVALUE(LEFT(B8, 1)) -> 0 | M40: =_xlfn.NUMBERVALUE(LEFT(C8, 1)) -> 0 | N40: =_xlfn.NUMBERVALUE(LEFT(D8, 1)) -> 0 | O40: =_xlfn.NUMBERVALUE(LEFT(E8, 1)) -> 0 | Q40: =_xlfn.NUMBERVALUE(LEFT(Q8, 1)) -> 0 | R40: =_xlfn.NUMBERVALUE(LEFT(R8, 1)) -> 0 | S40: =_xlfn.NUMBERVALUE(LEFT(S8, 1)) -> 0 | T40: =_xlfn.NUMBERVALUE(LEFT(T8, 1)) -> 0
E41: Refreshes after each play block | L41: =_xlfn.NUMBERVALUE(LEFT(B9, 1)) -> 0 | M41: =_xlfn.NUMBERVALUE(LEFT(C9, 1)) -> 0 | N41: =_xlfn.NUMBERVALUE(LEFT(D9, 1)) -> 0 | O41: =_xlfn.NUMBERVALUE(LEFT(E9, 1)) -> 0 | Q41: =_xlfn.NUMBERVALUE(LEFT(Q9, 1)) -> 0 | R41: =_xlfn.NUMBERVALUE(LEFT(R9, 1)) -> 0 | S41: =_xlfn.NUMBERVALUE(LEFT(S9, 1)) -> 0 | T41: =_xlfn.NUMBERVALUE(LEFT(T9, 1)) -> 0
E42: (WCS, MRL, UTL, CCC, Regular) | L42: =_xlfn.NUMBERVALUE(LEFT(B10, 1)) -> 0 | M42: =_xlfn.NUMBERVALUE(LEFT(C10, 1)) -> 0 | N42: =_xlfn.NUMBERVALUE(LEFT(D10, 1)) -> 0 | O42: =_xlfn.NUMBERVALUE(LEFT(E10, 1)) -> 0 | Q42: =_xlfn.NUMBERVALUE(LEFT(Q10, 1)) -> 0 | R42: =_xlfn.NUMBERVALUE(LEFT(R10, 1)) -> 0 | S42: =_xlfn.NUMBERVALUE(LEFT(S10, 1)) -> 0 | T42: =_xlfn.NUMBERVALUE(LEFT(T10, 1)) -> 0
L43: =_xlfn.NUMBERVALUE(LEFT(B11, 1)) -> 0 | M43: =_xlfn.NUMBERVALUE(LEFT(C11, 1)) -> 0 | N43: =_xlfn.NUMBERVALUE(LEFT(D11, 1)) -> 0 | O43: =_xlfn.NUMBERVALUE(LEFT(E11, 1)) -> 0 | Q43: =_xlfn.NUMBERVALUE(LEFT(Q11, 1)) -> 0 | R43: =_xlfn.NUMBERVALUE(LEFT(R11, 1)) -> 0 | S43: =_xlfn.NUMBERVALUE(LEFT(S11, 1)) -> 0 | T43: =_xlfn.NUMBERVALUE(LEFT(T11, 1)) -> 0
L45: =IF(L38=0, 0, L38+B67) -> 0 | M45: =IF(M38=0, 0, M38+C67) -> 0 | N45: =IF(N38=0, 0, N38+D67) -> 0 | O45: =IF(O38=0, 0, O38+E67) -> 0 | Q45: =IF(Q38=0, 0, Q38+G67) -> 2 | R45: =IF(R38=0, 0, R38+H67) -> 0 | S45: =IF(S38=0, 0, S38+I67) -> 0 | T45: =IF(T38=0, 0, T38+J67) -> 0
L46: =IF(L39=0, 0, L39+B68) -> 0 | M46: =IF(M39=0, 0, M39+C68) -> 0 | N46: =IF(N39=0, 0, N39+D68) -> 0 | O46: =IF(O39=0, 0, O39+E68) -> 0 | Q46: =IF(Q39=0, 0, Q39+G68) -> 2 | R46: =IF(R39=0, 0, R39+H68) -> 0 | S46: =IF(S39=0, 0, S39+I68) -> 0 | T46: =IF(T39=0, 0, T39+J68) -> 0
L47: =IF(L40=0, 0, L40+B69) -> 0 | M47: =IF(M40=0, 0, M40+C69) -> 0 | N47: =IF(N40=0, 0, N40+D69) -> 0 | O47: =IF(O40=0, 0, O40+E69) -> 0 | Q47: =IF(Q40=0, 0, Q40+G69) -> 0 | R47: =IF(R40=0, 0, R40+H69) -> 0 | S47: =IF(S40=0, 0, S40+I69) -> 0 | T47: =IF(T40=0, 0, T40+J69) -> 0
L48: =IF(L41=0, 0, L41+B70) -> 0 | M48: =IF(M41=0, 0, M41+C70) -> 0 | N48: =IF(N41=0, 0, N41+D70) -> 0 | O48: =IF(O41=0, 0, O41+E70) -> 0 | Q48: =IF(Q41=0, 0, Q41+G70) -> 0 | R48: =IF(R41=0, 0, R41+H70) -> 0 | S48: =IF(S41=0, 0, S41+I70) -> 0 | T48: =IF(T41=0, 0, T41+J70) -> 0
E49: =IF(D1>(2/3), 1, IF(D1>(1/3), 2, IF(D1>0, 3, IF(D1>=-0.25, 4, IF(D1>=-0.5, 5, IF(D1>=-0.75, 6, 7)))))) -> 5 | G49: =IF(R1>(2/3), 1, IF(R1>(1/3), 2, IF(R1>0, 3, IF(R1>=-0.25, 4, IF(R1>=-0.5, 5, IF(R1>=-0.75, 6, 7)))))) -> 4 | L49: =IF(L42=0, 0, L42+B71) -> 0 | M49: =IF(M42=0, 0, M42+C71) -> 0 | N49: =IF(N42=0, 0, N42+D71) -> 0 | O49: =IF(O42=0, 0, O42+E71) -> 0 | Q49: =IF(Q42=0, 0, Q42+G71) -> 0 | R49: =IF(R42=0, 0, R42+H71) -> 0 | S49: =IF(S42=0, 0, S42+I71) -> 0 | T49: =IF(T42=0, 0, T42+J71) -> 0
L50: =IF(L43=0, 0, L43+B72) -> 0 | M50: =IF(M43=0, 0, M43+C72) -> 0 | N50: =IF(N43=0, 0, N43+D72) -> 0 | O50: =IF(O43=0, 0, O43+E72) -> 0 | Q50: =IF(Q43=0, 0, Q43+G72) -> 0 | R50: =IF(R43=0, 0, R43+H72) -> 0 | S50: =IF(S43=0, 0, S43+I72) -> 0 | T50: =IF(T43=0, 0, T43+J72) -> 0
B51: =IF($E$49=1, 1, 0) -> 0 | C51: =IF($E$49=1, 1, 0) -> 0 | D51: =IF(OR($E$49=1, $E$49=7), 1, 0) -> 0 | E51: =IF($E$49=1, 1, 0) -> 0 | G51: =IF($G$49=1, 1, 0) -> 0 | H51: =IF(OR($G$49=1, $G$49=7), 1, 0) -> 0 | I51: =IF($G$49=1, 1, 0) -> 0 | J51: =IF($G$49=1, 1, 0) -> 0
B52: =IF(OR($E$49=1, $E$49=2, $E$49=4, $E$49=5), 1, 0) -> 1 | C52: =IF(OR($E$49=1, $E$49=2, $E$49=7), 1, 0) -> 0 | D52: =IF(OR($E$49=1, $E$49=2, $E$49=4), 1, 0) -> 0 | E52: =IF(OR($E$49=1, $E$49=2), 1, 0) -> 0 | G52: =IF(OR($G$49=1, $G$49=2), 1, 0) -> 0 | H52: =IF(OR($G$49=1, $G$49=2, $G$49=4), 1, 0) -> 1 | I52: =IF(OR($G$49=1, $G$49=2, $G$49=7), 1, 0) -> 0 | J52: =IF(OR($G$49=1, $G$49=2, $G$49=4, $G$49=5), 1, 0) -> 1 | L52: =IF(B6="", 0, MID(B6, 3, 3)) -> 0 | M52: =IF(C6="", 0, MID(C6, 3, 3)) -> 0 | N52: =IF(D6="", 0, MID(D6, 3, 3)) -> 0 | O52: =IF(E6="", 0, MID(E6, 3, 3)) -> 0 | Q52: =IF(Q6="", 0, MID(Q6, 3, 3)) -> 2 | R52: =IF(R6="", 0, MID(R6, 3, 3)) -> 0 | S52: =IF(S6="", 0, MID(S6, 3, 3)) -> 0 | T52: =IF(T6="", 0, MID(T6, 3, 3)) -> 0
B53: =IF(OR($E$49=1, $E$49=3, $E$49=7), 1, 0) -> 0 | C53: =IF(OR($E$49=1, $E$49=3, $E$49=5), 1, 0) -> 1 | D53: =IF(OR($E$49=1, $E$49=3), 1, 0) -> 0 | E53: =IF(OR($E$49=1, $E$49=3), 1, 0) -> 0 | G53: =IF(OR($G$49=1, $G$49=3), 1, 0) -> 0 | H53: =IF(OR($G$49=1, $G$49=3), 1, 0) -> 0 | I53: =IF(OR($G$49=1, $G$49=3, $G$49=5), 1, 0) -> 0 | J53: =IF(OR($G$49=1, $G$49=3, $G$49=7), 1, 0) -> 0 | L53: =IF(B7="", 0, MID(B7, 3, 3)) -> 0 | M53: =IF(C7="", 0, MID(C7, 3, 3)) -> 0 | N53: =IF(D7="", 0, MID(D7, 3, 3)) -> 0 | O53: =IF(E7="", 0, MID(E7, 3, 3)) -> 0 | Q53: =IF(Q7="", 0, MID(Q7, 3, 3)) -> 4 | R53: =IF(R7="", 0, MID(R7, 3, 3)) -> 0 | S53: =IF(S7="", 0, MID(S7, 3, 3)) -> 0 | T53: =IF(T7="", 0, MID(T7, 3, 3)) -> 0
B54: =IF(OR($E$49=1, $E$49=2), 1, 0) -> 0 | C54: =IF(OR($E$49=1, $E$49=2, $E$49=4), 1, 0) -> 0 | D54: =IF(OR($E$49=1, $E$49=2, $E$49=5), 1, 0) -> 1 | E54: =IF(OR($E$49=1, $E$49=2, $E$49=4), 1, 0) -> 0 | G54: =IF(OR($G$49=1, $G$49=2, $G$49=4), 1, 0) -> 1 | H54: =IF(OR($G$49=1, $G$49=2, $G$49=5), 1, 0) -> 0 | I54: =IF(OR($G$49=1, $G$49=2, $G$49=4), 1, 0) -> 1 | J54: =IF(OR($G$49=1, $G$49=2), 1, 0) -> 0 | L54: =IF(B8="", 0, MID(B8, 3, 3)) -> 0 | M54: =IF(C8="", 0, MID(C8, 3, 3)) -> 0 | N54: =IF(D8="", 0, MID(D8, 3, 3)) -> 0 | O54: =IF(E8="", 0, MID(E8, 3, 3)) -> 0 | Q54: =IF(Q8="", 0, MID(Q8, 3, 3)) -> 0 | R54: =IF(R8="", 0, MID(R8, 3, 3)) -> 0 | S54: =IF(S8="", 0, MID(S8, 3, 3)) -> 0 | T54: =IF(T8="", 0, MID(T8, 3, 3)) -> 0
B55: =IF($E$49=1, 1, 0) -> 0 | C55: =IF($E$49=1, 1, 0) -> 0 | D55: =IF($E$49=1, 1, 0) -> 0 | E55: =IF(OR($E$49=1, $E$49=5), 1, 0) -> 1 | G55: =IF(OR($G$49=1, $G$49=5), 1, 0) -> 0 | H55: =IF($G$49=1, 1, 0) -> 0 | I55: =IF($G$49=1, 1, 0) -> 0 | J55: =IF($G$49=1, 1, 0) -> 0 | L55: =IF(B9="", 0, MID(B9, 3, 3)) -> 0 | M55: =IF(C9="", 0, MID(C9, 3, 3)) -> 0 | N55: =IF(D9="", 0, MID(D9, 3, 3)) -> 0 | O55: =IF(E9="", 0, MID(E9, 3, 3)) -> 0 | Q55: =IF(Q9="", 0, MID(Q9, 3, 3)) -> 0 | R55: =IF(R9="", 0, MID(R9, 3, 3)) -> 0 | S55: =IF(S9="", 0, MID(S9, 3, 3)) -> 0 | T55: =IF(T9="", 0, MID(T9, 3, 3)) -> 0
B56: =IF(OR($E$49=1, $E$49=2, $E$49=3, $E$49=4, $E$49=6), 1, 0) -> 0 | C56: =IF(OR($E$49=1, $E$49=2, $E$49=3, $E$49=6), 1, 0) -> 0 | D56: =IF(OR($E$49=1, $E$49=2, $E$49=3, $E$49=4, $E$49=6), 1, 0) -> 0 | E56: =IF(OR($E$49=1, $E$49=2, $E$49=3, $E$49=6), 1, 0) -> 0 | G56: =IF(OR($G$49=1, $G$49=2, $G$49=3, $G$49=6), 1, 0) -> 0 | H56: =IF(OR($G$49=1, $G$49=2, $G$49=3, $G$49=4, $G$49=6), 1, 0) -> 1 | I56: =IF(OR($G$49=1, $G$49=2, $G$49=3, $G$49=6), 1, 0) -> 0 | J56: =IF(OR($G$49=1, $G$49=2, $G$49=3, $G$49=4, $G$49=6), 1, 0) -> 1 | L56: =IF(B10="", 0, MID(B10, 3, 3)) -> 0 | M56: =IF(C10="", 0, MID(C10, 3, 3)) -> 0 | N56: =IF(D10="", 0, MID(D10, 3, 3)) -> 0 | O56: =IF(E10="", 0, MID(E10, 3, 3)) -> 0 | Q56: =IF(Q10="", 0, MID(Q10, 3, 3)) -> 0 | R56: =IF(R10="", 0, MID(R10, 3, 3)) -> 0 | S56: =IF(S10="", 0, MID(S10, 3, 3)) -> 0 | T56: =IF(T10="", 0, MID(T10, 3, 3)) -> 0
L57: =IF(B11="", 0, MID(B11, 3, 3)) -> 0 | M57: =IF(C11="", 0, MID(C11, 3, 3)) -> 0 | N57: =IF(D11="", 0, MID(D11, 3, 3)) -> 0 | O57: =IF(E11="", 0, MID(E11, 3, 3)) -> 0 | Q57: =IF(Q11="", 0, MID(Q11, 3, 3)) -> 0 | R57: =IF(R11="", 0, MID(R11, 3, 3)) -> 0 | S57: =IF(S11="", 0, MID(S11, 3, 3)) -> 0 | T57: =IF(T11="", 0, MID(T11, 3, 3)) -> 0
E58: =ROUND(F5, 0) -> 0 | G58: =ROUND(P5, 0) -> -872
L59: =IF(LEFT(L52, 3)="25+", "25+", IF(LEFT(L52, 3)="50+", "50+", IF(AND(LEFT(L52, 3)<>"50+", MID(L52, 2, 2)="0+"), LEFT(L52, 3), IFERROR(_xlfn.NUMBERVALUE(LEFT(L52, 3)), IFERROR(_xlfn.NUMBERVALUE(LEFT(L52, 2)), _xlfn.NUMBERVALUE(LEFT(L52, 1))))))) -> 0 | M59: =IF(LEFT(M52, 3)="25+", "25+", IF(LEFT(M52, 3)="50+", "50+", IF(AND(LEFT(M52, 3)<>"50+", MID(M52, 2, 2)="0+"), LEFT(M52, 3), IFERROR(_xlfn.NUMBERVALUE(LEFT(M52, 3)), IFERROR(_xlfn.NUMBERVALUE(LEFT(M52, 2)), _xlfn.NUMBERVALUE(LEFT(M52, 1))))))) -> 0 | N59: =IF(LEFT(N52, 3)="25+", "25+", IF(LEFT(N52, 3)="50+", "50+", IF(AND(LEFT(N52, 3)<>"50+", MID(N52, 2, 2)="0+"), LEFT(N52, 3), IFERROR(_xlfn.NUMBERVALUE(LEFT(N52, 3)), IFERROR(_xlfn.NUMBERVALUE(LEFT(N52, 2)), _xlfn.NUMBERVALUE(LEFT(N52, 1))))))) -> 0 | O59: =IF(LEFT(O52, 3)="25+", "25+", IF(LEFT(O52, 3)="50+", "50+", IF(AND(LEFT(O52, 3)<>"50+", MID(O52, 2, 2)="0+"), LEFT(O52, 3), IFERROR(_xlfn.NUMBERVALUE(LEFT(O52, 3)), IFERROR(_xlfn.NUMBERVALUE(LEFT(O52, 2)), _xlfn.NUMBERVALUE(LEFT(O52, 1))))))) -> 0 | Q59: =IF(LEFT(Q52, 3)="25+", "25+", IF(LEFT(Q52, 3)="50+", "50+", IF(AND(LEFT(Q52, 3)<>"50+", MID(Q52, 2, 2)="0+"), LEFT(Q52, 3), IFERROR(_xlfn.NUMBERVALUE(LEFT(Q52, 3)), IFERROR(_xlfn.NUMBERVALUE(LEFT(Q52, 2)), _xlfn.NUMBERVALUE(LEFT(Q52, 1))))))) -> 2 | R59: =IF(LEFT(R52, 3)="25+", "25+", IF(LEFT(R52, 3)="50+", "50+", IF(AND(LEFT(R52, 3)<>"50+", MID(R52, 2, 2)="0+"), LEFT(R52, 3), IFERROR(_xlfn.NUMBERVALUE(LEFT(R52, 3)), IFERROR(_xlfn.NUMBERVALUE(LEFT(R52, 2)), _xlfn.NUMBERVALUE(LEFT(R52, 1))))))) -> 0 | S59: =IF(LEFT(S52, 3)="25+", "25+", IF(LEFT(S52, 3)="50+", "50+", IF(AND(LEFT(S52, 3)<>"50+", MID(S52, 2, 2)="0+"), LEFT(S52, 3), IFERROR(_xlfn.NUMBERVALUE(LEFT(S52, 3)), IFERROR(_xlfn.NUMBERVALUE(LEFT(S52, 2)), _xlfn.NUMBERVALUE(LEFT(S52, 1))))))) -> 0 | T59: =IF(LEFT(T52, 3)="25+", "25+", IF(LEFT(T52, 3)="50+", "50+", IF(AND(LEFT(T52, 3)<>"50+", MID(T52, 2, 2)="0+"), LEFT(T52, 3), IFERROR(_xlfn.NUMBERVALUE(LEFT(T52, 3)), IFERROR(_xlfn.NUMBERVALUE(LEFT(T52, 2)), _xlfn.NUMBERVALUE(LEFT(T52, 1))))))) -> 0
B60: =IF(D60>0, D60, 0) -> 0 | C60: =IF(E60>0, E60, 0) -> 0 | D60: =IF($E$58>=13, 1, $E$58-12) -> -12 | E60: =IF($E$58>=2, 2, $E$58) -> 0 | G60: =IF($G$58>=2, 2, $G$58) -> -872 | H60: =IF($G$58>=13, 1, $G$58-12) -> -884 | I60: =IF(G60>0, G60, 0) -> 0 | J60: =IF(H60>0, H60, 0) -> 0 | L60: =IF(LEFT(L53, 3)="25+", "25+", IF(LEFT(L53, 3)="50+", "50+", IF(AND(LEFT(L53, 3)<>"50+", MID(L53, 2, 2)="0+"), LEFT(L53, 3), IFERROR(_xlfn.NUMBERVALUE(LEFT(L53, 3)), IFERROR(_xlfn.NUMBERVALUE(LEFT(L53, 2)), _xlfn.NUMBERVALUE(LEFT(L53, 1))))))) -> 0 | M60: =IF(LEFT(M53, 3)="25+", "25+", IF(LEFT(M53, 3)="50+", "50+", IF(AND(LEFT(M53, 3)<>"50+", MID(M53, 2, 2)="0+"), LEFT(M53, 3), IFERROR(_xlfn.NUMBERVALUE(LEFT(M53, 3)), IFERROR(_xlfn.NUMBERVALUE(LEFT(M53, 2)), _xlfn.NUMBERVALUE(LEFT(M53, 1))))))) -> 0 | N60: =IF(LEFT(N53, 3)="25+", "25+", IF(LEFT(N53, 3)="50+", "50+", IF(AND(LEFT(N53, 3)<>"50+", MID(N53, 2, 2)="0+"), LEFT(N53, 3), IFERROR(_xlfn.NUMBERVALUE(LEFT(N53, 3)), IFERROR(_xlfn.NUMBERVALUE(LEFT(N53, 2)), _xlfn.NUMBERVALUE(LEFT(N53, 1))))))) -> 0 | O60: =IF(LEFT(O53, 3)="25+", "25+", IF(LEFT(O53, 3)="50+", "50+", IF(AND(LEFT(O53, 3)<>"50+", MID(O53, 2, 2)="0+"), LEFT(O53, 3), IFERROR(_xlfn.NUMBERVALUE(LEFT(O53, 3)), IFERROR(_xlfn.NUMBERVALUE(LEFT(O53, 2)), _xlfn.NUMBERVALUE(LEFT(O53, 1))))))) -> 0 | Q60: =IF(LEFT(Q53, 3)="25+", "25+", IF(LEFT(Q53, 3)="50+", "50+", IF(AND(LEFT(Q53, 3)<>"50+", MID(Q53, 2, 2)="0+"), LEFT(Q53, 3), IFERROR(_xlfn.NUMBERVALUE(LEFT(Q53, 3)), IFERROR(_xlfn.NUMBERVALUE(LEFT(Q53, 2)), _xlfn.NUMBERVALUE(LEFT(Q53, 1))))))) -> 4 | R60: =IF(LEFT(R53, 3)="25+", "25+", IF(LEFT(R53, 3)="50+", "50+", IF(AND(LEFT(R53, 3)<>"50+", MID(R53, 2, 2)="0+"), LEFT(R53, 3), IFERROR(_xlfn.NUMBERVALUE(LEFT(R53, 3)), IFERROR(_xlfn.NUMBERVALUE(LEFT(R53, 2)), _xlfn.NUMBERVALUE(LEFT(R53, 1))))))) -> 0 | S60: =IF(LEFT(S53, 3)="25+", "25+", IF(LEFT(S53, 3)="50+", "50+", IF(AND(LEFT(S53, 3)<>"50+", MID(S53, 2, 2)="0+"), LEFT(S53, 3), IFERROR(_xlfn.NUMBERVALUE(LEFT(S53, 3)), IFERROR(_xlfn.NUMBERVALUE(LEFT(S53, 2)), _xlfn.NUMBERVALUE(LEFT(S53, 1))))))) -> 0 | T60: =IF(LEFT(T53, 3)="25+", "25+", IF(LEFT(T53, 3)="50+", "50+", IF(AND(LEFT(T53, 3)<>"50+", MID(T53, 2, 2)="0+"), LEFT(T53, 3), IFERROR(_xlfn.NUMBERVALUE(LEFT(T53, 3)), IFERROR(_xlfn.NUMBERVALUE(LEFT(T53, 2)), _xlfn.NUMBERVALUE(LEFT(T53, 1))))))) -> 0
B61: =IF(D61>0, D61, 0) -> 0 | C61: =IF(E61>0, E61, 0) -> 0 | D61: =IF($E$58>=14, 1, $E$58-13) -> -13 | E61: =IF($E$58>=4, 2, $E$58-2) -> -2 | G61: =IF($G$58>=4, 2, $G$58-2) -> -874 | H61: =IF($G$58>=14, 1, $G$58-13) -> -885 | I61: =IF(G61>0, G61, 0) -> 0 | J61: =IF(H61>0, H61, 0) -> 0 | L61: =IF(LEFT(L54, 3)="25+", "25+", IF(LEFT(L54, 3)="50+", "50+", IF(AND(LEFT(L54, 3)<>"50+", MID(L54, 2, 2)="0+"), LEFT(L54, 3), IFERROR(_xlfn.NUMBERVALUE(LEFT(L54, 3)), IFERROR(_xlfn.NUMBERVALUE(LEFT(L54, 2)), _xlfn.NUMBERVALUE(LEFT(L54, 1))))))) -> 0 | M61: =IF(LEFT(M54, 3)="25+", "25+", IF(LEFT(M54, 3)="50+", "50+", IF(AND(LEFT(M54, 3)<>"50+", MID(M54, 2, 2)="0+"), LEFT(M54, 3), IFERROR(_xlfn.NUMBERVALUE(LEFT(M54, 3)), IFERROR(_xlfn.NUMBERVALUE(LEFT(M54, 2)), _xlfn.NUMBERVALUE(LEFT(M54, 1))))))) -> 0 | N61: =IF(LEFT(N54, 3)="25+", "25+", IF(LEFT(N54, 3)="50+", "50+", IF(AND(LEFT(N54, 3)<>"50+", MID(N54, 2, 2)="0+"), LEFT(N54, 3), IFERROR(_xlfn.NUMBERVALUE(LEFT(N54, 3)), IFERROR(_xlfn.NUMBERVALUE(LEFT(N54, 2)), _xlfn.NUMBERVALUE(LEFT(N54, 1))))))) -> 0 | O61: =IF(LEFT(O54, 3)="25+", "25+", IF(LEFT(O54, 3)="50+", "50+", IF(AND(LEFT(O54, 3)<>"50+", MID(O54, 2, 2)="0+"), LEFT(O54, 3), IFERROR(_xlfn.NUMBERVALUE(LEFT(O54, 3)), IFERROR(_xlfn.NUMBERVALUE(LEFT(O54, 2)), _xlfn.NUMBERVALUE(LEFT(O54, 1))))))) -> 0 | Q61: =IF(LEFT(Q54, 3)="25+", "25+", IF(LEFT(Q54, 3)="50+", "50+", IF(AND(LEFT(Q54, 3)<>"50+", MID(Q54, 2, 2)="0+"), LEFT(Q54, 3), IFERROR(_xlfn.NUMBERVALUE(LEFT(Q54, 3)), IFERROR(_xlfn.NUMBERVALUE(LEFT(Q54, 2)), _xlfn.NUMBERVALUE(LEFT(Q54, 1))))))) -> 0 | R61: =IF(LEFT(R54, 3)="25+", "25+", IF(LEFT(R54, 3)="50+", "50+", IF(AND(LEFT(R54, 3)<>"50+", MID(R54, 2, 2)="0+"), LEFT(R54, 3), IFERROR(_xlfn.NUMBERVALUE(LEFT(R54, 3)), IFERROR(_xlfn.NUMBERVALUE(LEFT(R54, 2)), _xlfn.NUMBERVALUE(LEFT(R54, 1))))))) -> 0 | S61: =IF(LEFT(S54, 3)="25+", "25+", IF(LEFT(S54, 3)="50+", "50+", IF(AND(LEFT(S54, 3)<>"50+", MID(S54, 2, 2)="0+"), LEFT(S54, 3), IFERROR(_xlfn.NUMBERVALUE(LEFT(S54, 3)), IFERROR(_xlfn.NUMBERVALUE(LEFT(S54, 2)), _xlfn.NUMBERVALUE(LEFT(S54, 1))))))) -> 0 | T61: =IF(LEFT(T54, 3)="25+", "25+", IF(LEFT(T54, 3)="50+", "50+", IF(AND(LEFT(T54, 3)<>"50+", MID(T54, 2, 2)="0+"), LEFT(T54, 3), IFERROR(_xlfn.NUMBERVALUE(LEFT(T54, 3)), IFERROR(_xlfn.NUMBERVALUE(LEFT(T54, 2)), _xlfn.NUMBERVALUE(LEFT(T54, 1))))))) -> 0
B62: =IF(D62>0, D62, 0) -> 0 | C62: =IF(E62>0, E62, 0) -> 0 | D62: =IF($E$58>=15, 1, $E$58-14) -> -14 | E62: =IF($E$58>=6, 2, $E$58-4) -> -4 | G62: =IF($G$58>=6, 2, $G$58-4) -> -876 | H62: =IF($G$58>=15, 1, $G$58-14) -> -886 | I62: =IF(G62>0, G62, 0) -> 0 | J62: =IF(H62>0, H62, 0) -> 0 | L62: =IF(LEFT(L55, 3)="25+", "25+", IF(LEFT(L55, 3)="50+", "50+", IF(AND(LEFT(L55, 3)<>"50+", MID(L55, 2, 2)="0+"), LEFT(L55, 3), IFERROR(_xlfn.NUMBERVALUE(LEFT(L55, 3)), IFERROR(_xlfn.NUMBERVALUE(LEFT(L55, 2)), _xlfn.NUMBERVALUE(LEFT(L55, 1))))))) -> 0 | M62: =IF(LEFT(M55, 3)="25+", "25+", IF(LEFT(M55, 3)="50+", "50+", IF(AND(LEFT(M55, 3)<>"50+", MID(M55, 2, 2)="0+"), LEFT(M55, 3), IFERROR(_xlfn.NUMBERVALUE(LEFT(M55, 3)), IFERROR(_xlfn.NUMBERVALUE(LEFT(M55, 2)), _xlfn.NUMBERVALUE(LEFT(M55, 1))))))) -> 0 | N62: =IF(LEFT(N55, 3)="25+", "25+", IF(LEFT(N55, 3)="50+", "50+", IF(AND(LEFT(N55, 3)<>"50+", MID(N55, 2, 2)="0+"), LEFT(N55, 3), IFERROR(_xlfn.NUMBERVALUE(LEFT(N55, 3)), IFERROR(_xlfn.NUMBERVALUE(LEFT(N55, 2)), _xlfn.NUMBERVALUE(LEFT(N55, 1))))))) -> 0 | O62: =IF(LEFT(O55, 3)="25+", "25+", IF(LEFT(O55, 3)="50+", "50+", IF(AND(LEFT(O55, 3)<>"50+", MID(O55, 2, 2)="0+"), LEFT(O55, 3), IFERROR(_xlfn.NUMBERVALUE(LEFT(O55, 3)), IFERROR(_xlfn.NUMBERVALUE(LEFT(O55, 2)), _xlfn.NUMBERVALUE(LEFT(O55, 1))))))) -> 0 | Q62: =IF(LEFT(Q55, 3)="25+", "25+", IF(LEFT(Q55, 3)="50+", "50+", IF(AND(LEFT(Q55, 3)<>"50+", MID(Q55, 2, 2)="0+"), LEFT(Q55, 3), IFERROR(_xlfn.NUMBERVALUE(LEFT(Q55, 3)), IFERROR(_xlfn.NUMBERVALUE(LEFT(Q55, 2)), _xlfn.NUMBERVALUE(LEFT(Q55, 1))))))) -> 0 | R62: =IF(LEFT(R55, 3)="25+", "25+", IF(LEFT(R55, 3)="50+", "50+", IF(AND(LEFT(R55, 3)<>"50+", MID(R55, 2, 2)="0+"), LEFT(R55, 3), IFERROR(_xlfn.NUMBERVALUE(LEFT(R55, 3)), IFERROR(_xlfn.NUMBERVALUE(LEFT(R55, 2)), _xlfn.NUMBERVALUE(LEFT(R55, 1))))))) -> 0 | S62: =IF(LEFT(S55, 3)="25+", "25+", IF(LEFT(S55, 3)="50+", "50+", IF(AND(LEFT(S55, 3)<>"50+", MID(S55, 2, 2)="0+"), LEFT(S55, 3), IFERROR(_xlfn.NUMBERVALUE(LEFT(S55, 3)), IFERROR(_xlfn.NUMBERVALUE(LEFT(S55, 2)), _xlfn.NUMBERVALUE(LEFT(S55, 1))))))) -> 0 | T62: =IF(LEFT(T55, 3)="25+", "25+", IF(LEFT(T55, 3)="50+", "50+", IF(AND(LEFT(T55, 3)<>"50+", MID(T55, 2, 2)="0+"), LEFT(T55, 3), IFERROR(_xlfn.NUMBERVALUE(LEFT(T55, 3)), IFERROR(_xlfn.NUMBERVALUE(LEFT(T55, 2)), _xlfn.NUMBERVALUE(LEFT(T55, 1))))))) -> 0
B63: =IF(D63>0, D63, 0) -> 0 | C63: =IF(E63>0, E63, 0) -> 0 | D63: =IF($E$58>=16, 1, $E$58-15) -> -15 | E63: =IF($E$58>=8, 2, $E$58-6) -> -6 | G63: =IF($G$58>=8, 2, $G$58-6) -> -878 | H63: =IF($G$58>=16, 1, $G$58-15) -> -887 | I63: =IF(G63>0, G63, 0) -> 0 | J63: =IF(H63>0, H63, 0) -> 0 | L63: =IF(LEFT(L56, 3)="25+", "25+", IF(LEFT(L56, 3)="50+", "50+", IF(AND(LEFT(L56, 3)<>"50+", MID(L56, 2, 2)="0+"), LEFT(L56, 3), IFERROR(_xlfn.NUMBERVALUE(LEFT(L56, 3)), IFERROR(_xlfn.NUMBERVALUE(LEFT(L56, 2)), _xlfn.NUMBERVALUE(LEFT(L56, 1))))))) -> 0 | M63: =IF(LEFT(M56, 3)="25+", "25+", IF(LEFT(M56, 3)="50+", "50+", IF(AND(LEFT(M56, 3)<>"50+", MID(M56, 2, 2)="0+"), LEFT(M56, 3), IFERROR(_xlfn.NUMBERVALUE(LEFT(M56, 3)), IFERROR(_xlfn.NUMBERVALUE(LEFT(M56, 2)), _xlfn.NUMBERVALUE(LEFT(M56, 1))))))) -> 0 | N63: =IF(LEFT(N56, 3)="25+", "25+", IF(LEFT(N56, 3)="50+", "50+", IF(AND(LEFT(N56, 3)<>"50+", MID(N56, 2, 2)="0+"), LEFT(N56, 3), IFERROR(_xlfn.NUMBERVALUE(LEFT(N56, 3)), IFERROR(_xlfn.NUMBERVALUE(LEFT(N56, 2)), _xlfn.NUMBERVALUE(LEFT(N56, 1))))))) -> 0 | O63: =IF(LEFT(O56, 3)="25+", "25+", IF(LEFT(O56, 3)="50+", "50+", IF(AND(LEFT(O56, 3)<>"50+", MID(O56, 2, 2)="0+"), LEFT(O56, 3), IFERROR(_xlfn.NUMBERVALUE(LEFT(O56, 3)), IFERROR(_xlfn.NUMBERVALUE(LEFT(O56, 2)), _xlfn.NUMBERVALUE(LEFT(O56, 1))))))) -> 0 | Q63: =IF(LEFT(Q56, 3)="25+", "25+", IF(LEFT(Q56, 3)="50+", "50+", IF(AND(LEFT(Q56, 3)<>"50+", MID(Q56, 2, 2)="0+"), LEFT(Q56, 3), IFERROR(_xlfn.NUMBERVALUE(LEFT(Q56, 3)), IFERROR(_xlfn.NUMBERVALUE(LEFT(Q56, 2)), _xlfn.NUMBERVALUE(LEFT(Q56, 1))))))) -> 0 | R63: =IF(LEFT(R56, 3)="25+", "25+", IF(LEFT(R56, 3)="50+", "50+", IF(AND(LEFT(R56, 3)<>"50+", MID(R56, 2, 2)="0+"), LEFT(R56, 3), IFERROR(_xlfn.NUMBERVALUE(LEFT(R56, 3)), IFERROR(_xlfn.NUMBERVALUE(LEFT(R56, 2)), _xlfn.NUMBERVALUE(LEFT(R56, 1))))))) -> 0 | S63: =IF(LEFT(S56, 3)="25+", "25+", IF(LEFT(S56, 3)="50+", "50+", IF(AND(LEFT(S56, 3)<>"50+", MID(S56, 2, 2)="0+"), LEFT(S56, 3), IFERROR(_xlfn.NUMBERVALUE(LEFT(S56, 3)), IFERROR(_xlfn.NUMBERVALUE(LEFT(S56, 2)), _xlfn.NUMBERVALUE(LEFT(S56, 1))))))) -> 0 | T63: =IF(LEFT(T56, 3)="25+", "25+", IF(LEFT(T56, 3)="50+", "50+", IF(AND(LEFT(T56, 3)<>"50+", MID(T56, 2, 2)="0+"), LEFT(T56, 3), IFERROR(_xlfn.NUMBERVALUE(LEFT(T56, 3)), IFERROR(_xlfn.NUMBERVALUE(LEFT(T56, 2)), _xlfn.NUMBERVALUE(LEFT(T56, 1))))))) -> 0
B64: =IF(D64>0, D64, 0) -> 0 | C64: =IF(E64>0, E64, 0) -> 0 | D64: =IF($E$58>=17, 1, $E$58-16) -> -16 | E64: =IF($E$58>=10, 2, $E$58-8) -> -8 | G64: =IF($G$58>=10, 2, $G$58-8) -> -880 | H64: =IF($G$58>=17, 1, $G$58-16) -> -888 | I64: =IF(G64>0, G64, 0) -> 0 | J64: =IF(H64>0, H64, 0) -> 0 | L64: =IF(LEFT(L57, 3)="25+", "25+", IF(LEFT(L57, 3)="50+", "50+", IF(AND(LEFT(L57, 3)<>"50+", MID(L57, 2, 2)="0+"), LEFT(L57, 3), IFERROR(_xlfn.NUMBERVALUE(LEFT(L57, 3)), IFERROR(_xlfn.NUMBERVALUE(LEFT(L57, 2)), _xlfn.NUMBERVALUE(LEFT(L57, 1))))))) -> 0 | M64: =IF(LEFT(M57, 3)="25+", "25+", IF(LEFT(M57, 3)="50+", "50+", IF(AND(LEFT(M57, 3)<>"50+", MID(M57, 2, 2)="0+"), LEFT(M57, 3), IFERROR(_xlfn.NUMBERVALUE(LEFT(M57, 3)), IFERROR(_xlfn.NUMBERVALUE(LEFT(M57, 2)), _xlfn.NUMBERVALUE(LEFT(M57, 1))))))) -> 0 | N64: =IF(LEFT(N57, 3)="25+", "25+", IF(LEFT(N57, 3)="50+", "50+", IF(AND(LEFT(N57, 3)<>"50+", MID(N57, 2, 2)="0+"), LEFT(N57, 3), IFERROR(_xlfn.NUMBERVALUE(LEFT(N57, 3)), IFERROR(_xlfn.NUMBERVALUE(LEFT(N57, 2)), _xlfn.NUMBERVALUE(LEFT(N57, 1))))))) -> 0 | O64: =IF(LEFT(O57, 3)="25+", "25+", IF(LEFT(O57, 3)="50+", "50+", IF(AND(LEFT(O57, 3)<>"50+", MID(O57, 2, 2)="0+"), LEFT(O57, 3), IFERROR(_xlfn.NUMBERVALUE(LEFT(O57, 3)), IFERROR(_xlfn.NUMBERVALUE(LEFT(O57, 2)), _xlfn.NUMBERVALUE(LEFT(O57, 1))))))) -> 0 | Q64: =IF(LEFT(Q57, 3)="25+", "25+", IF(LEFT(Q57, 3)="50+", "50+", IF(AND(LEFT(Q57, 3)<>"50+", MID(Q57, 2, 2)="0+"), LEFT(Q57, 3), IFERROR(_xlfn.NUMBERVALUE(LEFT(Q57, 3)), IFERROR(_xlfn.NUMBERVALUE(LEFT(Q57, 2)), _xlfn.NUMBERVALUE(LEFT(Q57, 1))))))) -> 0 | R64: =IF(LEFT(R57, 3)="25+", "25+", IF(LEFT(R57, 3)="50+", "50+", IF(AND(LEFT(R57, 3)<>"50+", MID(R57, 2, 2)="0+"), LEFT(R57, 3), IFERROR(_xlfn.NUMBERVALUE(LEFT(R57, 3)), IFERROR(_xlfn.NUMBERVALUE(LEFT(R57, 2)), _xlfn.NUMBERVALUE(LEFT(R57, 1))))))) -> 0 | S64: =IF(LEFT(S57, 3)="25+", "25+", IF(LEFT(S57, 3)="50+", "50+", IF(AND(LEFT(S57, 3)<>"50+", MID(S57, 2, 2)="0+"), LEFT(S57, 3), IFERROR(_xlfn.NUMBERVALUE(LEFT(S57, 3)), IFERROR(_xlfn.NUMBERVALUE(LEFT(S57, 2)), _xlfn.NUMBERVALUE(LEFT(S57, 1))))))) -> 0 | T64: =IF(LEFT(T57, 3)="25+", "25+", IF(LEFT(T57, 3)="50+", "50+", IF(AND(LEFT(T57, 3)<>"50+", MID(T57, 2, 2)="0+"), LEFT(T57, 3), IFERROR(_xlfn.NUMBERVALUE(LEFT(T57, 3)), IFERROR(_xlfn.NUMBERVALUE(LEFT(T57, 2)), _xlfn.NUMBERVALUE(LEFT(T57, 1))))))) -> 0
B65: =IF(D65>0, D65, 0) -> 0 | C65: =IF(E65>0, E65, 0) -> 0 | D65: =IF($E$58>=18, 1, $E$58-17) -> -17 | E65: =IF($E$58>=12, 2, $E$58-10) -> -10 | G65: =IF($G$58>=12, 2, $G$58-10) -> -882 | H65: =IF($G$58>=18, 1, $G$58-17) -> -889 | I65: =IF(G65>0, G65, 0) -> 0 | J65: =IF(H65>0, H65, 0) -> 0
L66: =IF(AND(L59>0, L59<26), 1, IF(L59="25+", 0.5, 0)) -> 0 | M66: =IF(AND(M59>0, M59<26), 1, IF(M59="25+", 0.5, 0)) -> 0 | N66: =IF(AND(N59>0, N59<26), 1, IF(N59="25+", 0.5, 0)) -> 0 | O66: =IF(AND(O59>0, O59<26), 1, IF(O59="25+", 0.5, 0)) -> 0 | P66: =SUM(Q66:T71)+SUM(L66:O71) -> 2 | Q66: =IF(AND(Q59>0, Q59<26), 1, IF(Q59="25+", 0.5, 0)) -> 1 | R66: =IF(AND(R59>0, R59<26), 1, IF(R59="25+", 0.5, 0)) -> 0 | S66: =IF(AND(S59>0, S59<26), 1, IF(S59="25+", 0.5, 0)) -> 0 | T66: =IF(AND(T59>0, T59<26), 1, IF(T59="25+", 0.5, 0)) -> 0
B67: =B51 -> 0 | C67: =C51 -> 0 | D67: =D51+B60 -> 0 | E67: =E51+C60 -> 0 | G67: =G51+I60 -> 0 | H67: =H51+J60 -> 0 | I67: =I51 -> 0 | J67: =J51 -> 0 | L67: =IF(AND(L60>0, L60<26), 1, IF(L60="25+", 0.5, 0)) -> 0 | M67: =IF(AND(M60>0, M60<26), 1, IF(M60="25+", 0.5, 0)) -> 0 | N67: =IF(AND(N60>0, N60<26), 1, IF(N60="25+", 0.5, 0)) -> 0 | O67: =IF(AND(O60>0, O60<26), 1, IF(O60="25+", 0.5, 0)) -> 0 | Q67: =IF(AND(Q60>0, Q60<26), 1, IF(Q60="25+", 0.5, 0)) -> 1 | R67: =IF(AND(R60>0, R60<26), 1, IF(R60="25+", 0.5, 0)) -> 0 | S67: =IF(AND(S60>0, S60<26), 1, IF(S60="25+", 0.5, 0)) -> 0 | T67: =IF(AND(T60>0, T60<26), 1, IF(T60="25+", 0.5, 0)) -> 0
B68: =B52 -> 1 | C68: =C52 -> 0 | D68: =D52+B61 -> 0 | E68: =E52+C61 -> 0 | G68: =G52+I61 -> 0 | H68: =H52+J61 -> 1 | I68: =I52 -> 0 | J68: =J52 -> 1 | L68: =IF(AND(L61>0, L61<26), 1, IF(L61="25+", 0.5, 0)) -> 0 | M68: =IF(AND(M61>0, M61<26), 1, IF(M61="25+", 0.5, 0)) -> 0 | N68: =IF(AND(N61>0, N61<26), 1, IF(N61="25+", 0.5, 0)) -> 0 | O68: =IF(AND(O61>0, O61<26), 1, IF(O61="25+", 0.5, 0)) -> 0 | Q68: =IF(AND(Q61>0, Q61<26), 1, IF(Q61="25+", 0.5, 0)) -> 0 | R68: =IF(AND(R61>0, R61<26), 1, IF(R61="25+", 0.5, 0)) -> 0 | S68: =IF(AND(S61>0, S61<26), 1, IF(S61="25+", 0.5, 0)) -> 0 | T68: =IF(AND(T61>0, T61<26), 1, IF(T61="25+", 0.5, 0)) -> 0
B69: =B53 -> 0 | C69: =C53 -> 1 | D69: =D53+B62 -> 0 | E69: =E53+C62 -> 0 | G69: =G53+I62 -> 0 | H69: =H53+J62 -> 0 | I69: =I53 -> 0 | J69: =J53 -> 0 | L69: =IF(AND(L62>0, L62<26), 1, IF(L62="25+", 0.5, 0)) -> 0 | M69: =IF(AND(M62>0, M62<26), 1, IF(M62="25+", 0.5, 0)) -> 0 | N69: =IF(AND(N62>0, N62<26), 1, IF(N62="25+", 0.5, 0)) -> 0 | O69: =IF(AND(O62>0, O62<26), 1, IF(O62="25+", 0.5, 0)) -> 0 | Q69: =IF(AND(Q62>0, Q62<26), 1, IF(Q62="25+", 0.5, 0)) -> 0 | R69: =IF(AND(R62>0, R62<26), 1, IF(R62="25+", 0.5, 0)) -> 0 | S69: =IF(AND(S62>0, S62<26), 1, IF(S62="25+", 0.5, 0)) -> 0 | T69: =IF(AND(T62>0, T62<26), 1, IF(T62="25+", 0.5, 0)) -> 0
B70: =B54 -> 0 | C70: =C54 -> 0 | D70: =D54+B63 -> 1 | E70: =E54+C63 -> 0 | G70: =G54+I63 -> 1 | H70: =H54+J63 -> 0 | I70: =I54 -> 1 | J70: =J54 -> 0 | L70: =IF(AND(L63>0, L63<26), 1, IF(L63="25+", 0.5, 0)) -> 0 | M70: =IF(AND(M63>0, M63<26), 1, IF(M63="25+", 0.5, 0)) -> 0 | N70: =IF(AND(N63>0, N63<26), 1, IF(N63="25+", 0.5, 0)) -> 0 | O70: =IF(AND(O63>0, O63<26), 1, IF(O63="25+", 0.5, 0)) -> 0 | Q70: =IF(AND(Q63>0, Q63<26), 1, IF(Q63="25+", 0.5, 0)) -> 0 | R70: =IF(AND(R63>0, R63<26), 1, IF(R63="25+", 0.5, 0)) -> 0 | S70: =IF(AND(S63>0, S63<26), 1, IF(S63="25+", 0.5, 0)) -> 0 | T70: =IF(AND(T63>0, T63<26), 1, IF(T63="25+", 0.5, 0)) -> 0
B71: =B55 -> 0 | C71: =C55 -> 0 | D71: =D55+B64 -> 0 | E71: =E55+C64 -> 1 | G71: =G55+I64 -> 0 | H71: =H55+J64 -> 0 | I71: =I55 -> 0 | J71: =J55 -> 0 | L71: =IF(AND(L64>0, L64<26), 1, IF(L64="25+", 0.5, 0)) -> 0 | M71: =IF(AND(M64>0, M64<26), 1, IF(M64="25+", 0.5, 0)) -> 0 | N71: =IF(AND(N64>0, N64<26), 1, IF(N64="25+", 0.5, 0)) -> 0 | O71: =IF(AND(O64>0, O64<26), 1, IF(O64="25+", 0.5, 0)) -> 0 | Q71: =IF(AND(Q64>0, Q64<26), 1, IF(Q64="25+", 0.5, 0)) -> 0 | R71: =IF(AND(R64>0, R64<26), 1, IF(R64="25+", 0.5, 0)) -> 0 | S71: =IF(AND(S64>0, S64<26), 1, IF(S64="25+", 0.5, 0)) -> 0 | T71: =IF(AND(T64>0, T64<26), 1, IF(T64="25+", 0.5, 0)) -> 0
B72: =B56 -> 0 | C72: =C56 -> 0 | D72: =D56+B65 -> 0 | E72: =E56+C65 -> 0 | G72: =G56+I65 -> 0 | H72: =H56+J65 -> 1 | I72: =I56 -> 0 | J72: =J56 -> 1
L73: =IF(AND(L59>25, L59<51), 1, IF(L59="50+", 0.5, 0)) -> 0 | M73: =IF(AND(M59>25, M59<51), 1, IF(M59="50+", 0.5, 0)) -> 0 | N73: =IF(AND(N59>25, N59<51), 1, IF(N59="50+", 0.5, 0)) -> 0 | O73: =IF(AND(O59>25, O59<51), 1, IF(O59="50+", 0.5, 0)) -> 0 | P73: =SUM(Q73:T78)+SUM(L73:O78) -> 0 | Q73: =IF(AND(Q59>25, Q59<51), 1, IF(Q59="50+", 0.5, 0)) -> 0 | R73: =IF(AND(R59>25, R59<51), 1, IF(R59="50+", 0.5, 0)) -> 0 | S73: =IF(AND(S59>25, S59<51), 1, IF(S59="50+", 0.5, 0)) -> 0 | T73: =IF(AND(T59>25, T59<51), 1, IF(T59="50+", 0.5, 0)) -> 0
L74: =IF(AND(L60>25, L60<51), 1, IF(L60="50+", 0.5, 0)) -> 0 | M74: =IF(AND(M60>25, M60<51), 1, IF(M60="50+", 0.5, 0)) -> 0 | N74: =IF(AND(N60>25, N60<51), 1, IF(N60="50+", 0.5, 0)) -> 0 | O74: =IF(AND(O60>25, O60<51), 1, IF(O60="50+", 0.5, 0)) -> 0 | Q74: =IF(AND(Q60>25, Q60<51), 1, IF(Q60="50+", 0.5, 0)) -> 0 | R74: =IF(AND(R60>25, R60<51), 1, IF(R60="50+", 0.5, 0)) -> 0 | S74: =IF(AND(S60>25, S60<51), 1, IF(S60="50+", 0.5, 0)) -> 0 | T74: =IF(AND(T60>25, T60<51), 1, IF(T60="50+", 0.5, 0)) -> 0
L75: =IF(AND(L61>25, L61<51), 1, IF(L61="50+", 0.5, 0)) -> 0 | M75: =IF(AND(M61>25, M61<51), 1, IF(M61="50+", 0.5, 0)) -> 0 | N75: =IF(AND(N61>25, N61<51), 1, IF(N61="50+", 0.5, 0)) -> 0 | O75: =IF(AND(O61>25, O61<51), 1, IF(O61="50+", 0.5, 0)) -> 0 | Q75: =IF(AND(Q61>25, Q61<51), 1, IF(Q61="50+", 0.5, 0)) -> 0 | R75: =IF(AND(R61>25, R61<51), 1, IF(R61="50+", 0.5, 0)) -> 0 | S75: =IF(AND(S61>25, S61<51), 1, IF(S61="50+", 0.5, 0)) -> 0 | T75: =IF(AND(T61>25, T61<51), 1, IF(T61="50+", 0.5, 0)) -> 0
L76: =IF(AND(L62>25, L62<51), 1, IF(L62="50+", 0.5, 0)) -> 0 | M76: =IF(AND(M62>25, M62<51), 1, IF(M62="50+", 0.5, 0)) -> 0 | N76: =IF(AND(N62>25, N62<51), 1, IF(N62="50+", 0.5, 0)) -> 0 | O76: =IF(AND(O62>25, O62<51), 1, IF(O62="50+", 0.5, 0)) -> 0 | Q76: =IF(AND(Q62>25, Q62<51), 1, IF(Q62="50+", 0.5, 0)) -> 0 | R76: =IF(AND(R62>25, R62<51), 1, IF(R62="50+", 0.5, 0)) -> 0 | S76: =IF(AND(S62>25, S62<51), 1, IF(S62="50+", 0.5, 0)) -> 0 | T76: =IF(AND(T62>25, T62<51), 1, IF(T62="50+", 0.5, 0)) -> 0
L77: =IF(AND(L63>25, L63<51), 1, IF(L63="50+", 0.5, 0)) -> 0 | M77: =IF(AND(M63>25, M63<51), 1, IF(M63="50+", 0.5, 0)) -> 0 | N77: =IF(AND(N63>25, N63<51), 1, IF(N63="50+", 0.5, 0)) -> 0 | O77: =IF(AND(O63>25, O63<51), 1, IF(O63="50+", 0.5, 0)) -> 0 | Q77: =IF(AND(Q63>25, Q63<51), 1, IF(Q63="50+", 0.5, 0)) -> 0 | R77: =IF(AND(R63>25, R63<51), 1, IF(R63="50+", 0.5, 0)) -> 0 | S77: =IF(AND(S63>25, S63<51), 1, IF(S63="50+", 0.5, 0)) -> 0 | T77: =IF(AND(T63>25, T63<51), 1, IF(T63="50+", 0.5, 0)) -> 0
L78: =IF(AND(L64>25, L64<51), 1, IF(L64="50+", 0.5, 0)) -> 0 | M78: =IF(AND(M64>25, M64<51), 1, IF(M64="50+", 0.5, 0)) -> 0 | N78: =IF(AND(N64>25, N64<51), 1, IF(N64="50+", 0.5, 0)) -> 0 | O78: =IF(AND(O64>25, O64<51), 1, IF(O64="50+", 0.5, 0)) -> 0 | Q78: =IF(AND(Q64>25, Q64<51), 1, IF(Q64="50+", 0.5, 0)) -> 0 | R78: =IF(AND(R64>25, R64<51), 1, IF(R64="50+", 0.5, 0)) -> 0 | S78: =IF(AND(S64>25, S64<51), 1, IF(S64="50+", 0.5, 0)) -> 0 | T78: =IF(AND(T64>25, T64<51), 1, IF(T64="50+", 0.5, 0)) -> 0
L80: =IF(AND(L59>(20+($K$8*10)), L59<(31+($K$8*10))), 1, IF(L59=(CONCATENATE($K$8+3, "0+")), 0.5, 0)) -> 0 | M80: =IF(AND(M59>(20+($K$8*10)), M59<(31+($K$8*10))), 1, IF(M59=(CONCATENATE($K$8+3, "0+")), 0.5, 0)) -> 0 | N80: =IF(AND(N59>(20+($K$8*10)), N59<(31+($K$8*10))), 1, IF(N59=(CONCATENATE($K$8+3, "0+")), 0.5, 0)) -> 0 | O80: =IF(AND(O59>(20+($K$8*10)), O59<(31+($K$8*10))), 1, IF(O59=(CONCATENATE($K$8+3, "0+")), 0.5, 0)) -> 0 | P80: =SUM(Q80:T85)+SUM(L80:O85) -> 0 | Q80: =IF(AND(Q59>(20+($K$8*10)), Q59<(31+($K$8*10))), 1, IF(Q59=(CONCATENATE($K$8+3, "0+")), 0.5, 0)) -> 0 | R80: =IF(AND(R59>(20+($K$8*10)), R59<(31+($K$8*10))), 1, IF(R59=(CONCATENATE($K$8+3, "0+")), 0.5, 0)) -> 0 | S80: =IF(AND(S59>(20+($K$8*10)), S59<(31+($K$8*10))), 1, IF(S59=(CONCATENATE($K$8+3, "0+")), 0.5, 0)) -> 0 | T80: =IF(AND(T59>(20+($K$8*10)), T59<(31+($K$8*10))), 1, IF(T59=(CONCATENATE($K$8+3, "0+")), 0.5, 0)) -> 0
L81: =IF(AND(L60>(20+($K$8*10)), L60<(31+($K$8*10))), 1, IF(L60=(CONCATENATE($K$8+3, "0+")), 0.5, 0)) -> 0 | M81: =IF(AND(M60>(20+($K$8*10)), M60<(31+($K$8*10))), 1, IF(M60=(CONCATENATE($K$8+3, "0+")), 0.5, 0)) -> 0 | N81: =IF(AND(N60>(20+($K$8*10)), N60<(31+($K$8*10))), 1, IF(N60=(CONCATENATE($K$8+3, "0+")), 0.5, 0)) -> 0 | O81: =IF(AND(O60>(20+($K$8*10)), O60<(31+($K$8*10))), 1, IF(O60=(CONCATENATE($K$8+3, "0+")), 0.5, 0)) -> 0 | Q81: =IF(AND(Q60>(20+($K$8*10)), Q60<(31+($K$8*10))), 1, IF(Q60=(CONCATENATE($K$8+3, "0+")), 0.5, 0)) -> 0 | R81: =IF(AND(R60>(20+($K$8*10)), R60<(31+($K$8*10))), 1, IF(R60=(CONCATENATE($K$8+3, "0+")), 0.5, 0)) -> 0 | S81: =IF(AND(S60>(20+($K$8*10)), S60<(31+($K$8*10))), 1, IF(S60=(CONCATENATE($K$8+3, "0+")), 0.5, 0)) -> 0 | T81: =IF(AND(T60>(20+($K$8*10)), T60<(31+($K$8*10))), 1, IF(T60=(CONCATENATE($K$8+3, "0+")), 0.5, 0)) -> 0
L82: =IF(AND(L61>(20+($K$8*10)), L61<(31+($K$8*10))), 1, IF(L61=(CONCATENATE($K$8+3, "0+")), 0.5, 0)) -> 0 | M82: =IF(AND(M61>(20+($K$8*10)), M61<(31+($K$8*10))), 1, IF(M61=(CONCATENATE($K$8+3, "0+")), 0.5, 0)) -> 0 | N82: =IF(AND(N61>(20+($K$8*10)), N61<(31+($K$8*10))), 1, IF(N61=(CONCATENATE($K$8+3, "0+")), 0.5, 0)) -> 0 | O82: =IF(AND(O61>(20+($K$8*10)), O61<(31+($K$8*10))), 1, IF(O61=(CONCATENATE($K$8+3, "0+")), 0.5, 0)) -> 0 | Q82: =IF(AND(Q61>(20+($K$8*10)), Q61<(31+($K$8*10))), 1, IF(Q61=(CONCATENATE($K$8+3, "0+")), 0.5, 0)) -> 0 | R82: =IF(AND(R61>(20+($K$8*10)), R61<(31+($K$8*10))), 1, IF(R61=(CONCATENATE($K$8+3, "0+")), 0.5, 0)) -> 0 | S82: =IF(AND(S61>(20+($K$8*10)), S61<(31+($K$8*10))), 1, IF(S61=(CONCATENATE($K$8+3, "0+")), 0.5, 0)) -> 0 | T82: =IF(AND(T61>(20+($K$8*10)), T61<(31+($K$8*10))), 1, IF(T61=(CONCATENATE($K$8+3, "0+")), 0.5, 0)) -> 0
L83: =IF(AND(L62>(20+($K$8*10)), L62<(31+($K$8*10))), 1, IF(L62=(CONCATENATE($K$8+3, "0+")), 0.5, 0)) -> 0 | M83: =IF(AND(M62>(20+($K$8*10)), M62<(31+($K$8*10))), 1, IF(M62=(CONCATENATE($K$8+3, "0+")), 0.5, 0)) -> 0 | N83: =IF(AND(N62>(20+($K$8*10)), N62<(31+($K$8*10))), 1, IF(N62=(CONCATENATE($K$8+3, "0+")), 0.5, 0)) -> 0 | O83: =IF(AND(O62>(20+($K$8*10)), O62<(31+($K$8*10))), 1, IF(O62=(CONCATENATE($K$8+3, "0+")), 0.5, 0)) -> 0 | Q83: =IF(AND(Q62>(20+($K$8*10)), Q62<(31+($K$8*10))), 1, IF(Q62=(CONCATENATE($K$8+3, "0+")), 0.5, 0)) -> 0 | R83: =IF(AND(R62>(20+($K$8*10)), R62<(31+($K$8*10))), 1, IF(R62=(CONCATENATE($K$8+3, "0+")), 0.5, 0)) -> 0 | S83: =IF(AND(S62>(20+($K$8*10)), S62<(31+($K$8*10))), 1, IF(S62=(CONCATENATE($K$8+3, "0+")), 0.5, 0)) -> 0 | T83: =IF(AND(T62>(20+($K$8*10)), T62<(31+($K$8*10))), 1, IF(T62=(CONCATENATE($K$8+3, "0+")), 0.5, 0)) -> 0
L84: =IF(AND(L63>(20+($K$8*10)), L63<(31+($K$8*10))), 1, IF(L63=(CONCATENATE($K$8+3, "0+")), 0.5, 0)) -> 0 | M84: =IF(AND(M63>(20+($K$8*10)), M63<(31+($K$8*10))), 1, IF(M63=(CONCATENATE($K$8+3, "0+")), 0.5, 0)) -> 0 | N84: =IF(AND(N63>(20+($K$8*10)), N63<(31+($K$8*10))), 1, IF(N63=(CONCATENATE($K$8+3, "0+")), 0.5, 0)) -> 0 | O84: =IF(AND(O63>(20+($K$8*10)), O63<(31+($K$8*10))), 1, IF(O63=(CONCATENATE($K$8+3, "0+")), 0.5, 0)) -> 0 | Q84: =IF(AND(Q63>(20+($K$8*10)), Q63<(31+($K$8*10))), 1, IF(Q63=(CONCATENATE($K$8+3, "0+")), 0.5, 0)) -> 0 | R84: =IF(AND(R63>(20+($K$8*10)), R63<(31+($K$8*10))), 1, IF(R63=(CONCATENATE($K$8+3, "0+")), 0.5, 0)) -> 0 | S84: =IF(AND(S63>(20+($K$8*10)), S63<(31+($K$8*10))), 1, IF(S63=(CONCATENATE($K$8+3, "0+")), 0.5, 0)) -> 0 | T84: =IF(AND(T63>(20+($K$8*10)), T63<(31+($K$8*10))), 1, IF(T63=(CONCATENATE($K$8+3, "0+")), 0.5, 0)) -> 0
L85: =IF(AND(L64>(20+($K$8*10)), L64<(31+($K$8*10))), 1, IF(L64=(CONCATENATE($K$8+3, "0+")), 0.5, 0)) -> 0 | M85: =IF(AND(M64>(20+($K$8*10)), M64<(31+($K$8*10))), 1, IF(M64=(CONCATENATE($K$8+3, "0+")), 0.5, 0)) -> 0 | N85: =IF(AND(N64>(20+($K$8*10)), N64<(31+($K$8*10))), 1, IF(N64=(CONCATENATE($K$8+3, "0+")), 0.5, 0)) -> 0 | O85: =IF(AND(O64>(20+($K$8*10)), O64<(31+($K$8*10))), 1, IF(O64=(CONCATENATE($K$8+3, "0+")), 0.5, 0)) -> 0 | Q85: =IF(AND(Q64>(20+($K$8*10)), Q64<(31+($K$8*10))), 1, IF(Q64=(CONCATENATE($K$8+3, "0+")), 0.5, 0)) -> 0 | R85: =IF(AND(R64>(20+($K$8*10)), R64<(31+($K$8*10))), 1, IF(R64=(CONCATENATE($K$8+3, "0+")), 0.5, 0)) -> 0 | S85: =IF(AND(S64>(20+($K$8*10)), S64<(31+($K$8*10))), 1, IF(S64=(CONCATENATE($K$8+3, "0+")), 0.5, 0)) -> 0 | T85: =IF(AND(T64>(20+($K$8*10)), T64<(31+($K$8*10))), 1, IF(T64=(CONCATENATE($K$8+3, "0+")), 0.5, 0)) -> 0
L87: =IF(OR(RIGHT(B6, 1)="!", RIGHT(B6, 1)="#", RIGHT(B6, 1)="$"), LEFT(B6, LEN(B6)-1), B6) -> 0 | M87: =IF(OR(RIGHT(C6, 1)="!", RIGHT(C6, 1)="#", RIGHT(C6, 1)="$"), LEFT(C6, LEN(C6)-1), C6) -> 0 | N87: =IF(OR(RIGHT(D6, 1)="!", RIGHT(D6, 1)="#", RIGHT(D6, 1)="$"), LEFT(D6, LEN(D6)-1), D6) -> 0 | O87: =IF(OR(RIGHT(E6, 1)="!", RIGHT(E6, 1)="#", RIGHT(E6, 1)="$"), LEFT(E6, LEN(E6)-1), E6) -> 0 | Q87: =IF(OR(RIGHT(Q6, 1)="!", RIGHT(Q6, 1)="#", RIGHT(Q6, 1)="$"), LEFT(Q6, LEN(Q6)-1), Q6) -> 2*2 | R87: =IF(OR(RIGHT(R6, 1)="!", RIGHT(R6, 1)="#", RIGHT(R6, 1)="$"), LEFT(R6, LEN(R6)-1), R6) -> 0 | S87: =IF(OR(RIGHT(S6, 1)="!", RIGHT(S6, 1)="#", RIGHT(S6, 1)="$"), LEFT(S6, LEN(S6)-1), S6) -> 0 | T87: =IF(OR(RIGHT(T6, 1)="!", RIGHT(T6, 1)="#", RIGHT(T6, 1)="$"), LEFT(T6, LEN(T6)-1), T6) -> 0
L88: =IF(OR(RIGHT(B7, 1)="!", RIGHT(B7, 1)="#", RIGHT(B7, 1)="$"), LEFT(B7, LEN(B7)-1), B7) -> 0 | M88: =IF(OR(RIGHT(C7, 1)="!", RIGHT(C7, 1)="#", RIGHT(C7, 1)="$"), LEFT(C7, LEN(C7)-1), C7) -> 0 | N88: =IF(OR(RIGHT(D7, 1)="!", RIGHT(D7, 1)="#", RIGHT(D7, 1)="$"), LEFT(D7, LEN(D7)-1), D7) -> 0 | O88: =IF(OR(RIGHT(E7, 1)="!", RIGHT(E7, 1)="#", RIGHT(E7, 1)="$"), LEFT(E7, LEN(E7)-1), E7) -> 0 | Q88: =IF(OR(RIGHT(Q7, 1)="!", RIGHT(Q7, 1)="#", RIGHT(Q7, 1)="$"), LEFT(Q7, LEN(Q7)-1), Q7) -> 2*4 | R88: =IF(OR(RIGHT(R7, 1)="!", RIGHT(R7, 1)="#", RIGHT(R7, 1)="$"), LEFT(R7, LEN(R7)-1), R7) -> 0 | S88: =IF(OR(RIGHT(S7, 1)="!", RIGHT(S7, 1)="#", RIGHT(S7, 1)="$"), LEFT(S7, LEN(S7)-1), S7) -> 0 | T88: =IF(OR(RIGHT(T7, 1)="!", RIGHT(T7, 1)="#", RIGHT(T7, 1)="$"), LEFT(T7, LEN(T7)-1), T7) -> 0
L89: =IF(OR(RIGHT(B8, 1)="!", RIGHT(B8, 1)="#", RIGHT(B8, 1)="$"), LEFT(B8, LEN(B8)-1), B8) -> 0 | M89: =IF(OR(RIGHT(C8, 1)="!", RIGHT(C8, 1)="#", RIGHT(C8, 1)="$"), LEFT(C8, LEN(C8)-1), C8) -> 0 | N89: =IF(OR(RIGHT(D8, 1)="!", RIGHT(D8, 1)="#", RIGHT(D8, 1)="$"), LEFT(D8, LEN(D8)-1), D8) -> 0 | O89: =IF(OR(RIGHT(E8, 1)="!", RIGHT(E8, 1)="#", RIGHT(E8, 1)="$"), LEFT(E8, LEN(E8)-1), E8) -> 0 | Q89: =IF(OR(RIGHT(Q8, 1)="!", RIGHT(Q8, 1)="#", RIGHT(Q8, 1)="$"), LEFT(Q8, LEN(Q8)-1), Q8) -> 0 | R89: =IF(OR(RIGHT(R8, 1)="!", RIGHT(R8, 1)="#", RIGHT(R8, 1)="$"), LEFT(R8, LEN(R8)-1), R8) -> 0 | S89: =IF(OR(RIGHT(S8, 1)="!", RIGHT(S8, 1)="#", RIGHT(S8, 1)="$"), LEFT(S8, LEN(S8)-1), S8) -> 0 | T89: =IF(OR(RIGHT(T8, 1)="!", RIGHT(T8, 1)="#", RIGHT(T8, 1)="$"), LEFT(T8, LEN(T8)-1), T8) -> 0
L90: =IF(OR(RIGHT(B9, 1)="!", RIGHT(B9, 1)="#", RIGHT(B9, 1)="$"), LEFT(B9, LEN(B9)-1), B9) -> 0 | M90: =IF(OR(RIGHT(C9, 1)="!", RIGHT(C9, 1)="#", RIGHT(C9, 1)="$"), LEFT(C9, LEN(C9)-1), C9) -> 0 | N90: =IF(OR(RIGHT(D9, 1)="!", RIGHT(D9, 1)="#", RIGHT(D9, 1)="$"), LEFT(D9, LEN(D9)-1), D9) -> 0 | O90: =IF(OR(RIGHT(E9, 1)="!", RIGHT(E9, 1)="#", RIGHT(E9, 1)="$"), LEFT(E9, LEN(E9)-1), E9) -> 0 | Q90: =IF(OR(RIGHT(Q9, 1)="!", RIGHT(Q9, 1)="#", RIGHT(Q9, 1)="$"), LEFT(Q9, LEN(Q9)-1), Q9) -> 0 | R90: =IF(OR(RIGHT(R9, 1)="!", RIGHT(R9, 1)="#", RIGHT(R9, 1)="$"), LEFT(R9, LEN(R9)-1), R9) -> 0 | S90: =IF(OR(RIGHT(S9, 1)="!", RIGHT(S9, 1)="#", RIGHT(S9, 1)="$"), LEFT(S9, LEN(S9)-1), S9) -> 0 | T90: =IF(OR(RIGHT(T9, 1)="!", RIGHT(T9, 1)="#", RIGHT(T9, 1)="$"), LEFT(T9, LEN(T9)-1), T9) -> 0
L91: =IF(OR(RIGHT(B10, 1)="!", RIGHT(B10, 1)="#", RIGHT(B10, 1)="$"), LEFT(B10, LEN(B10)-1), B10) -> 0 | M91: =IF(OR(RIGHT(C10, 1)="!", RIGHT(C10, 1)="#", RIGHT(C10, 1)="$"), LEFT(C10, LEN(C10)-1), C10) -> 0 | N91: =IF(OR(RIGHT(D10, 1)="!", RIGHT(D10, 1)="#", RIGHT(D10, 1)="$"), LEFT(D10, LEN(D10)-1), D10) -> 0 | O91: =IF(OR(RIGHT(E10, 1)="!", RIGHT(E10, 1)="#", RIGHT(E10, 1)="$"), LEFT(E10, LEN(E10)-1), E10) -> 0 | Q91: =IF(OR(RIGHT(Q10, 1)="!", RIGHT(Q10, 1)="#", RIGHT(Q10, 1)="$"), LEFT(Q10, LEN(Q10)-1), Q10) -> 0 | R91: =IF(OR(RIGHT(R10, 1)="!", RIGHT(R10, 1)="#", RIGHT(R10, 1)="$"), LEFT(R10, LEN(R10)-1), R10) -> 0 | S91: =IF(OR(RIGHT(S10, 1)="!", RIGHT(S10, 1)="#", RIGHT(S10, 1)="$"), LEFT(S10, LEN(S10)-1), S10) -> 0 | T91: =IF(OR(RIGHT(T10, 1)="!", RIGHT(T10, 1)="#", RIGHT(T10, 1)="$"), LEFT(T10, LEN(T10)-1), T10) -> 0
L92: =IF(OR(RIGHT(B11, 1)="!", RIGHT(B11, 1)="#", RIGHT(B11, 1)="$"), LEFT(B11, LEN(B11)-1), B11) -> 0 | M92: =IF(OR(RIGHT(C11, 1)="!", RIGHT(C11, 1)="#", RIGHT(C11, 1)="$"), LEFT(C11, LEN(C11)-1), C11) -> 0 | N92: =IF(OR(RIGHT(D11, 1)="!", RIGHT(D11, 1)="#", RIGHT(D11, 1)="$"), LEFT(D11, LEN(D11)-1), D11) -> 0 | O92: =IF(OR(RIGHT(E11, 1)="!", RIGHT(E11, 1)="#", RIGHT(E11, 1)="$"), LEFT(E11, LEN(E11)-1), E11) -> 0 | Q92: =IF(OR(RIGHT(Q11, 1)="!", RIGHT(Q11, 1)="#", RIGHT(Q11, 1)="$"), LEFT(Q11, LEN(Q11)-1), Q11) -> 0 | R92: =IF(OR(RIGHT(R11, 1)="!", RIGHT(R11, 1)="#", RIGHT(R11, 1)="$"), LEFT(R11, LEN(R11)-1), R11) -> 0 | S92: =IF(OR(RIGHT(S11, 1)="!", RIGHT(S11, 1)="#", RIGHT(S11, 1)="$"), LEFT(S11, LEN(S11)-1), S11) -> 0 | T92: =IF(OR(RIGHT(T11, 1)="!", RIGHT(T11, 1)="#", RIGHT(T11, 1)="$"), LEFT(T11, LEN(T11)-1), T11) -> 0
L94: =IF(MID(L87, 5, 1)="+", MID(L87, 3, 10), IF(MID(L87, 6, 1)="+", MID(L87, 3, 10), L59)) -> 0 | M94: =IF(MID(M87, 5, 1)="+", MID(M87, 3, 10), IF(MID(M87, 6, 1)="+", MID(M87, 3, 10), M59)) -> 0 | N94: =IF(MID(N87, 5, 1)="+", MID(N87, 3, 10), IF(MID(N87, 6, 1)="+", MID(N87, 3, 10), N59)) -> 0 | O94: =IF(MID(O87, 5, 1)="+", MID(O87, 3, 10), IF(MID(O87, 6, 1)="+", MID(O87, 3, 10), O59)) -> 0 | Q94: =IF(MID(Q87, 5, 1)="+", MID(Q87, 3, 10), IF(MID(Q87, 6, 1)="+", MID(Q87, 3, 10), Q59)) -> 2 | R94: =IF(MID(R87, 5, 1)="+", MID(R87, 3, 10), IF(MID(R87, 6, 1)="+", MID(R87, 3, 10), R59)) -> 0 | S94: =IF(MID(S87, 5, 1)="+", MID(S87, 3, 10), IF(MID(S87, 6, 1)="+", MID(S87, 3, 10), S59)) -> 0 | T94: =IF(MID(T87, 5, 1)="+", MID(T87, 3, 10), IF(MID(T87, 6, 1)="+", MID(T87, 3, 10), T59)) -> 0
L95: =IF(MID(L88, 5, 1)="+", MID(L88, 3, 10), IF(MID(L88, 6, 1)="+", MID(L88, 3, 10), L60)) -> 0 | M95: =IF(MID(M88, 5, 1)="+", MID(M88, 3, 10), IF(MID(M88, 6, 1)="+", MID(M88, 3, 10), M60)) -> 0 | N95: =IF(MID(N88, 5, 1)="+", MID(N88, 3, 10), IF(MID(N88, 6, 1)="+", MID(N88, 3, 10), N60)) -> 0 | O95: =IF(MID(O88, 5, 1)="+", MID(O88, 3, 10), IF(MID(O88, 6, 1)="+", MID(O88, 3, 10), O60)) -> 0 | Q95: =IF(MID(Q88, 5, 1)="+", MID(Q88, 3, 10), IF(MID(Q88, 6, 1)="+", MID(Q88, 3, 10), Q60)) -> 4 | R95: =IF(MID(R88, 5, 1)="+", MID(R88, 3, 10), IF(MID(R88, 6, 1)="+", MID(R88, 3, 10), R60)) -> 0 | S95: =IF(MID(S88, 5, 1)="+", MID(S88, 3, 10), IF(MID(S88, 6, 1)="+", MID(S88, 3, 10), S60)) -> 0 | T95: =IF(MID(T88, 5, 1)="+", MID(T88, 3, 10), IF(MID(T88, 6, 1)="+", MID(T88, 3, 10), T60)) -> 0
L96: =IF(MID(L89, 5, 1)="+", MID(L89, 3, 10), IF(MID(L89, 6, 1)="+", MID(L89, 3, 10), L61)) -> 0 | M96: =IF(MID(M89, 5, 1)="+", MID(M89, 3, 10), IF(MID(M89, 6, 1)="+", MID(M89, 3, 10), M61)) -> 0 | N96: =IF(MID(N89, 5, 1)="+", MID(N89, 3, 10), IF(MID(N89, 6, 1)="+", MID(N89, 3, 10), N61)) -> 0 | O96: =IF(MID(O89, 5, 1)="+", MID(O89, 3, 10), IF(MID(O89, 6, 1)="+", MID(O89, 3, 10), O61)) -> 0 | Q96: =IF(MID(Q89, 5, 1)="+", MID(Q89, 3, 10), IF(MID(Q89, 6, 1)="+", MID(Q89, 3, 10), Q61)) -> 0 | R96: =IF(MID(R89, 5, 1)="+", MID(R89, 3, 10), IF(MID(R89, 6, 1)="+", MID(R89, 3, 10), R61)) -> 0 | S96: =IF(MID(S89, 5, 1)="+", MID(S89, 3, 10), IF(MID(S89, 6, 1)="+", MID(S89, 3, 10), S61)) -> 0 | T96: =IF(MID(T89, 5, 1)="+", MID(T89, 3, 10), IF(MID(T89, 6, 1)="+", MID(T89, 3, 10), T61)) -> 0
L97: =IF(MID(L90, 5, 1)="+", MID(L90, 3, 10), IF(MID(L90, 6, 1)="+", MID(L90, 3, 10), L62)) -> 0 | M97: =IF(MID(M90, 5, 1)="+", MID(M90, 3, 10), IF(MID(M90, 6, 1)="+", MID(M90, 3, 10), M62)) -> 0 | N97: =IF(MID(N90, 5, 1)="+", MID(N90, 3, 10), IF(MID(N90, 6, 1)="+", MID(N90, 3, 10), N62)) -> 0 | O97: =IF(MID(O90, 5, 1)="+", MID(O90, 3, 10), IF(MID(O90, 6, 1)="+", MID(O90, 3, 10), O62)) -> 0 | Q97: =IF(MID(Q90, 5, 1)="+", MID(Q90, 3, 10), IF(MID(Q90, 6, 1)="+", MID(Q90, 3, 10), Q62)) -> 0 | R97: =IF(MID(R90, 5, 1)="+", MID(R90, 3, 10), IF(MID(R90, 6, 1)="+", MID(R90, 3, 10), R62)) -> 0 | S97: =IF(MID(S90, 5, 1)="+", MID(S90, 3, 10), IF(MID(S90, 6, 1)="+", MID(S90, 3, 10), S62)) -> 0 | T97: =IF(MID(T90, 5, 1)="+", MID(T90, 3, 10), IF(MID(T90, 6, 1)="+", MID(T90, 3, 10), T62)) -> 0
L98: =IF(MID(L91, 5, 1)="+", MID(L91, 3, 10), IF(MID(L91, 6, 1)="+", MID(L91, 3, 10), L63)) -> 0 | M98: =IF(MID(M91, 5, 1)="+", MID(M91, 3, 10), IF(MID(M91, 6, 1)="+", MID(M91, 3, 10), M63)) -> 0 | N98: =IF(MID(N91, 5, 1)="+", MID(N91, 3, 10), IF(MID(N91, 6, 1)="+", MID(N91, 3, 10), N63)) -> 0 | O98: =IF(MID(O91, 5, 1)="+", MID(O91, 3, 10), IF(MID(O91, 6, 1)="+", MID(O91, 3, 10), O63)) -> 0 | Q98: =IF(MID(Q91, 5, 1)="+", MID(Q91, 3, 10), IF(MID(Q91, 6, 1)="+", MID(Q91, 3, 10), Q63)) -> 0 | R98: =IF(MID(R91, 5, 1)="+", MID(R91, 3, 10), IF(MID(R91, 6, 1)="+", MID(R91, 3, 10), R63)) -> 0 | S98: =IF(MID(S91, 5, 1)="+", MID(S91, 3, 10), IF(MID(S91, 6, 1)="+", MID(S91, 3, 10), S63)) -> 0 | T98: =IF(MID(T91, 5, 1)="+", MID(T91, 3, 10), IF(MID(T91, 6, 1)="+", MID(T91, 3, 10), T63)) -> 0
L99: =IF(MID(L92, 5, 1)="+", MID(L92, 3, 10), IF(MID(L92, 6, 1)="+", MID(L92, 3, 10), L64)) -> 0 | M99: =IF(MID(M92, 5, 1)="+", MID(M92, 3, 10), IF(MID(M92, 6, 1)="+", MID(M92, 3, 10), M64)) -> 0 | N99: =IF(MID(N92, 5, 1)="+", MID(N92, 3, 10), IF(MID(N92, 6, 1)="+", MID(N92, 3, 10), N64)) -> 0 | O99: =IF(MID(O92, 5, 1)="+", MID(O92, 3, 10), IF(MID(O92, 6, 1)="+", MID(O92, 3, 10), O64)) -> 0 | Q99: =IF(MID(Q92, 5, 1)="+", MID(Q92, 3, 10), IF(MID(Q92, 6, 1)="+", MID(Q92, 3, 10), Q64)) -> 0 | R99: =IF(MID(R92, 5, 1)="+", MID(R92, 3, 10), IF(MID(R92, 6, 1)="+", MID(R92, 3, 10), R64)) -> 0 | S99: =IF(MID(S92, 5, 1)="+", MID(S92, 3, 10), IF(MID(S92, 6, 1)="+", MID(S92, 3, 10), S64)) -> 0 | T99: =IF(MID(T92, 5, 1)="+", MID(T92, 3, 10), IF(MID(T92, 6, 1)="+", MID(T92, 3, 10), T64)) -> 0
L101: Duplicate Checker | M101: =IF(OR(COUNT(C104:C127, G104:G127)>MAX(O104:O152), ISERROR(SUM(P104:P152))), "DUPLIC.", "GOOD") -> GOOD | O101: =O102/(O102+R102) -> 0.0625 | Q101: =SUM(O102, R102) -> 8 | R101: =R102/(O102+R102) -> 0.9375
O102: =SUM(L104:L152) -> 0.5 | P102: <Left | Q102: Right> | R102: =SUM(V104:V152) -> 7.5 | X102: =SUM(X104:X152)/SUM(S104:S152) -> 3
K103: Stoppages | L103: Min Pts A | M103: Leads A | N103: Scores A | O103: Goals | P103: Time | Q103: Period | R103: Raw Time | S103: Mins Led | T103: Scores H | U103: Leads H | V103: Min Pts H | W103: Led by | X103: Led/Mins
B104: 1 | C104: =IFERROR(RANK(D104, (D$104:D$127, H$104:H$127), 1), "") | D104: =IFERROR(IF(MID(E104, 3, 1)="+", _xlfn.NUMBERVALUE(LEFT(E104, 2))+(_xlfn.NUMBERVALUE(MID(E104, 4, 2))/100), IF(MID(E104, 4, 1)="+", _xlfn.NUMBERVALUE(LEFT(E104, 3))+(_xlfn.NUMBERVALUE(MID(E104, 5, 2))/100), E104)), "") | E104: =IF(O94=0, "", O94) | F104: =O45 -> 0 | G104: =IFERROR(RANK(H104, (D$104:D$127, H$104:H$127), 1), "") -> 1 | H104: =IFERROR(IF(MID(I104, 3, 1)="+", _xlfn.NUMBERVALUE(LEFT(I104, 2))+(_xlfn.NUMBERVALUE(MID(I104, 4, 2))/100), IF(MID(I104, 4, 1)="+", _xlfn.NUMBERVALUE(LEFT(I104, 3))+(_xlfn.NUMBERVALUE(MID(I104, 5, 2))/100), I104)), "") -> 2 | I104: =IF(Q94=0, "", Q94) -> 2 | J104: =Q45 -> 2 | K104: 1 | L104: =IFERROR(M104*S104,"") -> 0.5 | M104: =IF(O104<>"", IF(N104>T104, 1, IF(N104=T104, 0.5, 0)), "") -> 0.5 | N104: 0 | O104: 0 | P104: 0 | Q104: 0 | R104: =IF(Q104=1,P104,IF(Q104=1.5,(P104-25)*100+25, IF(Q104=2, P104+MAX(K$105:K$106), IF(Q104=2.5, (P104-50)*100+50+MAX(K$105:K$106), IF(Q104=3, P104+MAX(K$108:K$109), IF(Q104=3.5, (P104-60)*100+60+MAX(K$108:K$109), IF(Q104=4, P104+MAX(K$111:K$112), IF(Q104=4.5, (P104-70)*100+70+MAX(K$111:K$112), IF(Q104=5, P104+MAX(K$114:K$115), IF(Q104=5.5, (P104-80)*100+80+MAX(K$114:K$115), IF(Q104=6, P104+MAX(K$117:K$118), IF(Q104=6.5, (P104-90)*100+90+MAX(K$117:K$118), IF(Q104=7, P104+MAX(K$120:K$121), IF(Q104=7.5, (P104-100)*100+100+MAX(K$120:K$121), IF(Q104=8, P104+MAX(K$123:K$124), IF(Q104=8.5, (P104-110)*100+110+MAX(K$123:K$124), IF(Q104=9, P104+MAX(K$126:K$127), IF(Q104=9.5, (P104-120)*100+120+MAX(K$126:K$127), IF(Q104=10, P104+MAX(K$129:K$130), IF(Q104=10.5, (P104-130)*100+130+MAX(K$129:K$130), "X")))))))))))))))))))) -> X | S104: =IFERROR(IF(Q104=0, R105-1, IFERROR(IFERROR(R105-R104, IF(Q104=2, R105-50+MAX(K$108:K$109), IF(ISODD(Q104*2), 3, COUNTIF(Q$104:Q$152, Q104)+3))),"")), 1) -> 1 | T104: 0 | U104: =IF(O104<>"", IF(T104>N104, 1, IF(T104=N104, 0.5, 0)), "") -> 0.5 | V104: =IFERROR(U104*S104,"") -> 0.5 | W104: =IF(O104<>"", (T104-N104), "") -> 0 | X104: =IFERROR(W104*S104, "") -> 0
B105: 2 | C105: =IFERROR(RANK(D105, (D$104:D$127, H$104:H$127), 1), "") | D105: =IFERROR(IF(MID(E105, 3, 1)="+", _xlfn.NUMBERVALUE(LEFT(E105, 2))+(_xlfn.NUMBERVALUE(MID(E105, 4, 2))/100), IF(MID(E105, 4, 1)="+", _xlfn.NUMBERVALUE(LEFT(E105, 3))+(_xlfn.NUMBERVALUE(MID(E105, 5, 2))/100), E105)), "") | E105: =IF(O95=0, "", O95) | F105: =O46 -> 0 | G105: =IFERROR(RANK(H105, (D$104:D$127, H$104:H$127), 1), "") -> 2 | H105: =IFERROR(IF(MID(I105, 3, 1)="+", _xlfn.NUMBERVALUE(LEFT(I105, 2))+(_xlfn.NUMBERVALUE(MID(I105, 4, 2))/100), IF(MID(I105, 4, 1)="+", _xlfn.NUMBERVALUE(LEFT(I105, 3))+(_xlfn.NUMBERVALUE(MID(I105, 5, 2))/100), I105)), "") -> 4 | I105: =IF(Q95=0, "", Q95) -> 4 | J105: =Q46 -> 2 | K105: =ROUNDUP(2+COUNTIF(Q$105:Q$128, K104)+(COUNTIF(Q$105:Q$128, K104+0.5)/2),0) -> 4 | L105: =IFERROR(M105*S105,"") -> 0 | M105: =IF(O105<>"", IF(N105>T105, 1, IF(N105=T105, 0.5, 0)), "") -> 0 | N105: =IFERROR(VLOOKUP(O105, C$104:F$127, 4, FALSE)+N104, N104) -> 0 | O105: =IFERROR(IF(MAX(C$104:C$127, G$104:G$127)>=O104+1, O104+1, ""), "") -> 1 | P105: =IFERROR(VLOOKUP(O105, C$104:D$127, 2, FALSE), VLOOKUP(O105, G$104:H$127, 2, FALSE)) -> 2 | Q105: =IF(P105<=25, 1, IF(P105<26, 1.5, IF(P105<=50, 2, IF(P105<51, 2.5, IF(P105<=60, 3, IF(P105<61, 3.5, IF(P105<=70, 4, IF(P105<71, 4.5, IF(P105<=80, 5, IF(P105<81, 5.5, IF(P105<=90, 6, IF(P105<91, 6.5, IF(P105<=100, 7, IF(P105<101, 7.5, IF(P105<=110, 8, IF(P105<111, 8.5, IF(P105<=120, 9, IF(P105<121, 9.5, IF(P105<=130, 10, IF(P105<131, 10.5, IF(P105<=140, 11, IF(P105<141, 11.5, IF(P105<=150, 12, IF(P105<151, 12.5, "")))))))))))))))))))))))) -> 1 | R105: =IF(Q105=1,P105,IF(Q105=1.5,(P105-25)*100+25, IF(Q105=2, P105+MAX(K$105:K$106), IF(Q105=2.5, (P105-50)*100+50+MAX(K$105:K$106), IF(Q105=3, P105+MAX(K$108:K$109), IF(Q105=3.5, (P105-60)*100+60+MAX(K$108:K$109), IF(Q105=4, P105+MAX(K$111:K$112), IF(Q105=4.5, (P105-70)*100+70+MAX(K$111:K$112), IF(Q105=5, P105+MAX(K$114:K$115), IF(Q105=5.5, (P105-80)*100+80+MAX(K$114:K$115), IF(Q105=6, P105+MAX(K$117:K$118), IF(Q105=6.5, (P105-90)*100+90+MAX(K$117:K$118), IF(Q105=7, P105+MAX(K$120:K$121), IF(Q105=7.5, (P105-100)*100+100+MAX(K$120:K$121), IF(Q105=8, P105+MAX(K$123:K$124), IF(Q105=8.5, (P105-110)*100+110+MAX(K$123:K$124), IF(Q105=9, P105+MAX(K$126:K$127), IF(Q105=9.5, (P105-120)*100+120+MAX(K$126:K$127), IF(Q105=10, P105+MAX(K$129:K$130), IF(Q105=10.5, (P105-130)*100+130+MAX(K$129:K$130), "X")))))))))))))))))))) -> 2 | S105: =IFERROR(IFERROR(R106-R105, IF(Q105=2, R106-50+MAX(K$108:K$109), IF(ISODD(Q105*2), 3, COUNTIF(Q$104:Q$152, Q105)+3))),"") -> 2 | T105: =IFERROR(VLOOKUP(O105, G$104:J$127, 4, FALSE)+T104, T104) -> 2 | U105: =IF(O105<>"", IF(T105>N105, 1, IF(T105=N105, 0.5, 0)), "") -> 1 | V105: =IFERROR(U105*S105,"") -> 2 | W105: =IF(O105<>"", (T105-N105), "") -> 2 | X105: =IFERROR(W105*S105, "") -> 4
B106: 3 | C106: =IFERROR(RANK(D106, (D$104:D$127, H$104:H$127), 1), "") | D106: =IFERROR(IF(MID(E106, 3, 1)="+", _xlfn.NUMBERVALUE(LEFT(E106, 2))+(_xlfn.NUMBERVALUE(MID(E106, 4, 2))/100), IF(MID(E106, 4, 1)="+", _xlfn.NUMBERVALUE(LEFT(E106, 3))+(_xlfn.NUMBERVALUE(MID(E106, 5, 2))/100), E106)), "") | E106: =IF(O96=0, "", O96) | F106: =O47 -> 0 | G106: =IFERROR(RANK(H106, (D$104:D$127, H$104:H$127), 1), "") | H106: =IFERROR(IF(MID(I106, 3, 1)="+", _xlfn.NUMBERVALUE(LEFT(I106, 2))+(_xlfn.NUMBERVALUE(MID(I106, 4, 2))/100), IF(MID(I106, 4, 1)="+", _xlfn.NUMBERVALUE(LEFT(I106, 3))+(_xlfn.NUMBERVALUE(MID(I106, 5, 2))/100), I106)), "") | I106: =IF(Q96=0, "", Q96) | J106: =Q47 -> 0 | K106: =(INDEX(P$104:P$128, COUNTIF(P$104:P$128, "<26"))-25)*100+2 -> -2098 | L106: =IFERROR(M106*S106,"") -> 0 | M106: =IF(O106<>"", IF(N106>T106, 1, IF(N106=T106, 0.5, 0)), "") -> 0 | N106: =IFERROR(VLOOKUP(O106, C$104:F$127, 4, FALSE)+N105, N105) -> 0 | O106: =IFERROR(IF(MAX(C$104:C$127, G$104:G$127)>=O105+1, O105+1, ""), "") -> 2 | P106: =IFERROR(VLOOKUP(O106, C$104:D$127, 2, FALSE), VLOOKUP(O106, G$104:H$127, 2, FALSE)) -> 4 | Q106: =IF(P106<=25, 1, IF(P106<26, 1.5, IF(P106<=50, 2, IF(P106<51, 2.5, IF(P106<=60, 3, IF(P106<61, 3.5, IF(P106<=70, 4, IF(P106<71, 4.5, IF(P106<=80, 5, IF(P106<81, 5.5, IF(P106<=90, 6, IF(P106<91, 6.5, IF(P106<=100, 7, IF(P106<101, 7.5, IF(P106<=110, 8, IF(P106<111, 8.5, IF(P106<=120, 9, IF(P106<121, 9.5, IF(P106<=130, 10, IF(P106<131, 10.5, IF(P106<=140, 11, IF(P106<141, 11.5, IF(P106<=150, 12, IF(P106<151, 12.5, "")))))))))))))))))))))))) -> 1 | R106: =IF(Q106=1,P106,IF(Q106=1.5,(P106-25)*100+25, IF(Q106=2, P106+MAX(K$105:K$106), IF(Q106=2.5, (P106-50)*100+50+MAX(K$105:K$106), IF(Q106=3, P106+MAX(K$108:K$109), IF(Q106=3.5, (P106-60)*100+60+MAX(K$108:K$109), IF(Q106=4, P106+MAX(K$111:K$112), IF(Q106=4.5, (P106-70)*100+70+MAX(K$111:K$112), IF(Q106=5, P106+MAX(K$114:K$115), IF(Q106=5.5, (P106-80)*100+80+MAX(K$114:K$115), IF(Q106=6, P106+MAX(K$117:K$118), IF(Q106=6.5, (P106-90)*100+90+MAX(K$117:K$118), IF(Q106=7, P106+MAX(K$120:K$121), IF(Q106=7.5, (P106-100)*100+100+MAX(K$120:K$121), IF(Q106=8, P106+MAX(K$123:K$124), IF(Q106=8.5, (P106-110)*100+110+MAX(K$123:K$124), IF(Q106=9, P106+MAX(K$126:K$127), IF(Q106=9.5, (P106-120)*100+120+MAX(K$126:K$127), IF(Q106=10, P106+MAX(K$129:K$130), IF(Q106=10.5, (P106-130)*100+130+MAX(K$129:K$130), "X")))))))))))))))))))) -> 4 | S106: =IFERROR(IFERROR(R107-R106, IF(Q106=2, R107-50+MAX(K$108:K$109), IF(ISODD(Q106*2), 3, COUNTIF(Q$104:Q$152, Q106)+3))),"") -> 5 | T106: =IFERROR(VLOOKUP(O106, G$104:J$127, 4, FALSE)+T105, T105) -> 4 | U106: =IF(O106<>"", IF(T106>N106, 1, IF(T106=N106, 0.5, 0)), "") -> 1 | V106: =IFERROR(U106*S106,"") -> 5 | W106: =IF(O106<>"", (T106-N106), "") -> 4 | X106: =IFERROR(W106*S106, "") -> 20
B107: 4 | C107: =IFERROR(RANK(D107, (D$104:D$127, H$104:H$127), 1), "") | D107: =IFERROR(IF(MID(E107, 3, 1)="+", _xlfn.NUMBERVALUE(LEFT(E107, 2))+(_xlfn.NUMBERVALUE(MID(E107, 4, 2))/100), IF(MID(E107, 4, 1)="+", _xlfn.NUMBERVALUE(LEFT(E107, 3))+(_xlfn.NUMBERVALUE(MID(E107, 5, 2))/100), E107)), "") | E107: =IF(O97=0, "", O97) | F107: =O48 -> 0 | G107: =IFERROR(RANK(H107, (D$104:D$127, H$104:H$127), 1), "") | H107: =IFERROR(IF(MID(I107, 3, 1)="+", _xlfn.NUMBERVALUE(LEFT(I107, 2))+(_xlfn.NUMBERVALUE(MID(I107, 4, 2))/100), IF(MID(I107, 4, 1)="+", _xlfn.NUMBERVALUE(LEFT(I107, 3))+(_xlfn.NUMBERVALUE(MID(I107, 5, 2))/100), I107)), "") | I107: =IF(Q97=0, "", Q97) | J107: =Q48 -> 0 | K107: 2 | L107: =IFERROR(M107*S107,"") | M107: =IF(O107<>"", IF(N107>T107, 1, IF(N107=T107, 0.5, 0)), "") | N107: =IFERROR(VLOOKUP(O107, C$104:F$127, 4, FALSE)+N106, N106) -> 0 | O107: =IFERROR(IF(MAX(C$104:C$127, G$104:G$127)>=O106+1, O106+1, ""), "") | P107: =IFERROR(VLOOKUP(O107, C$104:D$127, 2, FALSE), VLOOKUP(O107, G$104:H$127, 2, FALSE)) | Q107: =IF(P107<=25, 1, IF(P107<26, 1.5, IF(P107<=50, 2, IF(P107<51, 2.5, IF(P107<=60, 3, IF(P107<61, 3.5, IF(P107<=70, 4, IF(P107<71, 4.5, IF(P107<=80, 5, IF(P107<81, 5.5, IF(P107<=90, 6, IF(P107<91, 6.5, IF(P107<=100, 7, IF(P107<101, 7.5, IF(P107<=110, 8, IF(P107<111, 8.5, IF(P107<=120, 9, IF(P107<121, 9.5, IF(P107<=130, 10, IF(P107<131, 10.5, IF(P107<=140, 11, IF(P107<141, 11.5, IF(P107<=150, 12, IF(P107<151, 12.5, "")))))))))))))))))))))))) | R107: =IF(Q107=1,P107,IF(Q107=1.5,(P107-25)*100+25, IF(Q107=2, P107+MAX(K$105:K$106), IF(Q107=2.5, (P107-50)*100+50+MAX(K$105:K$106), IF(Q107=3, P107+MAX(K$108:K$109), IF(Q107=3.5, (P107-60)*100+60+MAX(K$108:K$109), IF(Q107=4, P107+MAX(K$111:K$112), IF(Q107=4.5, (P107-70)*100+70+MAX(K$111:K$112), IF(Q107=5, P107+MAX(K$114:K$115), IF(Q107=5.5, (P107-80)*100+80+MAX(K$114:K$115), IF(Q107=6, P107+MAX(K$117:K$118), IF(Q107=6.5, (P107-90)*100+90+MAX(K$117:K$118), IF(Q107=7, P107+MAX(K$120:K$121), IF(Q107=7.5, (P107-100)*100+100+MAX(K$120:K$121), IF(Q107=8, P107+MAX(K$123:K$124), IF(Q107=8.5, (P107-110)*100+110+MAX(K$123:K$124), IF(Q107=9, P107+MAX(K$126:K$127), IF(Q107=9.5, (P107-120)*100+120+MAX(K$126:K$127), IF(Q107=10, P107+MAX(K$129:K$130), IF(Q107=10.5, (P107-130)*100+130+MAX(K$129:K$130), "X")))))))))))))))))))) -> X | S107: =IFERROR(IFERROR(R108-R107, IF(Q107=2, R108-50+MAX(K$108:K$109), IF(ISODD(Q107*2), 3, COUNTIF(Q$104:Q$152, Q107)+3))),"") | T107: =IFERROR(VLOOKUP(O107, G$104:J$127, 4, FALSE)+T106, T106) -> 4 | U107: =IF(O107<>"", IF(T107>N107, 1, IF(T107=N107, 0.5, 0)), "") | V107: =IFERROR(U107*S107,"") | W107: =IF(O107<>"", (T107-N107), "") | X107: =IFERROR(W107*S107, "")
B108: 5 | C108: =IFERROR(RANK(D108, (D$104:D$127, H$104:H$127), 1), "") | D108: =IFERROR(IF(MID(E108, 3, 1)="+", _xlfn.NUMBERVALUE(LEFT(E108, 2))+(_xlfn.NUMBERVALUE(MID(E108, 4, 2))/100), IF(MID(E108, 4, 1)="+", _xlfn.NUMBERVALUE(LEFT(E108, 3))+(_xlfn.NUMBERVALUE(MID(E108, 5, 2))/100), E108)), "") | E108: =IF(O98=0, "", O98) | F108: =O49 -> 0 | G108: =IFERROR(RANK(H108, (D$104:D$127, H$104:H$127), 1), "") | H108: =IFERROR(IF(MID(I108, 3, 1)="+", _xlfn.NUMBERVALUE(LEFT(I108, 2))+(_xlfn.NUMBERVALUE(MID(I108, 4, 2))/100), IF(MID(I108, 4, 1)="+", _xlfn.NUMBERVALUE(LEFT(I108, 3))+(_xlfn.NUMBERVALUE(MID(I108, 5, 2))/100), I108)), "") | I108: =IF(Q98=0, "", Q98) | J108: =Q49 -> 0 | K108: =ROUNDUP(2+COUNTIF(Q$105:Q$128, K107)+(COUNTIF(Q$105:Q$128, K107+0.5)/2),0)+MAX(K105:K106) -> 6 | L108: =IFERROR(M108*S108,"") | M108: =IF(O108<>"", IF(N108>T108, 1, IF(N108=T108, 0.5, 0)), "") | N108: =IFERROR(VLOOKUP(O108, C$104:F$127, 4, FALSE)+N107, N107) -> 0 | O108: =IFERROR(IF(MAX(C$104:C$127, G$104:G$127)>=O107+1, O107+1, ""), "") | P108: =IFERROR(VLOOKUP(O108, C$104:D$127, 2, FALSE), VLOOKUP(O108, G$104:H$127, 2, FALSE)) | Q108: =IF(P108<=25, 1, IF(P108<26, 1.5, IF(P108<=50, 2, IF(P108<51, 2.5, IF(P108<=60, 3, IF(P108<61, 3.5, IF(P108<=70, 4, IF(P108<71, 4.5, IF(P108<=80, 5, IF(P108<81, 5.5, IF(P108<=90, 6, IF(P108<91, 6.5, IF(P108<=100, 7, IF(P108<101, 7.5, IF(P108<=110, 8, IF(P108<111, 8.5, IF(P108<=120, 9, IF(P108<121, 9.5, IF(P108<=130, 10, IF(P108<131, 10.5, IF(P108<=140, 11, IF(P108<141, 11.5, IF(P108<=150, 12, IF(P108<151, 12.5, "")))))))))))))))))))))))) | R108: =IF(Q108=1,P108,IF(Q108=1.5,(P108-25)*100+25, IF(Q108=2, P108+MAX(K$105:K$106), IF(Q108=2.5, (P108-50)*100+50+MAX(K$105:K$106), IF(Q108=3, P108+MAX(K$108:K$109), IF(Q108=3.5, (P108-60)*100+60+MAX(K$108:K$109), IF(Q108=4, P108+MAX(K$111:K$112), IF(Q108=4.5, (P108-70)*100+70+MAX(K$111:K$112), IF(Q108=5, P108+MAX(K$114:K$115), IF(Q108=5.5, (P108-80)*100+80+MAX(K$114:K$115), IF(Q108=6, P108+MAX(K$117:K$118), IF(Q108=6.5, (P108-90)*100+90+MAX(K$117:K$118), IF(Q108=7, P108+MAX(K$120:K$121), IF(Q108=7.5, (P108-100)*100+100+MAX(K$120:K$121), IF(Q108=8, P108+MAX(K$123:K$124), IF(Q108=8.5, (P108-110)*100+110+MAX(K$123:K$124), IF(Q108=9, P108+MAX(K$126:K$127), IF(Q108=9.5, (P108-120)*100+120+MAX(K$126:K$127), IF(Q108=10, P108+MAX(K$129:K$130), IF(Q108=10.5, (P108-130)*100+130+MAX(K$129:K$130), "X")))))))))))))))))))) -> X | S108: =IFERROR(IFERROR(R109-R108, IF(Q108=2, R109-50+MAX(K$108:K$109), IF(ISODD(Q108*2), 3, COUNTIF(Q$104:Q$152, Q108)+3))),"") | T108: =IFERROR(VLOOKUP(O108, G$104:J$127, 4, FALSE)+T107, T107) -> 4 | U108: =IF(O108<>"", IF(T108>N108, 1, IF(T108=N108, 0.5, 0)), "") | V108: =IFERROR(U108*S108,"") | W108: =IF(O108<>"", (T108-N108), "") | X108: =IFERROR(W108*S108, "")
B109: 6 | C109: =IFERROR(RANK(D109, (D$104:D$127, H$104:H$127), 1), "") | D109: =IFERROR(IF(MID(E109, 3, 1)="+", _xlfn.NUMBERVALUE(LEFT(E109, 2))+(_xlfn.NUMBERVALUE(MID(E109, 4, 2))/100), IF(MID(E109, 4, 1)="+", _xlfn.NUMBERVALUE(LEFT(E109, 3))+(_xlfn.NUMBERVALUE(MID(E109, 5, 2))/100), E109)), "") | E109: =IF(O99=0, "", O99) | F109: =O50 -> 0 | G109: =IFERROR(RANK(H109, (D$104:D$127, H$104:H$127), 1), "") | H109: =IFERROR(IF(MID(I109, 3, 1)="+", _xlfn.NUMBERVALUE(LEFT(I109, 2))+(_xlfn.NUMBERVALUE(MID(I109, 4, 2))/100), IF(MID(I109, 4, 1)="+", _xlfn.NUMBERVALUE(LEFT(I109, 3))+(_xlfn.NUMBERVALUE(MID(I109, 5, 2))/100), I109)), "") | I109: =IF(Q99=0, "", Q99) | J109: =Q50 -> 0 | K109: =(INDEX(P$104:P$128, COUNTIF(P$104:P$128, "<51"))-50)*100+2+(MAX(K105:K106)) -> -4594 | L109: =IFERROR(M109*S109,"") | M109: =IF(O109<>"", IF(N109>T109, 1, IF(N109=T109, 0.5, 0)), "") | N109: =IFERROR(VLOOKUP(O109, C$104:F$127, 4, FALSE)+N108, N108) -> 0 | O109: =IFERROR(IF(MAX(C$104:C$127, G$104:G$127)>=O108+1, O108+1, ""), "") | P109: =IFERROR(VLOOKUP(O109, C$104:D$127, 2, FALSE), VLOOKUP(O109, G$104:H$127, 2, FALSE)) | Q109: =IF(P109<=25, 1, IF(P109<26, 1.5, IF(P109<=50, 2, IF(P109<51, 2.5, IF(P109<=60, 3, IF(P109<61, 3.5, IF(P109<=70, 4, IF(P109<71, 4.5, IF(P109<=80, 5, IF(P109<81, 5.5, IF(P109<=90, 6, IF(P109<91, 6.5, IF(P109<=100, 7, IF(P109<101, 7.5, IF(P109<=110, 8, IF(P109<111, 8.5, IF(P109<=120, 9, IF(P109<121, 9.5, IF(P109<=130, 10, IF(P109<131, 10.5, IF(P109<=140, 11, IF(P109<141, 11.5, IF(P109<=150, 12, IF(P109<151, 12.5, "")))))))))))))))))))))))) | R109: =IF(Q109=1,P109,IF(Q109=1.5,(P109-25)*100+25, IF(Q109=2, P109+MAX(K$105:K$106), IF(Q109=2.5, (P109-50)*100+50+MAX(K$105:K$106), IF(Q109=3, P109+MAX(K$108:K$109), IF(Q109=3.5, (P109-60)*100+60+MAX(K$108:K$109), IF(Q109=4, P109+MAX(K$111:K$112), IF(Q109=4.5, (P109-70)*100+70+MAX(K$111:K$112), IF(Q109=5, P109+MAX(K$114:K$115), IF(Q109=5.5, (P109-80)*100+80+MAX(K$114:K$115), IF(Q109=6, P109+MAX(K$117:K$118), IF(Q109=6.5, (P109-90)*100+90+MAX(K$117:K$118), IF(Q109=7, P109+MAX(K$120:K$121), IF(Q109=7.5, (P109-100)*100+100+MAX(K$120:K$121), IF(Q109=8, P109+MAX(K$123:K$124), IF(Q109=8.5, (P109-110)*100+110+MAX(K$123:K$124), IF(Q109=9, P109+MAX(K$126:K$127), IF(Q109=9.5, (P109-120)*100+120+MAX(K$126:K$127), IF(Q109=10, P109+MAX(K$129:K$130), IF(Q109=10.5, (P109-130)*100+130+MAX(K$129:K$130), "X")))))))))))))))))))) -> X | S109: =IFERROR(IFERROR(R110-R109, IF(Q109=2, R110-50+MAX(K$108:K$109), IF(ISODD(Q109*2), 3, COUNTIF(Q$104:Q$152, Q109)+3))),"") | T109: =IFERROR(VLOOKUP(O109, G$104:J$127, 4, FALSE)+T108, T108) -> 4 | U109: =IF(O109<>"", IF(T109>N109, 1, IF(T109=N109, 0.5, 0)), "") | V109: =IFERROR(U109*S109,"") | W109: =IF(O109<>"", (T109-N109), "") | X109: =IFERROR(W109*S109, "")
...

Sheet Archive
C1: =IF(ScoreboardNCAA!J18>=0, ScoreboardNCAA!J17, ScoreboardNCAA!L17) -> -872.04656 | D1: =ScoreboardNCAA!J1 -> 647.04355 | E1: =IF(G1=ScoreboardNCAA!B2, "A", "H") -> H | F1: =IF(ScoreboardNCAA!J18>=0, ScoreboardNCAA!I4, ScoreboardNCAA!M4) -> 1 | G1: =IF(ScoreboardNCAA!J18>=0, ScoreboardNCAA!B2,ScoreboardNCAA!N2) -> Cianwood City | H1: =MAX(ScoreboardNCAA!F6, ScoreboardNCAA!N6) -> 4 | I1: =MIN(ScoreboardNCAA!F6, ScoreboardNCAA!N6) -> 0 | J1: =IF(ScoreboardNCAA!J18<0, ScoreboardNCAA!B2,ScoreboardNCAA!N2) -> Goldenrod City | K1: =IF(ScoreboardNCAA!J18<0, ScoreboardNCAA!I4, ScoreboardNCAA!M4) -> 3 | L1: =IF(ScoreboardNCAA!J18>=0,CONCATENATE("[",COUNTA(ScoreboardNCAA!B6:E11),"-",COUNTA(ScoreboardNCAA!Q6:T11),"]"),CONCATENATE("[",COUNTA(ScoreboardNCAA!Q6:T11),"-",COUNTA(ScoreboardNCAA!B6:E11),"]")) -> [2-0] | M1: =IF(ScoreboardNCAA!J18>=0,CONCATENATE("{", ROUND(ScoreboardNCAA!J4, 3), "-", ROUND(ScoreboardNCAA!L4, 3), "}"),CONCATENATE("{", ROUND(ScoreboardNCAA!L4, 3), "-", ROUND(ScoreboardNCAA!J4, 3), "}")) -> {89.206-0} | N1: =IF(OR(MID(M1, 5, 1)=".", MID(M1, 6, 1)="."), "MAX", "") | O1: CONCATENATE(G, " leads ", H, "-", I)
A2: D1 5/8 | B2: Matchday One | C2: 3.487 | D2: 12.241429 | F2: 79 | G2: Couriway Town | H2: 11 | I2: 9 | J2: Dendemille Town | K2: 112 | L2: [6-9] | M2: {13.2-9.2} | O2: Season Start - 5/8/2020
C3: 1.077 | D3: 8.6057143 | F3: 93 | G3: Petalburg City | H3: 14 | I3: 11 | J3: Littleroot Town | K3: 110 | L3: [8-6] | M3: {18.3-12.8}
C4: -2.006 | D4: 13.04 | F4: 109 | G4: Sootopolis City | H4: 15 | I4: 11 | J4: Pacifidlog Town | K4: 89 | L4: [10-7] | M4: {26.7-3.3}
C5: 4.059 | D5: 36.431071 | F5: 43 | G5: Floaroma City | H5: 20 | I5: 15 | J5: Snowpoint City | K5: 108 | L5: [10-7] | M5: {41.9-14.2}
C6: 2.158 | D6: 34.369286 | F6: 55 | G6: Nacrene City | H6: 22 | I6: 16 | J6: Accumula Town | K6: 107 | L6: [11-8] | M6: {22.5-19.5} | O6: OT - 16[8-8]
C7: -0.16 | D7: 6.8107143 | F7: 103 | G7: Ever Grande City | H7: 16 | I7: 15 | J7: Mossdeep City | K7: 106 | L7: [9-7] | M7: {23.8-11.2}
C8: 3.919 | D8: 40.147143 | F8: 37 | G8: Olivine City | H8: 19 | I8: 18 | J8: Ecruteak City | K8: 105 | L8: [7-9] | M8: {18.7-17.4}
C9: -2.918 | D9: 37.798571 | F9: 104 | G9: Ultra Megalopolis | H9: 15 | I9: 13 | J9: Hau'oli City | K9: 56 | L9: [8-7] | M9: {37.4-7.7}
C10: 4.825 | D10: 55.839286 | F10: 12 | G10: Seafolk Village | H10: 19 | I10: 14 | J10: Vast Poni Canyon | K10: 102 | L10: [5-9] | M10: {29.9-25.5}
C11: -2.123 | D11: 29.195 | F11: 99 | G11: Hammerlocke | H11: 16 | I11: 10 | J11: Circhester Bay | K11: 63 | L11: [9-4] | M11: {39.5-4.6} | O11: Dynamax Conference debut
C12: 4.53 | D12: 55.335714 | F12: 18 | G12: Postwick | H12: 12 | I12: 10 | J12: Crown Tundra | K12: 98 | L12: [6-5] | M12: {12.9-12.2}
A13: D2 5/9 | C13: -0.499 | D13: 23.124286 | F13: 97 | G13: Ambrette Town | H13: 16 | I13: 14 | J13: Shalour City | K13: 76 | L13: [9-10] | M13: {51.3-1.6} | O13: Ambrette: 3pt# @ 60:20
C14: 1.834 | D14: 41.636429 | F14: 46 | G14: Resort Area | H14: 24 | I14: 12 | J14: Sunyshore City | K14: 96 | L14: [9-8] | M14: {80.3-4.9} | O14: Resort: 22(20) pts In 1st
C15: 3.077 | D15: 42.7575 | F15: 42 | G15: Veilstone City | H15: 14 | I15: 10 | J15: Fight Area | K15: 95 | L15: [7-6] | M15: {15.5-12.7}
C16: 4.556 | D16: 58.531429 | F16: 15 | G16: Twinleaf Town | H16: 21 | I16: 15 | J16: Canalave City | K16: 92 | L16: [7-10] | M16: {41.8-17.0}
C17: 2.452 | D17: 50.436071 | F17: 28 | G17: Hulbury | H17: 20 | I17: 11 | J17: Motostoke | K17: 91 | L17: [11-5] | M17: {52.9-15.7}
C18: -4.019 | D18: 63.942143 | F18: 90 | G18: Opelucid City | H18: 16 | I18: 12 | J18: Humilau City | K18: 19 | L18: [11-6] | M18: {38.1-3.1}
C19: -1.281 | D19: 29.932857 | F19: 87 | G19: Fuchsia City | H19: 18 | I19: 16 | J19: Pewter City | K19: 72 | L19: [11-8] | M19: {36.0-17.1}
C20: -1.288 | D20: 47.080714 | F20: 86 | G20: Tapu Village | H20: 18 | I20: 15 | J20: Mount Hokulani | K20: 48 | L20: [10-9] | M20: {43.3-9.9} | O20: Tapu: 4pt @ 59:30
C21: -2.337 | D21: 49.838929 | F21: 85 | G21: Aquacorde Town | H21: 20 | I21: 12 | J21: Kiloude City | K21: 44 | L21: [12-5] | M21: {79.3-3.7}
C22: 3.323 | D22: 59.055 | F22: 24 | G22: Wyndon South | H22: 17 | I22: 14 | J22: Ballonlea | K22: 84 | L22: [8-8] | M22: {13.8-24.7} | N22: INVT
C23: -1.658 | D23: 54.577143 | F23: 83 | G23: Icirrus City | H23: 13 | I23: 9 | J23: Nimbasa City | K23: 33 | L23: [7-5] | M23: {43.4-7.6}
C24: 1.943 | D24: 46.781786 | F24: 47 | G24: Laverre City | H24: 16 | I24: 0 | J24: Camphrier Town | K24: 82 | L24: [11-0] | M24: {565.499-0} | N24: MAX | O24: FIRST EVER SHUTOUT, D-Score Record
C25: 1.39 | D25: 51.998214 | F25: 36 | G25: Anville Town | H25: 15 | I25: 13 | J25: Floccesy Town | K25: 81 | L25: [9-7] | M25: {26.2-15.8}
A26: D3 5/10 | C26: -1.551 | D26: 55.304286 | F26: 80 | G26: Mauville City | H26: 21 | I26: 15 | J26: Lilycove City | K26: 34 | L26: [12-8] | M26: {62.3-8.9}
C27: -0.059 | D27: 34.863571 | F27: 68 | G27: Anistar City | H27: 14 | I27: 13 | J27: Snowbelle City | K27: 78 | L27: [9-8] | M27: {24.0-11.5}
C28: -2.18 | D28: 55.351786 | F28: 77 | G28: Mistralton City | H28: 16 | I28: 14 | J28: Aspertia City | K28: 38 | L28: [9-7] | M28: {31.9-4.9}
A29: D4 5/11 | C29: 1.511 | D29: 56.331429 | F29: 31 | G29: Mahogany Town | H29: 19 | I29: 15 | J29: Violet City | K29: 75 | L29: [11-8] | M29: {29.7-27.0}
C30: -1.473 | D30: 59.266429 | F30: 74 | G30: Iki Town | H30: 18 | I30: 12 | J30: Kala'e Bay | K30: 30 | L30: [8-7] | M30: {71.4-1.6}
C31: 3.519 | D31: 65.700714 | F31: 16 | G31: Sandgem Town | H31: 18 | I31: 15 | J31: Jubilife City | K31: 73 | L31: [10-9] | M31: {32.2-21.3}
C32: -2.064 | D32: 58.885 | F32: 71 | G32: South Lakes | H32: 18 | I32: 13 | J32: Wedgehurst | K32: 35 | L32: [8-5] | M32: {55.6-1.7}
C33: 0.623 | D33: 39.287143 | F33: 65 | G33: Heahea City | H33: 24 | I33: 9 | J33: Aether Paradise | K33: 70 | L33: [9-6] | M33: {101.3-4.7} | N33: MAX
C34: 0.626 | D34: 40.177857 | F34: 64 | G34: Poni Meadow | H34: 16 | I34: 8 | J34: Exeggutor Island | K34: 69 | L34: [11-5] | M34: {63.2-4.1}
C35: -0.695 | D35: 57.505357 | F35: 67 | G35: Vermilion City | H35: 17 | I35: 9 | J35: Saffron City | K35: 40 | L35: [11-7] | M35: {82.3-2.5}
C36: 1.029 | D36: 51.854286 | F36: 52 | G36: Azalea Town | H36: 9 | I36: 8 | J36: Blackthorn City | K36: 66 | L36: [5-3] | M36: {17.6-12.7}
C37: 0.164 | D37: 55.284643 | F37: 49 | G37: Cerulean City | H37: 15 | I37: 10 | J37: Celadon City | K37: 62 | L37: [9-5] | M37: {34.1-3.0}
C38: 1.005 | D38: 61.916071 | F38: 32 | G38: Celestic Town | H38: 13 | I38: 10 | J38: Pastoria City | K38: 61 | L38: [8-6] | M38: {17.2-14.0}
C39: -2.092 | D39: 65.735357 | F39: 60 | G39: Malie City | H39: 24 | I39: 13 | J39: Po Town | K39: 29 | L39: [13-6] | M39: {108.5-0} | N39: MAX
C40: 4.383 | D40: 72.583571 | F40: 9 | G40: Undella Town | H40: 21 | I40: 20 | J40: Lacunosa Town | K40: 59 | L40: [8-9] | M40: {20.8-44.7} | N40: INVT
C41: -2.668 | D41: 74.405714 | F41: 57 | G41: Turffield | H41: 23 | I41: 13 | J41: Isle of Armor | K41: 20 | L41: [17-7] | M41: {116.1-4.8} | N41: MAX | O41: Most goals scored (17) (tied)
A42: D5 5/12 | C42: -1.266 | D42: 73.404286 | F42: 54 | G42: Cianwood City | H42: 14 | I42: 9 | J42: Goldenrod City | K42: 23 | L42: [11-4] | M42: {57.2-5.0}
C43: -0.9 | D43: 68.5 | F43: 53 | G43: Wyndon North | H43: 14 | I43: 11 | J43: Stow-on-Side | K43: 27 | L43: [9-6] | M43: {28.7-13.8} | O43: Wyndon North: 4pt at 55:40
C44: -2.826 | D44: 81.161429 | F44: 50 | G44: Fallarbor Town | H44: 22 | I44: 18 | J44: Verdanturf Town | K44: 14 | L44: [16-8] | M44: {63.5-0} | O44: 2OT - 14[9-6], 18[12-8]
C45: 0.501 | D45: 74.642143 | F45: 25 | G45: Dewford Town | H45: 19 | I45: 8 | J45: Oldale Town | K45: 45 | L45: [10-8] | M45: {102.1-5.3} | N45: MAX
C46: -0.562 | D46: 68.258571 | F46: 41 | G46: Slateport City | H46: 14 | I46: 13 | J46: Fortree City | K46: 39 | L46: [10-7] | M46: {46.3-2.6}
C47: -0.57 | D47: 86.969643 | F47: 22 | G47: Spikemuth | H47: 23 | I47: 14 | J47: City of Circhester | K47: 21 | L47: [12-7] | M47: {69.0-9.7}
C48: 6.02 | D48: 51.414286 | F48: 13 | G48: Virbank City | H48: 24 | I48: 5 | J48: Driftveil City | K48: 111 | L48: [14-4] | M48: {186.9-1.5} | N48: MAX
C49: 6.16 | D49: 59.528571 | F49: 7 | G49: Lumiose City | H49: 26 | I49: 15 | J49: Coumarine City | K49: 94 | L49: [11-8] | M49: {49.3-10.9}
C50: 4.136 | D50: 59.545714 | F50: 17 | G50: Paniola Town | H50: 16 | I50: 12 | J50: Konikoni City | K50: 88 | L50: [8-7] | M50: {16.5-16.7} | N50: INVT
C51: -0.414 | D51: 94.670714 | F51: 8 | G51: Cinnabar Island | H51: 17 | I51: 8 | J51: Viridian City | K51: 10 | L51: [8-4] | M51: {73.6-2.4}
C52: 7.153 | D52: 57.390714 | F52: 4 | G52: Oreburgh City | H52: 22 | I52: 10 | J52: Eterna City | K52: 101 | L52: [9-6] | M52: {49.8-5.4}
C53: -1.203 | D53: 95.859286 | F53: 11 | G53: Vaniville Town | H53: 28 | I53: 14 | J53: Santalune City | K53: 5 | L53: [15-10] | M53: {144.2-2.9} | N53: MAX
C54: 4.294 | D54: 75.147143 | F54: 3 | G54: Solaceon Town | H54: 18 | I54: 3 | J54: Hearthome City | K54: 58 | L54: [12-3] | M54: {155.1-0.6} | N54: MAX
C55: 6.628 | D55: 57.408571 | F55: 6 | G55: Rustboro City | H55: 21 | I55: 8 | J55: Lavaridge Town | K55: 100 | L55: [10-4] | M55: {71.6-3.3}
C56: 3.4 | D56: 87.571429 | F56: 2 | G56: Castelia City | H56: 14 | I56: 11 | J56: Striaton City | K56: 26 | L56: [7-9] | M56: {16.0-17.7} | N56: INVT | O56: Castelia: 3pt# @ 59:20
C57: 5.313 | D57: 77.633571 | F57: 1 | G57: Geosenge Town | H57: 16 | I57: 11 | J57: Cyllage City | K57: 51 | L57: [7-7] | M57: {26.6-20.2}
B58: Matchday Two | C58: 2.823 | D58: 10.93 | F58: 83 | G58: Floccesy Town | H58: 13 | I58: 7 | J58: Driftveil City | K58: 112 | L58: [8-6] | M58: {28.9-8.8}
C59: -2.064 | D59: 10.402857 | F59: 111 | G59: Camphrier Town | H59: 17 | I59: 16 | J59: Shalour City | K59: 93 | L59: [10-9] | M59: {34.7-14.4}
C60: 0.104 | D60: 5.2828571 | F60: 110 | G60: Sunyshore City | H60: 22 | I60: 12 | J60: Hearthome City | K60: 102 | L60: [14-5] | M60: {83.9-8.4}
C61: -3.965 | D61: 37.341071 | F61: 109 | G61: Lavaridge Town | H61: 20 | I61: 16 | J61: Petalburg City | K61: 54 | L61: [11-9] | M61: {55.7-14.0}
A62: D6 5/13 | C62: -2.029 | D62: 19.86 | F62: 108 | G62: Eterna City | H62: 17 | I62: 15 | J62: Jubilife City | K62: 77 | L62: [11-7] | M62: {37.8-0.1} | O62: OT - 13[9-6]
C63: -1.906 | D63: 20.557857 | F63: 107 | G63: Aether Paradise | H63: 22 | I63: 13 | J63: Mount Hokulani | K63: 74 | L63: [10-7] | M63: {57.7-3.1}
C64: 4.406 | D64: 40.602857 | F64: 34 | G64: Mauville City | H64: 14 | I64: 13 | J64: Pacifidlog Town | K64: 106 | L64: [4-7] | M64: {11.1-20.8} | N64: INVT | O64: Mauville: 4pt @ 58:10
C65: -4.55 | D65: 49.410714 | F65: 105 | G65: Dendemille Town | H65: 31 | I65: 14 | J65: Aquacorde Town | K65: 29 | L65: [13-8] | M65: {126.8-5.5} | N65: MAX
C66: -5.374 | D66: 66.552857 | F66: 104 | G66: Littleroot Town | H66: 21 | I66: 20 | J66: Rustboro City | K66: 6 | L66: [17-8] | M66: {59.7-22.7} | O66: 2OT - 15[12-6], 19[15-7], Littleroot: most goals scored (17) (tied)
C67: -3.634 | D67: 47.149286 | F67: 103 | G67: Accumula Town | H67: 19 | I67: 11 | J67: Undella Town | K67: 35 | L67: [10-4] | M67: {67.2-0.6}
A68: D7 5/18 | C68: 6.027 | D68: 58.123571 | F68: 7 | G68: Geosenge Town | H68: 16 | I68: 14 | J68: Coumarine City | K68: 101 | L68: [8-7] | M68: {3.1-30.7} | N68: INVT | O68: OT - 14[7-7]
C69: -0.734 | D69: 13.917143 | F69: 100 | G69: Snowpoint City | H69: 19 | I69: 13 | J69: Canalave City | K69: 94 | L69: [12-5] | M69: {54.6-6.3}
C70: 0.594 | D70: 25.915 | F70: 66 | G70: Fortree City | H70: 18 | I70: 13 | J70: Mossdeep City | K70: 99 | L70: [10-7] | M70: {45.9-11.9} | O70: Fortree: overcame 12-0 deficit
C71: 3.957 | D71: 40.521786 | F71: 43 | G71: Postwick | H71: 13 | I71: 12 | J71: Motostoke | K71: 98 | L71: [5-7] | M71: {11.6-27.8} | N71: INVT
C72: 4.016 | D72: 53.56 | F72: 25 | G72: Iki Town | H72: 16 | I72: 6 | J72: Vast Poni Canyon | K72: 97 | L72: [6-6] | M72: {36.5-4.6}
C73: -3.507 | D73: 52.478214 | F73: 96 | G73: Fight Area | H73: 16 | I73: 14 | J73: Celestic Town | K73: 31 | L73: [11-6] | M73: {68.3-0} | O73: OT - 12[8-5]
C74: 2.915 | D74: 39.257143 | F74: 51 | G74: Ultra Megalopolis | H74: 14 | I74: 12 | J74: Exeggutor Island | K74: 95 | L74: [7-8] | M74: {14.9-19.3} | N74: INVT
C75: 3.534 | D75: 49.663214 | F75: 27 | G75: Mahogany Town | H75: 20 | I75: 11 | J75: Ecruteak City | K75: 92 | L75: [9-7] | M75: {56.5-12.2}
A76: D8 5/19 | C76: 4.007 | D76: 58.209286 | F76: 18 | G76: Hulbury | H76: 17 | I76: 12 | J76: Crown Tundra | K76: 91 | L76: [8-5] | M76: {24.2-18.1}
C77: -0.228 | D77: 31.859286 | F77: 90 | G77: Oldale Town | H77: 14 | I77: 13 | J77: Verdanturf Town | K77: 63 | L77: [7-10] | M77: {39.2-8.4}
C78: 4.054 | D78: 46.479286 | F78: 37 | G78: Wyndon South | H78: 17 | I78: 15 | J78: Circhester Bay | K78: 89 | L78: [9-8] | M78: {8.0-12.0} | N78: INVT
C79: 5.756 | D79: 60.888571 | F79: 10 | G79: Malie City | H79: 19 | I79: 11 | J79: Konikoni City | K79: 88 | L79: [7-6] | M79: {49.7-13.6}
C80: -0.151 | D80: 33.59 | F80: 87 | G80: Snowbelle City | H80: 24 | I80: 21 | J80: Santalune City | K80: 62 | L80: [12-9] | M80: {44.7-22.0} | O80: Santalune: led 18-8 at half
C81: 0.803 | D81: 24.872857 | F81: 81 | G81: Pewter City | H81: 14 | I81: 9 | J81: Celadon City | K81: 86 | L81: [9-6] | M81: {57.3-6.1}
C82: -3.659 | D82: 64.399286 | F82: 85 | G82: Po Town | H82: 21 | I82: 17 | J82: Paniola Town | K82: 22 | L82: [12-7] | M82: {52.4-12.3}
C83: 6.498 | D83: 64.287143 | F83: 3 | G83: Cinnabar Island | H83: 33 | I83: 20 | J83: Saffron City | K83: 84 | L83: [14-10] | M83: {77.7-23.0} | O83: Cinnabar: second-most points scored (33)
C84: 2.446 | D84: 46.4225 | F84: 47 | G84: Hammerlocke | H84: 17 | I84: 11 | J84: Ballonlea | K84: 82 | L84: [10-5] | M84: {58.5-17.8}
C85: -2.41 | D85: 47.078571 | F85: 80 | G85: Kiloude City | H85: 17 | I85: 16 | J85: Couriway Town | K85: 56 | L85: [8-7] | M85: {55.1-1.8} | O85: Kiloude: 2pt @ 53:20
C86: 4.446 | D86: 53.029643 | F86: 30 | G86: Poni Meadow | H86: 27 | I86: 11 | J86: Hau'oli City | K86: 79 | L86: [11-6] | M86: {88.6-2.7}
C87: 3.101 | D87: 47.16 | F87: 48 | G87: Olivine City | H87: 19 | I87: 15 | J87: Violet City | K87: 78 | L87: [9-10] | M87: {35.5-22.0}
C88: 3.105 | D88: 48.764286 | F88: 46 | G88: Veilstone City | H88: 15 | I88: 13 | J88: Pastoria City | K88: 76 | L88: [6-6] | M88: {16.2-20.4} | N88: INVT
A89: D10 5/20 | C89: 0.623 | D89: 34.376429 | F89: 71 | G89: Wedgehurst | H89: 18 | I89: 15 | J89: Isle of Armor | K89: 75 | L89: [9-9] | M89: {44.5-5.8}
C90: -4.489 | D90: 71.063571 | F90: 73 | G90: Kala'e Bay | H90: 25 | I90: 13 | J90: Seafolk Village | K90: 17 | L90: [17-6] | M90: {134.8-4.0} | N90: MAX | O90: Most goals scored (17) (tied)
C91: 2.552 | D91: 47.953929 | F91: 53 | G91: Sootopolis City | H91: 21 | I91: 19 | J91: Lilycove City | K91: 72 | L91: [9-10] | M91: {31.9-32.6} | N91: INVT
C92: 2.477 | D92: 54.837857 | F92: 38 | G92: Icirrus City | H92: 14 | I92: 9 | J92: Aspertia City | K92: 70 | L92: [8-7] | M92: {30.4-8.0}
A93: D11 5/21 | C93: 3.266 | D93: 53.8725 | F93: 40 | G93: Mistralton City | H93: 20 | I93: 8 | J93: Nimbasa City | K93: 69 | L93: [11-5] | M93: {91.3-4.5}
C94: 0.72 | D94: 41.896429 | F94: 61 | G94: Goldenrod City | H94: 18 | I94: 17 | J94: Blackthorn City | K94: 68 | L94: [9-10] | M94: {33.4-15.5} | O94: Goldenrod: 2pt @ 56:00
C95: -1.329 | D95: 45.145714 | F95: 67 | G95: Humilau City | H95: 12 | I95: 7 | J95: Striaton City | K95: 58 | L95: [8-4] | M95: {46.6-3.3}
C96: 2.919 | D96: 67.915 | F96: 19 | G96: Lumiose City | H96: 17 | I96: 12 | J96: Cyllage City | K96: 65 | L96: [9-8] | M96: {28.2-15.7}
C97: 3.42 | D97: 58.583929 | F97: 33 | G97: Wyndon North | H97: 22 | I97: 9 | J97: City of Circhester | K97: 64 | L97: [11-8] | M97: {110.3-4.4} | N97: MAX
C98: 3.89 | D98: 74.007143 | F98: 5 | G98: Spikemuth | H98: 19 | I98: 8 | J98: Stow-on-Side | K98: 60 | L98: [10-4] | M98: {81.8-7.1}
C99: 2.212 | D99: 58.241429 | F99: 41 | G99: Nacrene City | H99: 14 | I99: 10 | J99: Lacunosa Town | K99: 59 | L99: [7-7] | M99: {17.4-11.5}
C100: 2.68 | D100: 70.228571 | F100: 21 | G100: Vermilion City | H100: 18 | I100: 14 | J100: Viridian City | K100: 57 | L100: [9-8] | M100: {28.8-17.6}
...

Sheet Rankings
C1: =CONCATENATE(" ", ROUND(Archive!C1, 3), " >", ROUND(Archive!D1, 0), "< ", Archive!M1) -> -872.047 >647< {89.206-0} | F1: SeW | G1: Se L | I1: CfW | J1: Cf L | L1: ExW | M1: Ex L | O1: P For | P1: P Agt | Q1: Gls | R1: SOS | S1: EXP | T1: DScore | V1: P For | W1: P Agt | X1: Gls | Y1: SOS | Z1: EXP | AA1: DScore | AC1: PF | AD1: PA | AE1: GOAL | AF1: SOS | AG1: EXP | AH1: DSCR | AI1: Gms | AJ1: PtsF/G | AK1: PtsA/G | AL1: PtDf | AM1: Gav | AN1: StrAvg | AO1: StrMod | AP1: VicAvg | AQ1: EXP | AR1: ExAv | AS1: D-Avg | AT1: D-Sqrt | AU1: WCS | AV1: CCC | AW1: M/U | AX1: Cups | AZ1: =112-COUNTIF(BB2:BB113, 0) -> 0 | BB1: RkCh | BC1: TOTAL | BD1: Wins (2.25) | BE1: Cf W (1.5) | BF1: P For (1) | BG1: P Agt (1) | BH1: G Av (.75) | BI1: SOS (1) | BJ1: SOV (1) | BK1: EYE (.75) | BL1: D Scr (1) | BM1: Cups (.75) | BN1: EX | BO1: TW | BP1: LW | BR1: Climate | BS1: =_xlfn.STDEV.P(BS2:BS113) -> 0.18229976 | BT1: WCSEntry | BU1: Dynamax | BV1: Pts For | BW1: Pts Ag | BX1: Conf Str | BZ1: =AVERAGE(BU2:BU113) -> 5.8231504 | CA1: =AVERAGE(BS2:BS113) -> 0.53604776 | CD1: =_xlfn.STDEV.P(BC2:BC113)-BS1 -> 0 | CE1: FINAL | CF1: LR2/WSF | CG1: LR1 | CH1: WQF | CI1: Opening | CJ1: Play-In | CK1: WMU FIN | CL1: ConfChmp | CM1: WMU SF | CN1: WMU QF | CO1: After W13 | CP1: MW13 | CQ1: After W12 | CR1: MW12 | CS1: After W11 | CT1: MW11 | CU1: After W10 | CV1: Revamp | CW1: After W9 | CX1: New Form | CY1: After W8 | CZ1: After W7 | DA1: After W6 | DB1: After W5 | DC1: After W4 | DD1: After W3 | DE1: After W2 | DF1: After W1 | DG1: Preseason
A2: 1 | B2: Indigo | C2: West Johto | D2: Cianwood City | F2: 10 | G2: 3 | H2: 14 | I2: 6 | J2: 3 | L2: 15 | M2: 5 | O2: 246 | P2: =162+17 -> 179 | Q2: 116 | R2: =25.242+10.264+0.174-0.856+1.147 -> 35.971 | S2: =632+54+89+92+95 -> 962 | T2: =500.1525+52.492+65.835+74.372+13.305 -> 706.1565 | V2: =343+19 -> 362 | W2: =292+21 -> 313 | X2: 160 | Y2: =62.155-0.31+3.508-2.826-6.707+1.102-2.023 -> 54.899 | Z2: =1025+91+89+94+101+92+91 -> 1583 | AA2: =676.5725+7.076+48.194+1.941+84.366+41.753+24.997 -> 884.8995 | AC2: =O2+((1/4)*V2) -> 336.5 | AD2: =P2+((1/4)*W2) -> 257.25 | AE2: =Q2+((1/4)*X2) -> 156 | AF2: =R2+((1/4)*Y2) -> 49.69575 | AG2: =S2+((1/4)*Z2) -> 1357.75 | AH2: =T2+((1/4)*AA2) -> 927.38137 | AI2: =F2+G2+((1/4)*(L2+M2)) -> 18 | AJ2: =IFERROR(AC2/AI2, 0) -> 18.694444 | AK2: =IFERROR(AD2/AI2, 0) -> 14.291667 | AL2: =AJ2-AK2 -> 4.4027778 | AM2: =IFERROR(AC2/AE2, 0) -> 2.1570513 | AN2: =IF((AF2)<0, (AF2/2), AF2)/AI2 -> 2.760875 | AO2: =(AN2-(SMALL(AN:AN,1)))*(2-(1-((1-BX2)/2)))+MIN(AN:AN) -> 2.484138 | AP2: =AL2-(IF(AVERAGE(AN2:AO2)<0, AVERAGE(AN2:AO2)*2, AVERAGE(AN2:AO2))) -> 1.7802713 | AQ2: =(AVERAGE((AL2-MIN(AL:AL))*AR2, SQRT((AL2-MIN(AL:AL))*AR2))/100)*BX2 -> 6.3983553 | AR2: =(AG2/AI2) -> 75.430556 | AS2: =IFERROR(AH2/AI2,0) -> 51.521187 | AT2: =IFERROR(IF(SQRT(AS2)>10, 10, SQRT(AS2)), 0) -> 7.1778261 | AU2: 28 | AV2: 24 | AW2: 26 | AX2: =SUM(AU2:AW2) -> 78 | AZ2: 14 | BA2: =_xlfn.RANK.EQ(BC2,BC:BC, 0) -> 14 | BB2: =AZ2-BA2 -> 0 | BC2: =((BD2*2.25)+(BE2*1.5)+(BF2*1)+(BG2*1)+(BH2*0.75)+(BI2*1)+(BJ2*1)+(BK2*0.75)+(BL2*1)+(BM2*0.75)+(BN2/LARGE(BN:BN,1))*(3/15))/(10+(9/30)) -> 0.76468114 | BD2: =IFERROR(IF((F2+G2)=1, IF(F2=0, 0.333, IF(F2=1, 0.666, 0)), IF((F2+G2)=2, IF(F2=0, 0.166, IF(F2=1, 0.5, IF(F2=2, 0.833, 0))), (F2+(L2/6))/(F2+G2))), 0) -> 0.96153846 | BE2: =IFERROR(IF((I2+J2)=1, IF(I2=0, 0.333, IF(I2=1, 0.666, 0)), IF((I2+J2)=2, IF(I2=0, 0.166, IF(I2=1, 0.5, IF(I2=2, 0.833, 0))), (I2/(I2+J2)))), 0) -> 0.66666667 | BF2: =(AJ2-(SMALL(AJ:AJ, 1)))/((LARGE(AJ:AJ, 1))-(SMALL(AJ:AJ, 1))) -> 0.52487325 | BG2: =1-(AK2-SMALL(AK:AK,1))/(LARGE(AK:AK,1)-SMALL(AK:AK,1)) -> 0.82945605 | BH2: =(AM2-SMALL(AM:AM,1))/(LARGE(AM:AM,1)-SMALL(AM:AM,1)) -> 0.53909853 | BI2: =1-(AO2-SMALL(AO:AO,1))/(LARGE(AO:AO,1)-SMALL(AO:AO,1)) -> 0.3825027 | BJ2: =(AP2+ABS(MIN(AP:AP)))/(MAX(AP:AP)+ABS(MIN(AP:AP))) -> 0.73260599 | BK2: =AVERAGE(AQ2/MAX(AQ:AQ), SQRT(AQ2/MAX(AQ:AQ))) -> 0.73129642 | BL2: =AVERAGE(AT2/MAX(AT:AT), (AT2-SMALL(AT:AT,1))/(LARGE(AT:AT,1)-SMALL(AT:AT,1))) -> 0.7542343 | BM2: =IFERROR(AX2/MAX(AX:AX), 0) -> 0.61904762 | BN2: =10+44 -> 54 | BO2: =BN2+AX2 -> 132 | BP2: 87 | BQ2: =BO2+BP2 -> 219 | BR2: 1.6666667 | BS2: 0.76468114 | BT2: 2 | BU2: 7.1778261 | BV2: 0.52487325 | BW2: 0.82945605 | BX2: =IF(A2<17, SoC!O$3, IF(A2<33, SoC!O$4, IF(A2<49, SoC!O$5, IF(A2<65, SoC!O$6, IF(A2<81, SoC!O$7, IF(A2<97, SoC!O$8, SoC!O$9)))))) -> 1.0968296 | BY2: =SQRT(BS2) -> 0.87446049 | BZ2: =IF(BY2<(15/30), "F", IF(BY2<(18/30), "F+", IF(BY2<(19/30), "D-", IF(BY2<(20/30), "D", IF(BY2<(21/30), "D+", IF(BY2<(22/30), "C-", IF(BY2<(23/30), "C", IF(BY2<(24/30), "C+", IF(BY2<(25/30), "B-", IF(BY2<(26/30), "B", IF(BY2<(27/30), "B+", IF(BY2<(28/30), "A-", IF(BY2<(29/30), "A", "A+"))))))))))))) -> B+ | CA2: =(((BS2-$CA$1)/0.15)*3)+((BU2-$BZ$1)/2) -> 5.2500054 | CB2: =CF2-CE2 -> 0 | CC2: 59 | CD2: Cianwood City | CE2: 14 | CF2: 14 | CG2: 14 | CH2: 14 | CI2: 14 | CJ2: 14 | CK2: 14 | CL2: 14 | CM2: 15 | CN2: 15 | CO2: 14 | CP2: 9 | CQ2: 9 | CR2: 12 | CS2: 11 | CT2: 13 | CU2: 11 | CV2: 14 | CW2: 17 | CX2: 20 | CY2: 18 | CZ2: 11 | DA2: 13 | DB2: 20 | DC2: 29 | DD2: 9 | DE2: 21 | DF2: 23 | DG2: 54
A3: 2 | B3: Indigo | C3: West Johto | D3: Ecruteak City | F3: 3 | G3: 10 | I3: 1 | J3: 8 | L3: 0 | M3: 2 | O3: 196 | P3: =269+25 -> 294 | Q3: 111 | R3: =-53.113-9.814-3.623-5.813-4.018 -> -76.381 | S3: =299+47+7+23+34 -> 410 | T3: =138.923+2.653+46.612+52.282+3.564 -> 244.034 | V3: 29 | W3: 47 | X3: 21 | Y3: =-13.625 -> -13.625 | Z3: =60 -> 60 | AA3: =27.339 -> 27.339 | AC3: =O3+((1/4)*V3) -> 203.25 | AD3: =P3+((1/4)*W3) -> 305.75 | AE3: =Q3+((1/4)*X3) -> 116.25 | AF3: =R3+((1/4)*Y3) -> -79.78725 | AG3: =S3+((1/4)*Z3) -> 425 | AH3: =T3+((1/4)*AA3) -> 250.86875 | AI3: =F3+G3+((1/4)*(L3+M3)) -> 13.5 | AJ3: =IFERROR(AC3/AI3, 0) -> 15.055556 | AK3: =IFERROR(AD3/AI3, 0) -> 22.648148 | AL3: =AJ3-AK3 -> -7.5925926 | AM3: =IFERROR(AC3/AE3, 0) -> 1.7483871 | AN3: =IF((AF3)<0, (AF3/2), AF3)/AI3 -> -2.9550833 | AO3: =(AN3-(SMALL(AN:AN,1)))*(2-(1-((1-BX3)/2)))+MIN(AN:AN) -> -2.9550833 | AP3: =AL3-(IF(AVERAGE(AN3:AO3)<0, AVERAGE(AN3:AO3)*2, AVERAGE(AN3:AO3))) -> -1.6824259 | AQ3: =(AVERAGE((AL3-MIN(AL:AL))*AR3, SQRT((AL3-MIN(AL:AL))*AR3))/100)*BX3 -> 0.57588842 | AR3: =(AG3/AI3) -> 31.481481 | AS3: =IFERROR(AH3/AI3,0) -> 18.58287 | AT3: =IFERROR(IF(SQRT(AS3)>10, 10, SQRT(AS3)), 0) -> 4.3107854 | AU3: 7 | AV3: 0 | AX3: =SUM(AU3:AW3) -> 7 | AZ3: 107 | BA3: =_xlfn.RANK.EQ(BC3,BC:BC, 0) -> 107 | BB3: =AZ3-BA3 -> 0 | BC3: =((BD3*2.25)+(BE3*1.5)+(BF3*1)+(BG3*1)+(BH3*0.75)+(BI3*1)+(BJ3*1)+(BK3*0.75)+(BL3*1)+(BM3*0.75)+(BN3/LARGE(BN:BN,1))*(3/15))/(10+(9/30)) -> 0.27824122 | BD3: =IFERROR(IF((F3+G3)=1, IF(F3=0, 0.333, IF(F3=1, 0.666, 0)), IF((F3+G3)=2, IF(F3=0, 0.166, IF(F3=1, 0.5, IF(F3=2, 0.833, 0))), (F3+(L3/6))/(F3+G3))), 0) -> 0.23076923 | BE3: =IFERROR(IF((I3+J3)=1, IF(I3=0, 0.333, IF(I3=1, 0.666, 0)), IF((I3+J3)=2, IF(I3=0, 0.166, IF(I3=1, 0.5, IF(I3=2, 0.833, 0))), (I3/(I3+J3)))), 0) -> 0.11111111 | BF3: =(AJ3-(SMALL(AJ:AJ, 1)))/((LARGE(AJ:AJ, 1))-(SMALL(AJ:AJ, 1))) -> 0.21333921 | BG3: =1-(AK3-SMALL(AK:AK,1))/(LARGE(AK:AK,1)-SMALL(AK:AK,1)) -> 0.049791709 | BH3: =(AM3-SMALL(AM:AM,1))/(LARGE(AM:AM,1)-SMALL(AM:AM,1)) -> 0.087435156 | BI3: =1-(AO3-SMALL(AO:AO,1))/(LARGE(AO:AO,1)-SMALL(AO:AO,1)) -> 1 | BJ3: =(AP3+ABS(MIN(AP:AP)))/(MAX(AP:AP)+ABS(MIN(AP:AP))) -> 0.37123897 | BK3: =AVERAGE(AQ3/MAX(AQ:AQ), SQRT(AQ3/MAX(AQ:AQ))) -> 0.15073175 | BL3: =AVERAGE(AT3/MAX(AT:AT), (AT3-SMALL(AT:AT,1))/(LARGE(AT:AT,1)-SMALL(AT:AT,1))) -> 0.31865875 | BM3: =IFERROR(AX3/MAX(AX:AX), 0) -> 0.055555556 | BN3: 5 | BO3: =BN3+AX3 -> 12 | BP3: 2 | BQ3: =BO3+BP3 -> 14 | BR3: -1 | BS3: 0.27824122 | BT3: 1 | BU3: 4.3107854 | BV3: 0.21333921 | BW3: 0.049791709 | BX3: =IF(A3<17, SoC!O$3, IF(A3<33, SoC!O$4, IF(A3<49, SoC!O$5, IF(A3<65, SoC!O$6, IF(A3<81, SoC!O$7, IF(A3<97, SoC!O$8, SoC!O$9)))))) -> 1.0968296 | BY3: =SQRT(BS3) -> 0.52748575 | BZ3: =IF(BY3<(15/30), "F", IF(BY3<(18/30), "F+", IF(BY3<(19/30), "D-", IF(BY3<(20/30), "D", IF(BY3<(21/30), "D+", IF(BY3<(22/30), "C-", IF(BY3<(23/30), "C", IF(BY3<(24/30), "C+", IF(BY3<(25/30), "B-", IF(BY3<(26/30), "B", IF(BY3<(27/30), "B+", IF(BY3<(28/30), "A-", IF(BY3<(29/30), "A", "A+"))))))))))))) -> F+ | CA3: =(((BS3-$CA$1)/0.15)*3)+((BU3-$BZ$1)/2) -> -5.9123134 | CB3: =CF3-CE3 -> 0 | CC3: 8 | CD3: Ecruteak City | CE3: 107 | CF3: 107 | CG3: 107 | CH3: 107 | CI3: 107 | CJ3: 107 | CK3: 107 | CL3: 107 | CM3: 107 | CN3: 107 | CO3: 107 | CP3: 104 | CQ3: 105 | CR3: 108 | CS3: 108 | CT3: 110 | CU3: 111 | CV3: 109 | CW3: 111 | CX3: 111 | CY3: 112 | CZ3: 112 | DA3: 112 | DB3: 112 | DC3: 110 | DD3: 109 | DE3: 108 | DF3: 92 | DG3: 105
A4: 3 | B4: Indigo | C4: West Johto | D4: Goldenrod City | F4: 7 | G4: 6 | I4: 5 | J4: 4 | L4: 4 | M4: 7 | O4: =188+25 -> 213 | P4: =188+11 -> 199 | Q4: 105 | R4: =8.326-0.625+6.433+1.197+4.018 -> 19.349 | S4: =579+84+46+55+34 -> 798 | T4: =325.391+22.022+1.245+10.229+(115.154-7.577) -> 466.464 | V4: =179+17 -> 196 | W4: =182+26 -> 208 | X4: 107 | Y4: =-5.713-4.817-7.792 -> -18.322 | Z4: =683+80+78 -> 841 | AA4: =300.679+11.27+6.327 -> 318.276 | AC4: =O4+((1/4)*V4) -> 262 | AD4: =P4+((1/4)*W4) -> 251 | AE4: =Q4+((1/4)*X4) -> 131.75 | AF4: =R4+((1/4)*Y4) -> 14.7685 | AG4: =S4+((1/4)*Z4) -> 1008.25 | AH4: =T4+((1/4)*AA4) -> 546.033 | AI4: =F4+G4+((1/4)*(L4+M4)) -> 15.75 | AJ4: =IFERROR(AC4/AI4, 0) -> 16.634921 | AK4: =IFERROR(AD4/AI4, 0) -> 15.936508 | AL4: =AJ4-AK4 -> 0.6984127 | AM4: =IFERROR(AC4/AE4, 0) -> 1.9886148 | AN4: =IF((AF4)<0, (AF4/2), AF4)/AI4 -> 0.93768254 | AO4: =(AN4-(SMALL(AN:AN,1)))*(2-(1-((1-BX4)/2)))+MIN(AN:AN) -> 0.74921507 | AP4: =AL4-(IF(AVERAGE(AN4:AO4)<0, AVERAGE(AN4:AO4)*2, AVERAGE(AN4:AO4))) -> -0.14503611 | AQ4: =(AVERAGE((AL4-MIN(AL:AL))*AR4, SQRT((AL4-MIN(AL:AL))*AR4))/100)*BX4 -> 4.1205537 | AR4: =(AG4/AI4) -> 64.015873 | AS4: =IFERROR(AH4/AI4,0) -> 34.668762 | AT4: =IFERROR(IF(SQRT(AS4)>10, 10, SQRT(AS4)), 0) -> 5.8880185 | AU4: 28 | AV4: 12 | AW4: 20 | AX4: =SUM(AU4:AW4) -> 60 | AZ4: 45 | BA4: =_xlfn.RANK.EQ(BC4,BC:BC, 0) -> 45 | BB4: =AZ4-BA4 -> 0 | BC4: =((BD4*2.25)+(BE4*1.5)+(BF4*1)+(BG4*1)+(BH4*0.75)+(BI4*1)+(BJ4*1)+(BK4*0.75)+(BL4*1)+(BM4*0.75)+(BN4/LARGE(BN:BN,1))*(3/15))/(10+(9/30)) -> 0.57191123 | BD4: =IFERROR(IF((F4+G4)=1, IF(F4=0, 0.333, IF(F4=1, 0.666, 0)), IF((F4+G4)=2, IF(F4=0, 0.166, IF(F4=1, 0.5, IF(F4=2, 0.833, 0))), (F4+(L4/6))/(F4+G4))), 0) -> 0.58974359 | BE4: =IFERROR(IF((I4+J4)=1, IF(I4=0, 0.333, IF(I4=1, 0.666, 0)), IF((I4+J4)=2, IF(I4=0, 0.166, IF(I4=1, 0.5, IF(I4=2, 0.833, 0))), (I4/(I4+J4)))), 0) -> 0.55555556 | BF4: =(AJ4-(SMALL(AJ:AJ, 1)))/((LARGE(AJ:AJ, 1))-(SMALL(AJ:AJ, 1))) -> 0.34855246 | BG4: =1-(AK4-SMALL(AK:AK,1))/(LARGE(AK:AK,1)-SMALL(AK:AK,1)) -> 0.67599145 | BH4: =(AM4-SMALL(AM:AM,1))/(LARGE(AM:AM,1)-SMALL(AM:AM,1)) -> 0.35293935 | BI4: =1-(AO4-SMALL(AO:AO,1))/(LARGE(AO:AO,1)-SMALL(AO:AO,1)) -> 0.57946292 | BJ4: =(AP4+ABS(MIN(AP:AP)))/(MAX(AP:AP)+ABS(MIN(AP:AP))) -> 0.53168095 | BK4: =AVERAGE(AQ4/MAX(AQ:AQ), SQRT(AQ4/MAX(AQ:AQ))) -> 0.53504084 | BL4: =AVERAGE(AT4/MAX(AT:AT), (AT4-SMALL(AT:AT,1))/(LARGE(AT:AT,1)-SMALL(AT:AT,1))) -> 0.55828011 | BM4: =IFERROR(AX4/MAX(AX:AX), 0) -> 0.47619048 | BN4: 10 | BO4: =BN4+AX4 -> 70 | BP4: 45 | BQ4: =BO4+BP4 -> 115 | BR4: 0.33333333 | BS4: 0.57191123 | BT4: 4 | BU4: 5.8880185 | BV4: 0.34855246 | BW4: 0.67599145 | BX4: =IF(A4<17, SoC!O$3, IF(A4<33, SoC!O$4, IF(A4<49, SoC!O$5, IF(A4<65, SoC!O$6, IF(A4<81, SoC!O$7, IF(A4<97, SoC!O$8, SoC!O$9)))))) -> 1.0968296 | BY4: =SQRT(BS4) -> 0.75624812 | BZ4: =IF(BY4<(15/30), "F", IF(BY4<(18/30), "F+", IF(BY4<(19/30), "D-", IF(BY4<(20/30), "D", IF(BY4<(21/30), "D+", IF(BY4<(22/30), "C-", IF(BY4<(23/30), "C", IF(BY4<(24/30), "C+", IF(BY4<(25/30), "B-", IF(BY4<(26/30), "B", IF(BY4<(27/30), "B+", IF(BY4<(28/30), "A-", IF(BY4<(29/30), "A", "A+"))))))))))))) -> C | CA4: =(((BS4-$CA$1)/0.15)*3)+((BU4-$BZ$1)/2) -> 0.74970327 | CB4: =CF4-CE4 -> 0 | CC4: 93 | CD4: Goldenrod City | CE4: 45 | CF4: 45 | CG4: 46 | CH4: 46 | CI4: 45 | CJ4: 46 | CK4: 46 | CL4: 46 | CM4: 46 | CN4: 46 | CO4: 45 | CP4: 53 | CQ4: 52 | CR4: 45 | CS4: 43 | CT4: 40 | CU4: 39 | CV4: 32 | CW4: 35 | CX4: 40 | CY4: 36 | CZ4: 32 | DA4: 31 | DB4: 40 | DC4: 42 | DD4: 32 | DE4: 48 | DF4: 61 | DG4: 24
A5: 4 | B5: Indigo | C5: West Johto | D5: Olivine City | F5: 11 | G5: 3 | H5: 12 | I5: 8 | J5: 1 | L5: 15 | M5: 15 | O5: 279 | P5: =194+27 -> 221 | Q5: 119 | R5: =26.278+8.638+1.012+7.073-1.147-6.875 -> 34.979 | S5: =579+58+88+64+95+93 -> 977 | T5: =420.565+36.764+51.595+62.232+56.4+4.601 -> 632.157 | V5: 544 | W5: =512+29 -> 541 | X5: 260 | Y5: =8.611+1.494+3.949+6.008+9.385+6.43+10.217-0.142-5.051-5.274-10.261+0.555-3.218-1.876+1.524-2.082-6.269-3.714-0.414+1.758-1.982 -> 9.648 | Z5: =842+82+80+84+73+86+74+95+99+93+89+94+92+94+94+94+91+92+95+93+92 -> 2628 | AA5: =435.336+40.646+(205.912-53.9143)+3.735+(114.62-7.31)+9.687+50.626+78.805+58.694+11.581+23.286+12.934+1.525+(218.552-62.368)+11.913+8.454+6.009+17.235+(250.516-83.6773)+60.543+8.125 -> 1421.4644 | AC5: =O5+((1/4)*V5) -> 415 | AD5: =P5+((1/4)*W5) -> 356.25 | AE5: =Q5+((1/4)*X5) -> 184 | AF5: =R5+((1/4)*Y5) -> 37.391 | AG5: =S5+((1/4)*Z5) -> 1634 | AH5: =T5+((1/4)*AA5) -> 987.5231 | AI5: =F5+G5+((1/4)*(L5+M5)) -> 21.5 | AJ5: =IFERROR(AC5/AI5, 0) -> 19.302326 | AK5: =IFERROR(AD5/AI5, 0) -> 16.569767 | AL5: =AJ5-AK5 -> 2.7325581 | AM5: =IFERROR(AC5/AE5, 0) -> 2.2554348 | AN5: =IF((AF5)<0, (AF5/2), AF5)/AI5 -> 1.7391163 | AO5: =(AN5-(SMALL(AN:AN,1)))*(2-(1-((1-BX5)/2)))+MIN(AN:AN) -> 1.5118476 | AP5: =AL5-(IF(AVERAGE(AN5:AO5)<0, AVERAGE(AN5:AO5)*2, AVERAGE(AN5:AO5))) -> 1.1070762 | AQ5: =(AVERAGE((AL5-MIN(AL:AL))*AR5, SQRT((AL5-MIN(AL:AL))*AR5))/100)*BX5 -> 5.7392152 | AR5: =(AG5/AI5) -> 76 | AS5: =IFERROR(AH5/AI5,0) -> 45.931307 | AT5: =IFERROR(IF(SQRT(AS5)>10, 10, SQRT(AS5)), 0) -> 6.777264 | AU5: 21 | AV5: 18 | AW5: 35 | AX5: =SUM(AU5:AW5) -> 74 | AZ5: 12 | BA5: =_xlfn.RANK.EQ(BC5,BC:BC, 0) -> 12 | BB5: =AZ5-BA5 -> 0 | BC5: =((BD5*2.25)+(BE5*1.5)+(BF5*1)+(BG5*1)+(BH5*0.75)+(BI5*1)+(BJ5*1)+(BK5*0.75)+(BL5*1)+(BM5*0.75)+(BN5/LARGE(BN:BN,1))*(3/15))/(10+(9/30)) -> 0.78630396 | BD5: =IFERROR(IF((F5+G5)=1, IF(F5=0, 0.333, IF(F5=1, 0.666, 0)), IF((F5+G5)=2, IF(F5=0, 0.166, IF(F5=1, 0.5, IF(F5=2, 0.833, 0))), (F5+(L5/6))/(F5+G5))), 0) -> 0.96428571 | BE5: =IFERROR(IF((I5+J5)=1, IF(I5=0, 0.333, IF(I5=1, 0.666, 0)), IF((I5+J5)=2, IF(I5=0, 0.166, IF(I5=1, 0.5, IF(I5=2, 0.833, 0))), (I5/(I5+J5)))), 0) -> 0.88888889 | BF5: =(AJ5-(SMALL(AJ:AJ, 1)))/((LARGE(AJ:AJ, 1))-(SMALL(AJ:AJ, 1))) -> 0.57691542 | BG5: =1-(AK5-SMALL(AK:AK,1))/(LARGE(AK:AK,1)-SMALL(AK:AK,1)) -> 0.61690799 | BH5: =(AM5-SMALL(AM:AM,1))/(LARGE(AM:AM,1)-SMALL(AM:AM,1)) -> 0.64783384 | BI5: =1-(AO5-SMALL(AO:AO,1))/(LARGE(AO:AO,1)-SMALL(AO:AO,1)) -> 0.49288371 | BJ5: =(AP5+ABS(MIN(AP:AP)))/(MAX(AP:AP)+ABS(MIN(AP:AP))) -> 0.66235137 | BK5: =AVERAGE(AQ5/MAX(AQ:AQ), SQRT(AQ5/MAX(AQ:AQ))) -> 0.67622093 | BL5: =AVERAGE(AT5/MAX(AT:AT), (AT5-SMALL(AT:AT,1))/(LARGE(AT:AT,1)-SMALL(AT:AT,1))) -> 0.69337884 | BM5: =IFERROR(AX5/MAX(AX:AX), 0) -> 0.58730159 | BN5: =30+60 -> 90 | BO5: =BN5+AX5 -> 164 | BP5: 91 | BQ5: =BO5+BP5 -> 255 | BR5: 0.66666667 | BS5: 0.78630396 | BT5: 3 | BU5: 6.777264 | BV5: 0.57691542 | BW5: 0.61690799 | BX5: =IF(A5<17, SoC!O$3, IF(A5<33, SoC!O$4, IF(A5<49, SoC!O$5, IF(A5<65, SoC!O$6, IF(A5<81, SoC!O$7, IF(A5<97, SoC!O$8, SoC!O$9)))))) -> 1.0968296 | BY5: =SQRT(BS5) -> 0.88673782 | BZ5: =IF(BY5<(15/30), "F", IF(BY5<(18/30), "F+", IF(BY5<(19/30), "D-", IF(BY5<(20/30), "D", IF(BY5<(21/30), "D+", IF(BY5<(22/30), "C-", IF(BY5<(23/30), "C", IF(BY5<(24/30), "C+", IF(BY5<(25/30), "B-", IF(BY5<(26/30), "B", IF(BY5<(27/30), "B+", IF(BY5<(28/30), "A-", IF(BY5<(29/30), "A", "A+"))))))))))))) -> B+ | CA5: =(((BS5-$CA$1)/0.15)*3)+((BU5-$BZ$1)/2) -> 5.4821807 | CB5: =CF5-CE5 -> 0 | CC5: 76 | CD5: Olivine City | CE5: 12 | CF5: 12 | CG5: 11 | CH5: 12 | CI5: 12 | CJ5: 12 | CK5: 12 | CL5: 11 | CM5: 9 | CN5: 10 | CO5: 9 | CP5: 10 | CQ5: 11 | CR5: 11 | CS5: 12 | CT5: 14 | CU5: 16 | CV5: 15 | CW5: 14 | CX5: 12 | CY5: 13 | CZ5: 17 | DA5: 17 | DB5: 18 | DC5: 22 | DD5: 30 | DE5: 23 | DF5: 48 | DG5: 37
A6: 5 | B6: Indigo | C6: East Johto | D6: Azalea Town | F6: 5 | G6: 8 | I6: 5 | J6: 4 | L6: 4 | M6: 5 | O6: 176 | P6: 270 | Q6: 103 | R6: =-14.995-5.3-10.645+1.094-5.704 -> -35.55 | S6: =542+64+64+16+62 -> 748 | T6: =203.597+0+0.536+(101.789-0.8945)+5.507 -> 310.5345 | V6: =118+25 -> 143 | W6: =143+15 -> 158 | X6: 77 | Y6: =-6.406+2.223+4.828 -> 0.645 | Z6: =474+23+21 -> 518 | AA6: =91.669+42.593+58.154 -> 192.416 | AC6: =O6+((1/4)*V6) -> 211.75 | AD6: =P6+((1/4)*W6) -> 309.5 | AE6: =Q6+((1/4)*X6) -> 122.25 | AF6: =R6+((1/4)*Y6) -> -35.38875 | AG6: =S6+((1/4)*Z6) -> 877.5 | AH6: =T6+((1/4)*AA6) -> 358.6385 | AI6: =F6+G6+((1/4)*(L6+M6)) -> 15.25 | AJ6: =IFERROR(AC6/AI6, 0) -> 13.885246 | AK6: =IFERROR(AD6/AI6, 0) -> 20.295082 | AL6: =AJ6-AK6 -> -6.4098361 | AM6: =IFERROR(AC6/AE6, 0) -> 1.7321063 | AN6: =IF((AF6)<0, (AF6/2), AF6)/AI6 -> -1.1602869 | AO6: =(AN6-(SMALL(AN:AN,1)))*(2-(1-((1-BX6)/2)))+MIN(AN:AN) -> -1.2471816 | AP6: =AL6-(IF(AVERAGE(AN6:AO6)<0, AVERAGE(AN6:AO6)*2, AVERAGE(AN6:AO6))) -> -4.0023676 | AQ6: =(AVERAGE((AL6-MIN(AL:AL))*AR6, SQRT((AL6-MIN(AL:AL))*AR6))/100)*BX6 -> 1.4133395 | AR6: =(AG6/AI6) -> 57.540984 | AS6: =IFERROR(AH6/AI6,0) -> 23.517279 | AT6: =IFERROR(IF(SQRT(AS6)>10, 10, SQRT(AS6)), 0) -> 4.8494617 | AU6: 21 | AV6: 6 | AW6: 14 | AX6: =SUM(AU6:AW6) -> 41 | AZ6: 82 | BA6: =_xlfn.RANK.EQ(BC6,BC:BC, 0) -> 82 | BB6: =AZ6-BA6 -> 0 | BC6: =((BD6*2.25)+(BE6*1.5)+(BF6*1)+(BG6*1)+(BH6*0.75)+(BI6*1)+(BJ6*1)+(BK6*0.75)+(BL6*1)+(BM6*0.75)+(BN6/LARGE(BN:BN,1))*(3/15))/(10+(9/30)) -> 0.39208454 | BD6: =IFERROR(IF((F6+G6)=1, IF(F6=0, 0.333, IF(F6=1, 0.666, 0)), IF((F6+G6)=2, IF(F6=0, 0.166, IF(F6=1, 0.5, IF(F6=2, 0.833, 0))), (F6+(L6/6))/(F6+G6))), 0) -> 0.43589744 | BE6: =IFERROR(IF((I6+J6)=1, IF(I6=0, 0.333, IF(I6=1, 0.666, 0)), IF((I6+J6)=2, IF(I6=0, 0.166, IF(I6=1, 0.5, IF(I6=2, 0.833, 0))), (I6/(I6+J6)))), 0) -> 0.55555556 | BF6: =(AJ6-(SMALL(AJ:AJ, 1)))/((LARGE(AJ:AJ, 1))-(SMALL(AJ:AJ, 1))) -> 0.11314618 | BG6: =1-(AK6-SMALL(AK:AK,1))/(LARGE(AK:AK,1)-SMALL(AK:AK,1)) -> 0.26933409 | BH6: =(AM6-SMALL(AM:AM,1))/(LARGE(AM:AM,1)-SMALL(AM:AM,1)) -> 0.069441356 | BI6: =1-(AO6-SMALL(AO:AO,1))/(LARGE(AO:AO,1)-SMALL(AO:AO,1)) -> 0.80610741 | BJ6: =(AP6+ABS(MIN(AP:AP)))/(MAX(AP:AP)+ABS(MIN(AP:AP))) -> 0.12912989 | BK6: =AVERAGE(AQ6/MAX(AQ:AQ), SQRT(AQ6/MAX(AQ:AQ))) -> 0.2622553 | BL6: =AVERAGE(AT6/MAX(AT:AT), (AT6-SMALL(AT:AT,1))/(LARGE(AT:AT,1)-SMALL(AT:AT,1))) -> 0.40049722 | BM6: =IFERROR(AX6/MAX(AX:AX), 0) -> 0.32539683 | BN6: 10 | BO6: =BN6+AX6 -> 51 | BP6: 14 | BQ6: =BO6+BP6 -> 65 | BR6: 0 | BS6: 0.39208454 | BT6: 3 | BU6: 4.8494617 | BV6: 0.11314618 | BW6: 0.26933409 | BX6: =IF(A6<17, SoC!O$3, IF(A6<33, SoC!O$4, IF(A6<49, SoC!O$5, IF(A6<65, SoC!O$6, IF(A6<81, SoC!O$7, IF(A6<97, SoC!O$8, SoC!O$9)))))) -> 1.0968296 | BY6: =SQRT(BS6) -> 0.62616655 | BZ6: =IF(BY6<(15/30), "F", IF(BY6<(18/30), "F+", IF(BY6<(19/30), "D-", IF(BY6<(20/30), "D", IF(BY6<(21/30), "D+", IF(BY6<(22/30), "C-", IF(BY6<(23/30), "C", IF(BY6<(24/30), "C+", IF(BY6<(25/30), "B-", IF(BY6<(26/30), "B", IF(BY6<(27/30), "B+", IF(BY6<(28/30), "A-", IF(BY6<(29/30), "A", "A+"))))))))))))) -> D- | CA6: =(((BS6-$CA$1)/0.15)*3)+((BU6-$BZ$1)/2) -> -3.3661088 | CB6: =CF6-CE6 -> 0 | CC6: 61 | CD6: Azalea Town | CE6: 82 | CF6: 82 | CG6: 81 | CH6: 81 | CI6: 81 | CJ6: 81 | CK6: 81 | CL6: 81 | CM6: 81 | CN6: 78 | CO6: 80 | CP6: 71 | CQ6: 71 | CR6: 84 | CS6: 84 | CT6: 75 | CU6: 79 | CV6: 72 | CW6: 70 | CX6: 64 | CY6: 63 | CZ6: 49 | DA6: 46 | DB6: 48 | DC6: 50 | DD6: 77 | DE6: 62 | DF6: 44 | DG6: 52
A7: 6 | B7: Indigo | C7: East Johto | D7: Blackthorn City | F7: 7 | G7: 6 | I7: 4 | J7: 5 | L7: 1 | M7: 3 | O7: 229 | P7: 213 | Q7: 112 | R7: =0.734+3.814+2.881-7.128-0.321 -> -0.02 | S7: =292+38+42+77+52 -> 501 | T7: =396.569+27.27+20.209+5.621+44.594 -> 494.263 | V7: 55 | W7: 66 | X7: 32 | Y7: =-14.568 -> -14.568 | Z7: =170 -> 170 | AA7: =135.123 -> 135.123 | AC7: =O7+((1/4)*V7) -> 242.75 | AD7: =P7+((1/4)*W7) -> 229.5 | AE7: =Q7+((1/4)*X7) -> 120 | AF7: =R7+((1/4)*Y7) -> -3.662 | AG7: =S7+((1/4)*Z7) -> 543.5 | AH7: =T7+((1/4)*AA7) -> 528.04375 | AI7: =F7+G7+((1/4)*(L7+M7)) -> 14 | AJ7: =IFERROR(AC7/AI7, 0) -> 17.339286 | AK7: =IFERROR(AD7/AI7, 0) -> 16.392857 | AL7: =AJ7-AK7 -> 0.94642857 | AM7: =IFERROR(AC7/AE7, 0) -> 2.0229167 | AN7: =IF((AF7)<0, (AF7/2), AF7)/AI7 -> -0.13078571 | AO7: =(AN7-(SMALL(AN:AN,1)))*(2-(1-((1-BX7)/2)))+MIN(AN:AN) -> -0.26752351 | AP7: =AL7-(IF(AVERAGE(AN7:AO7)<0, AVERAGE(AN7:AO7)*2, AVERAGE(AN7:AO7))) -> 1.3447378 | AQ7: =(AVERAGE((AL7-MIN(AL:AL))*AR7, SQRT((AL7-MIN(AL:AL))*AR7))/100)*BX7 -> 2.5783351 | AR7: =(AG7/AI7) -> 38.821429 | AS7: =IFERROR(AH7/AI7,0) -> 37.717411 | AT7: =IFERROR(IF(SQRT(AS7)>10, 10, SQRT(AS7)), 0) -> 6.1414502 | AU7: 21 | AV7: 0 | AX7: =SUM(AU7:AW7) -> 21 | AZ7: 51 | BA7: =_xlfn.RANK.EQ(BC7,BC:BC, 0) -> 51 | BB7: =AZ7-BA7 -> 0 | BC7: =((BD7*2.25)+(BE7*1.5)+(BF7*1)+(BG7*1)+(BH7*0.75)+(BI7*1)+(BJ7*1)+(BK7*0.75)+(BL7*1)+(BM7*0.75)+(BN7/LARGE(BN:BN,1))*(3/15))/(10+(9/30)) -> 0.54798735 | BD7: =IFERROR(IF((F7+G7)=1, IF(F7=0, 0.333, IF(F7=1, 0.666, 0)), IF((F7+G7)=2, IF(F7=0, 0.166, IF(F7=1, 0.5, IF(F7=2, 0.833, 0))), (F7+(L7/6))/(F7+G7))), 0) -> 0.55128205 | BE7: =IFERROR(IF((I7+J7)=1, IF(I7=0, 0.333, IF(I7=1, 0.666, 0)), IF((I7+J7)=2, IF(I7=0, 0.166, IF(I7=1, 0.5, IF(I7=2, 0.833, 0))), (I7/(I7+J7)))), 0) -> 0.44444444 | BF7: =(AJ7-(SMALL(AJ:AJ, 1)))/((LARGE(AJ:AJ, 1))-(SMALL(AJ:AJ, 1))) -> 0.40885485 | BG7: =1-(AK7-SMALL(AK:AK,1))/(LARGE(AK:AK,1)-SMALL(AK:AK,1)) -> 0.63341382 | BH7: =(AM7-SMALL(AM:AM,1))/(LARGE(AM:AM,1)-SMALL(AM:AM,1)) -> 0.39085042 | BI7: =1-(AO7-SMALL(AO:AO,1))/(LARGE(AO:AO,1)-SMALL(AO:AO,1)) -> 0.69488998 | BJ7: =(AP7+ABS(MIN(AP:AP)))/(MAX(AP:AP)+ABS(MIN(AP:AP))) -> 0.68715373 | BK7: =AVERAGE(AQ7/MAX(AQ:AQ), SQRT(AQ7/MAX(AQ:AQ))) -> 0.38842507 | BL7: =AVERAGE(AT7/MAX(AT:AT), (AT7-SMALL(AT:AT,1))/(LARGE(AT:AT,1)-SMALL(AT:AT,1))) -> 0.59678275 | BM7: =IFERROR(AX7/MAX(AX:AX), 0) -> 0.16666667 | BN7: 5 | BO7: =BN7+AX7 -> 26 | BP7: 39 | BQ7: =BO7+BP7 -> 65 | BR7: -1.6666667 | BS7: 0.54798735 | BT7: 2 | BU7: 6.1414502 | BV7: 0.40885485 | BW7: 0.63341382 | BX7: =IF(A7<17, SoC!O$3, IF(A7<33, SoC!O$4, IF(A7<49, SoC!O$5, IF(A7<65, SoC!O$6, IF(A7<81, SoC!O$7, IF(A7<97, SoC!O$8, SoC!O$9)))))) -> 1.0968296 | BY7: =SQRT(BS7) -> 0.74026168 | BZ7: =IF(BY7<(15/30), "F", IF(BY7<(18/30), "F+", IF(BY7<(19/30), "D-", IF(BY7<(20/30), "D", IF(BY7<(21/30), "D+", IF(BY7<(22/30), "C-", IF(BY7<(23/30), "C", IF(BY7<(24/30), "C+", IF(BY7<(25/30), "B-", IF(BY7<(26/30), "B", IF(BY7<(27/30), "B+", IF(BY7<(28/30), "A-", IF(BY7<(29/30), "A", "A+"))))))))))))) -> C | CA7: =(((BS7-$CA$1)/0.15)*3)+((BU7-$BZ$1)/2) -> 0.39794159 | CB7: =CF7-CE7 -> 0 | CC7: 47 | CD7: Blackthorn City | CE7: 51 | CF7: 51 | CG7: 51 | CH7: 51 | CI7: 51 | CJ7: 51 | CK7: 51 | CL7: 51 | CM7: 51 | CN7: 52 | CO7: 52 | CP7: 56 | CQ7: 56 | CR7: 46 | CS7: 47 | CT7: 52 | CU7: 53 | CV7: 59 | CW7: 60 | CX7: 66 | CY7: 65 | CZ7: 79 | DA7: 86 | DB7: 98 | DC7: 105 | DD7: 97 | DE7: 86 | DF7: 68 | DG7: 66
A8: 7 | B8: Indigo | C8: East Johto | D8: Mahogany Town | F8: 5 | G8: 8 | I8: 4 | J8: 5 | L8: 3 | M8: 8 | O8: =184+14 -> 198 | P8: =192+17 -> 209 | Q8: 107 | R8: =14.676+1.597-5.724-5.955+0.321 -> 4.915 | S8: =563+44+74+68+52 -> 801 | T8: =255.194+78.577+12.595+13.063+14.991 -> 374.42 | V8: =147+14 -> 161 | W8: =171+21 -> 192 | X8: 94 | Y8: =-30.481-6.35-3.233 -> -40.064 | Z8: =632+76+78 -> 786 | AA8: =328.603+16.451+12.599 -> 357.653 | AC8: =O8+((1/4)*V8) -> 238.25 | AD8: =P8+((1/4)*W8) -> 257 | AE8: =Q8+((1/4)*X8) -> 130.5 | AF8: =R8+((1/4)*Y8) -> -5.101 | AG8: =S8+((1/4)*Z8) -> 997.5 | AH8: =T8+((1/4)*AA8) -> 463.83325 | AI8: =F8+G8+((1/4)*(L8+M8)) -> 15.75 | AJ8: =IFERROR(AC8/AI8, 0) -> 15.126984 | AK8: =IFERROR(AD8/AI8, 0) -> 16.31746 | AL8: =AJ8-AK8 -> -1.1904762 | AM8: =IFERROR(AC8/AE8, 0) -> 1.8256705 | AN8: =IF((AF8)<0, (AF8/2), AF8)/AI8 -> -0.16193651 | AO8: =(AN8-(SMALL(AN:AN,1)))*(2-(1-((1-BX8)/2)))+MIN(AN:AN) -> -0.29716614 | AP8: =AL8-(IF(AVERAGE(AN8:AO8)<0, AVERAGE(AN8:AO8)*2, AVERAGE(AN8:AO8))) -> -0.73137354 | AQ8: =(AVERAGE((AL8-MIN(AL:AL))*AR8, SQRT((AL8-MIN(AL:AL))*AR8))/100)*BX8 -> 3.4085263 | AR8: =(AG8/AI8) -> 63.333333 | AS8: =IFERROR(AH8/AI8,0) -> 29.44973 | AT8: =IFERROR(IF(SQRT(AS8)>10, 10, SQRT(AS8)), 0) -> 5.4267606 | AU8: 35 | AV8: 6 | AW8: 14 | AX8: =SUM(AU8:AW8) -> 55 | AZ8: 64 | BA8: =_xlfn.RANK.EQ(BC8,BC:BC, 0) -> 64 | BB8: =AZ8-BA8 -> 0 | BC8: =((BD8*2.25)+(BE8*1.5)+(BF8*1)+(BG8*1)+(BH8*0.75)+(BI8*1)+(BJ8*1)+(BK8*0.75)+(BL8*1)+(BM8*0.75)+(BN8/LARGE(BN:BN,1))*(3/15))/(10+(9/30)) -> 0.48068896 | BD8: =IFERROR(IF((F8+G8)=1, IF(F8=0, 0.333, IF(F8=1, 0.666, 0)), IF((F8+G8)=2, IF(F8=0, 0.166, IF(F8=1, 0.5, IF(F8=2, 0.833, 0))), (F8+(L8/6))/(F8+G8))), 0) -> 0.42307692 | BE8: =IFERROR(IF((I8+J8)=1, IF(I8=0, 0.333, IF(I8=1, 0.666, 0)), IF((I8+J8)=2, IF(I8=0, 0.166, IF(I8=1, 0.5, IF(I8=2, 0.833, 0))), (I8/(I8+J8)))), 0) -> 0.44444444 | BF8: =(AJ8-(SMALL(AJ:AJ, 1)))/((LARGE(AJ:AJ, 1))-(SMALL(AJ:AJ, 1))) -> 0.21945438 | BG8: =1-(AK8-SMALL(AK:AK,1))/(LARGE(AK:AK,1)-SMALL(AK:AK,1)) -> 0.64044839 | BH8: =(AM8-SMALL(AM:AM,1))/(LARGE(AM:AM,1)-SMALL(AM:AM,1)) -> 0.17285023 | BI8: =1-(AO8-SMALL(AO:AO,1))/(LARGE(AO:AO,1)-SMALL(AO:AO,1)) -> 0.69825521 | BJ8: =(AP8+ABS(MIN(AP:AP)))/(MAX(AP:AP)+ABS(MIN(AP:AP))) -> 0.47049078 | BK8: =AVERAGE(AQ8/MAX(AQ:AQ), SQRT(AQ8/MAX(AQ:AQ))) -> 0.46929215 | BL8: =AVERAGE(AT8/MAX(AT:AT), (AT8-SMALL(AT:AT,1))/(LARGE(AT:AT,1)-SMALL(AT:AT,1))) -> 0.48820343 | BM8: =IFERROR(AX8/MAX(AX:AX), 0) -> 0.43650794 | BN8: 5 | BO8: =BN8+AX8 -> 60 | BP8: 27 | BQ8: =BO8+BP8 -> 87 | BR8: -1.6666667 | BS8: 0.48068896 | BT8: 4 | BU8: 5.4267606 | BV8: 0.21945438 | BW8: 0.64044839 | BX8: =IF(A8<17, SoC!O$3, IF(A8<33, SoC!O$4, IF(A8<49, SoC!O$5, IF(A8<65, SoC!O$6, IF(A8<81, SoC!O$7, IF(A8<97, SoC!O$8, SoC!O$9)))))) -> 1.0968296 | BY8: =SQRT(BS8) -> 0.69331736 | BZ8: =IF(BY8<(15/30), "F", IF(BY8<(18/30), "F+", IF(BY8<(19/30), "D-", IF(BY8<(20/30), "D", IF(BY8<(21/30), "D+", IF(BY8<(22/30), "C-", IF(BY8<(23/30), "C", IF(BY8<(24/30), "C+", IF(BY8<(25/30), "B-", IF(BY8<(26/30), "B", IF(BY8<(27/30), "B+", IF(BY8<(28/30), "A-", IF(BY8<(29/30), "A", "A+"))))))))))))) -> D+ | CA8: =(((BS8-$CA$1)/0.15)*3)+((BU8-$BZ$1)/2) -> -1.3053709 | CB8: =CF8-CE8 -> 0 | CC8: 83 | CD8: Mahogany Town | CE8: 64 | CF8: 64 | CG8: 64 | CH8: 64 | CI8: 64 | CJ8: 64 | CK8: 65 | CL8: 65 | CM8: 65 | CN8: 65 | CO8: 64 | CP8: 63 | CQ8: 62 | CR8: 56 | CS8: 56 | CT8: 50 | CU8: 49 | CV8: 58 | CW8: 62 | CX8: 54 | CY8: 58 | CZ8: 50 | DA8: 56 | DB8: 38 | DC8: 21 | DD8: 35 | DE8: 15 | DF8: 27 | DG8: 30
A9: 8 | B9: Indigo | C9: East Johto | D9: Violet City | F9: 10 | G9: 3 | I9: 7 | J9: 2 | L9: 2 | M9: 2 | O9: 251 | P9: 178 | Q9: 128 | R9: =-11.161+5.334+5.529+7.475+5.704 -> 12.881 | S9: =479+53+49+52+62 -> 695 | T9: =401.67+(100.529-0.2645)+78.856+45.512+(168.851-34.4255) -> 760.728 | V9: 65 | W9: 57 | X9: 27 | Y9: =10.811 -> 10.811 | Z9: =167 -> 167 | AA9: =106.569 -> 106.569 | AC9: =O9+((1/4)*V9) -> 267.25 | AD9: =P9+((1/4)*W9) -> 192.25 | AE9: =Q9+((1/4)*X9) -> 134.75 | AF9: =R9+((1/4)*Y9) -> 15.58375 | AG9: =S9+((1/4)*Z9) -> 736.75 | AH9: =T9+((1/4)*AA9) -> 787.37025 | AI9: =F9+G9+((1/4)*(L9+M9)) -> 14 | AJ9: =IFERROR(AC9/AI9, 0) -> 19.089286 | AK9: =IFERROR(AD9/AI9, 0) -> 13.732143 | AL9: =AJ9-AK9 -> 5.3571429 | AM9: =IFERROR(AC9/AE9, 0) -> 1.9833024 | AN9: =IF((AF9)<0, (AF9/2), AF9)/AI9 -> 1.113125 | AO9: =(AN9-(SMALL(AN:AN,1)))*(2-(1-((1-BX9)/2)))+MIN(AN:AN) -> 0.91616352 | AP9: =AL9-(IF(AVERAGE(AN9:AO9)<0, AVERAGE(AN9:AO9)*2, AVERAGE(AN9:AO9))) -> 4.3424986 | AQ9: =(AVERAGE((AL9-MIN(AL:AL))*AR9, SQRT((AL9-MIN(AL:AL))*AR9))/100)*BX9 -> 4.7695433 | AR9: =(AG9/AI9) -> 52.625 | AS9: =IFERROR(AH9/AI9,0) -> 56.240732 | AT9: =IFERROR(IF(SQRT(AS9)>10, 10, SQRT(AS9)), 0) -> 7.4993821 | AU9: 7 | AV9: 12 | AX9: =SUM(AU9:AW9) -> 19 | AZ9: 15 | BA9: =_xlfn.RANK.EQ(BC9,BC:BC, 0) -> 15 | BB9: =AZ9-BA9 -> 0 | BC9: =((BD9*2.25)+(BE9*1.5)+(BF9*1)+(BG9*1)+(BH9*0.75)+(BI9*1)+(BJ9*1)+(BK9*0.75)+(BL9*1)+(BM9*0.75)+(BN9/LARGE(BN:BN,1))*(3/15))/(10+(9/30)) -> 0.73693288 | BD9: =IFERROR(IF((F9+G9)=1, IF(F9=0, 0.333, IF(F9=1, 0.666, 0)), IF((F9+G9)=2, IF(F9=0, 0.166, IF(F9=1, 0.5, IF(F9=2, 0.833, 0))), (F9+(L9/6))/(F9+G9))), 0) -> 0.79487179 | BE9: =IFERROR(IF((I9+J9)=1, IF(I9=0, 0.333, IF(I9=1, 0.666, 0)), IF((I9+J9)=2, IF(I9=0, 0.166, IF(I9=1, 0.5, IF(I9=2, 0.833, 0))), (I9/(I9+J9)))), 0) -> 0.77777778 | BF9: =(AJ9-(SMALL(AJ:AJ, 1)))/((LARGE(AJ:AJ, 1))-(SMALL(AJ:AJ, 1))) -> 0.55867656 | BG9: =1-(AK9-SMALL(AK:AK,1))/(LARGE(AK:AK,1)-SMALL(AK:AK,1)) -> 0.88165994 | BH9: =(AM9-SMALL(AM:AM,1))/(LARGE(AM:AM,1)-SMALL(AM:AM,1)) -> 0.347068 | BI9: =1-(AO9-SMALL(AO:AO,1))/(LARGE(AO:AO,1)-SMALL(AO:AO,1)) -> 0.5605098 | BJ9: =(AP9+ABS(MIN(AP:AP)))/(MAX(AP:AP)+ABS(MIN(AP:AP))) -> 1 | BK9: =AVERAGE(AQ9/MAX(AQ:AQ), SQRT(AQ9/MAX(AQ:AQ))) -> 0.59282373 | BL9: =AVERAGE(AT9/MAX(AT:AT), (AT9-SMALL(AT:AT,1))/(LARGE(AT:AT,1)-SMALL(AT:AT,1))) -> 0.80308674 | BM9: =IFERROR(AX9/MAX(AX:AX), 0) -> 0.15079365 | BN9: 10 | BO9: =BN9+AX9 -> 29 | BP9: 83 | BQ9: =BO9+BP9 -> 112 | BR9: 0 | BS9: 0.73693288 | BT9: 1 | BU9: 7.4993821 | BV9: 0.55867656 | BW9: 0.88165994 | BX9: =IF(A9<17, SoC!O$3, IF(A9<33, SoC!O$4, IF(A9<49, SoC!O$5, IF(A9<65, SoC!O$6, IF(A9<81, SoC!O$7, IF(A9<97, SoC!O$8, SoC!O$9)))))) -> 1.0968296 | BY9: =SQRT(BS9) -> 0.85844795 | BZ9: =IF(BY9<(15/30), "F", IF(BY9<(18/30), "F+", IF(BY9<(19/30), "D-", IF(BY9<(20/30), "D", IF(BY9<(21/30), "D+", IF(BY9<(22/30), "C-", IF(BY9<(23/30), "C", IF(BY9<(24/30), "C+", IF(BY9<(25/30), "B-", IF(BY9<(26/30), "B", IF(BY9<(27/30), "B+", IF(BY9<(28/30), "A-", IF(BY9<(29/30), "A", "A+"))))))))))))) -> B | CA9: =(((BS9-$CA$1)/0.15)*3)+((BU9-$BZ$1)/2) -> 4.8558181 | CB9: =CF9-CE9 -> 0 | CC9: 38 | CD9: Violet City | CE9: 15 | CF9: 15 | CG9: 15 | CH9: 15 | CI9: 15 | CJ9: 15 | CK9: 15 | CL9: 15 | CM9: 17 | CN9: 18 | CO9: 19 | CP9: 23 | CQ9: 25 | CR9: 24 | CS9: 24 | CT9: 29 | CU9: 29 | CV9: 37 | CW9: 36 | CX9: 43 | CY9: 46 | CZ9: 53 | DA9: 44 | DB9: 46 | DC9: 70 | DD9: 79 | DE9: 94 | DF9: 78 | DG9: 75
A10: 9 | B10: Indigo | C10: Central Kanto | D10: Celadon City | F10: 5 | G10: 8 | I10: 2 | J10: 7 | L10: 0 | M10: 2 | O10: =196+16 -> 212 | P10: =221+26 -> 247 | Q10: 106 | R10: =-9.439-5.334+6.603-7.073-6.101 -> -21.344 | S10: =278+53+21+64+62 -> 478 | T10: =201.345+0.424+26.35+24.407+13.937 -> 266.463 | V10: 22 | W10: 31 | X10: 12 | Y10: =-6.443 -> -6.443 | Z10: =87 -> 87 | AA10: =14.58 -> 14.58 | AC10: =O10+((1/4)*V10) -> 217.5 | AD10: =P10+((1/4)*W10) -> 254.75 | AE10: =Q10+((1/4)*X10) -> 109 | AF10: =R10+((1/4)*Y10) -> -22.95475 | AG10: =S10+((1/4)*Z10) -> 499.75 | AH10: =T10+((1/4)*AA10) -> 270.108 | AI10: =F10+G10+((1/4)*(L10+M10)) -> 13.5 | AJ10: =IFERROR(AC10/AI10, 0) -> 16.111111 | AK10: =IFERROR(AD10/AI10, 0) -> 18.87037 | AL10: =AJ10-AK10 -> -2.7592593 | AM10: =IFERROR(AC10/AE10, 0) -> 1.9954128 | AN10: =IF((AF10)<0, (AF10/2), AF10)/AI10 -> -0.85017593 | AO10: =(AN10-(SMALL(AN:AN,1)))*(2-(1-((1-BX10)/2)))+MIN(AN:AN) -> -0.95208459 | AP10: =AL10-(IF(AVERAGE(AN10:AO10)<0, AVERAGE(AN10:AO10)*2, AVERAGE(AN10:AO10))) -> -0.95699874 | AQ10: =(AVERAGE((AL10-MIN(AL:AL))*AR10, SQRT((AL10-MIN(AL:AL))*AR10))/100)*BX10 -> 1.68902 | AR10: =(AG10/AI10) -> 37.018519 | AS10: =IFERROR(AH10/AI10,0) -> 20.008 | AT10: =IFERROR(IF(SQRT(AS10)>10, 10, SQRT(AS10)), 0) -> 4.4730303 | AU10: 14 | AV10: 0 | AX10: =SUM(AU10:AW10) -> 14 | AZ10: 81 | BA10: =_xlfn.RANK.EQ(BC10,BC:BC, 0) -> 81 | BB10: =AZ10-BA10 -> 0 | BC10: =((BD10*2.25)+(BE10*1.5)+(BF10*1)+(BG10*1)+(BH10*0.75)+(BI10*1)+(BJ10*1)+(BK10*0.75)+(BL10*1)+(BM10*0.75)+(BN10/LARGE(BN:BN,1))*(3/15))/(10+(9/30)) -> 0.39305074 | BD10: =IFERROR(IF((F10+G10)=1, IF(F10=0, 0.333, IF(F10=1, 0.666, 0)), IF((F10+G10)=2, IF(F10=0, 0.166, IF(F10=1, 0.5, IF(F10=2, 0.833, 0))), (F10+(L10/6))/(F10+G10))), 0) -> 0.38461538 | BE10: =IFERROR(IF((I10+J10)=1, IF(I10=0, 0.333, IF(I10=1, 0.666, 0)), IF((I10+J10)=2, IF(I10=0, 0.166, IF(I10=1, 0.5, IF(I10=2, 0.833, 0))), (I10/(I10+J10)))), 0) -> 0.22222222 | BF10: =(AJ10-(SMALL(AJ:AJ, 1)))/((LARGE(AJ:AJ, 1))-(SMALL(AJ:AJ, 1))) -> 0.30370786 | BG10: =1-(AK10-SMALL(AK:AK,1))/(LARGE(AK:AK,1)-SMALL(AK:AK,1)) -> 0.40226047 | BH10: =(AM10-SMALL(AM:AM,1))/(LARGE(AM:AM,1)-SMALL(AM:AM,1)) -> 0.36045268 | BI10: =1-(AO10-SMALL(AO:AO,1))/(LARGE(AO:AO,1)-SMALL(AO:AO,1)) -> 0.772606 | BJ10: =(AP10+ABS(MIN(AP:AP)))/(MAX(AP:AP)+ABS(MIN(AP:AP))) -> 0.44694454 | BK10: =AVERAGE(AQ10/MAX(AQ:AQ), SQRT(AQ10/MAX(AQ:AQ))) -> 0.29405132 | BL10: =AVERAGE(AT10/MAX(AT:AT), (AT10-SMALL(AT:AT,1))/(LARGE(AT:AT,1)-SMALL(AT:AT,1))) -> 0.34330783 | BM10: =IFERROR(AX10/MAX(AX:AX), 0) -> 0.11111111 | BN10: 5 | BO10: =BN10+AX10 -> 19 | BP10: 15 | BQ10: =BO10+BP10 -> 34 | BR10: 0 | BS10: 0.39305074 | BT10: 2 | BU10: 4.4730303 | BV10: 0.30370786 | BW10: 0.40226047 | BX10: =IF(A10<17, SoC!O$3, IF(A10<33, SoC!O$4, IF(A10<49, SoC!O$5, IF(A10<65, SoC!O$6, IF(A10<81, SoC!O$7, IF(A10<97, SoC!O$8, SoC!O$9)))))) -> 1.0968296 | BY10: =SQRT(BS10) -> 0.62693759 | BZ10: =IF(BY10<(15/30), "F", IF(BY10<(18/30), "F+", IF(BY10<(19/30), "D-", IF(BY10<(20/30), "D", IF(BY10<(21/30), "D+", IF(BY10<(22/30), "C-", IF(BY10<(23/30), "C", IF(BY10<(24/30), "C+", IF(BY10<(25/30), "B-", IF(BY10<(26/30), "B", IF(BY10<(27/30), "B+", IF(BY10<(28/30), "A-", IF(BY10<(29/30), "A", "A+"))))))))))))) -> D- | CA10: =(((BS10-$CA$1)/0.15)*3)+((BU10-$BZ$1)/2) -> -3.5350005 | CB10: =CF10-CE10 -> 0 | CC10: 51 | CD10: Celadon City | CE10: 81 | CF10: 81 | CG10: 82 | CH10: 82 | CI10: 82 | CJ10: 82 | CK10: 82 | CL10: 82 | CM10: 82 | CN10: 82 | CO10: 82 | CP10: 77 | CQ10: 77 | CR10: 77 | CS10: 77 | CT10: 76 | CU10: 73 | CV10: 71 | CW10: 73 | CX10: 72 | CY10: 71 | CZ10: 84 | DA10: 88 | DB10: 103 | DC10: 91 | DD10: 74 | DE10: 101 | DF10: 86 | DG10: 62
A11: 10 | B11: Indigo | C11: Central Kanto | D11: Cerulean City | F11: 5 | G11: 8 | I11: 3 | J11: 6 | L11: 2 | M11: 4 | O11: 205 | P11: 221 | Q11: 107 | R11: =13.646-1.597-0.412+5.813-3.323 -> 14.127 | S11: =550+44+50+23+39 -> 706 | T11: =314.545+0.768+0+2.356+49.254 -> 366.923 | V11: 103 | W11: 93 | X11: 51 | Y11: =11.723 -> 11.723 | Z11: =365 -> 365 | AA11: =263.272 -> 263.272 | AC11: =O11+((1/4)*V11) -> 230.75 | AD11: =P11+((1/4)*W11) -> 244.25 | AE11: =Q11+((1/4)*X11) -> 119.75 | AF11: =R11+((1/4)*Y11) -> 17.05775 | AG11: =S11+((1/4)*Z11) -> 797.25 | AH11: =T11+((1/4)*AA11) -> 432.741 | AI11: =F11+G11+((1/4)*(L11+M11)) -> 14.5 | AJ11: =IFERROR(AC11/AI11, 0) -> 15.913793 | AK11: =IFERROR(AD11/AI11, 0) -> 16.844828 | AL11: =AJ11-AK11 -> -0.93103448 | AM11: =IFERROR(AC11/AE11, 0) -> 1.9269311 | AN11: =IF((AF11)<0, (AF11/2), AF11)/AI11 -> 1.1763966 | AO11: =(AN11-(SMALL(AN:AN,1)))*(2-(1-((1-BX11)/2)))+MIN(AN:AN) -> 0.9763718 | AP11: =AL11-(IF(AVERAGE(AN11:AO11)<0, AVERAGE(AN11:AO11)*2, AVERAGE(AN11:AO11))) -> -2.0074187 | AQ11: =(AVERAGE((AL11-MIN(AL:AL))*AR11, SQRT((AL11-MIN(AL:AL))*AR11))/100)*BX11 -> 3.0475672 | AR11: =(AG11/AI11) -> 54.982759 | AS11: =IFERROR(AH11/AI11,0) -> 29.844207 | AT11: =IFERROR(IF(SQRT(AS11)>10, 10, SQRT(AS11)), 0) -> 5.4629852 | AU11: 28 | AV11: 6 | AX11: =SUM(AU11:AW11) -> 34 | AZ11: 73 | BA11: =_xlfn.RANK.EQ(BC11,BC:BC, 0) -> 73 | BB11: =AZ11-BA11 -> 0 | BC11: =((BD11*2.25)+(BE11*1.5)+(BF11*1)+(BG11*1)+(BH11*0.75)+(BI11*1)+(BJ11*1)+(BK11*0.75)+(BL11*1)+(BM11*0.75)+(BN11/LARGE(BN:BN,1))*(3/15))/(10+(9/30)) -> 0.43053884 | BD11: =IFERROR(IF((F11+G11)=1, IF(F11=0, 0.333, IF(F11=1, 0.666, 0)), IF((F11+G11)=2, IF(F11=0, 0.166, IF(F11=1, 0.5, IF(F11=2, 0.833, 0))), (F11+(L11/6))/(F11+G11))), 0) -> 0.41025641 | BE11: =IFERROR(IF((I11+J11)=1, IF(I11=0, 0.333, IF(I11=1, 0.666, 0)), IF((I11+J11)=2, IF(I11=0, 0.166, IF(I11=1, 0.5, IF(I11=2, 0.833, 0))), (I11/(I11+J11)))), 0) -> 0.33333333 | BF11: =(AJ11-(SMALL(AJ:AJ, 1)))/((LARGE(AJ:AJ, 1))-(SMALL(AJ:AJ, 1))) -> 0.28681499 | BG11: =1-(AK11-SMALL(AK:AK,1))/(LARGE(AK:AK,1)-SMALL(AK:AK,1)) -> 0.59124473 | BH11: =(AM11-SMALL(AM:AM,1))/(LARGE(AM:AM,1)-SMALL(AM:AM,1)) -> 0.28476537 | BI11: =1-(AO11-SMALL(AO:AO,1))/(LARGE(AO:AO,1)-SMALL(AO:AO,1)) -> 0.55367455 | BJ11: =(AP11+ABS(MIN(AP:AP)))/(MAX(AP:AP)+ABS(MIN(AP:AP))) -> 0.33732273 | BK11: =AVERAGE(AQ11/MAX(AQ:AQ), SQRT(AQ11/MAX(AQ:AQ))) -> 0.43478344 | BL11: =AVERAGE(AT11/MAX(AT:AT), (AT11-SMALL(AT:AT,1))/(LARGE(AT:AT,1)-SMALL(AT:AT,1))) -> 0.49370686 | BM11: =IFERROR(AX11/MAX(AX:AX), 0) -> 0.26984127 | BN11: 5 | BO11: =BN11+AX11 -> 39 | BP11: 20 | BQ11: =BO11+BP11 -> 59 | BR11: -0.66666667 | BS11: 0.43053884 | BT11: 3 | BU11: 5.4629852 | BV11: 0.28681499 | BW11: 0.59124473 | BX11: =IF(A11<17, SoC!O$3, IF(A11<33, SoC!O$4, IF(A11<49, SoC!O$5, IF(A11<65, SoC!O$6, IF(A11<81, SoC!O$7, IF(A11<97, SoC!O$8, SoC!O$9)))))) -> 1.0968296 | BY11: =SQRT(BS11) -> 0.65615458 | BZ11: =IF(BY11<(15/30), "F", IF(BY11<(18/30), "F+", IF(BY11<(19/30), "D-", IF(BY11<(20/30), "D", IF(BY11<(21/30), "D+", IF(BY11<(22/30), "C-", IF(BY11<(23/30), "C", IF(BY11<(24/30), "C+", IF(BY11<(25/30), "B-", IF(BY11<(26/30), "B", IF(BY11<(27/30), "B+", IF(BY11<(28/30), "A-", IF(BY11<(29/30), "A", "A+"))))))))))))) -> D | CA11: =(((BS11-$CA$1)/0.15)*3)+((BU11-$BZ$1)/2) -> -2.2902612 | CB11: =CF11-CE11 -> 0 | CC11: 64 | CD11: Cerulean City | CE11: 73 | CF11: 73 | CG11: 73 | CH11: 73 | CI11: 73 | CJ11: 73 | CK11: 73 | CL11: 73 | CM11: 73 | CN11: 73 | CO11: 73 | CP11: 80 | CQ11: 80 | CR11: 73 | CS11: 72 | CT11: 69 | CU11: 68 | CV11: 65 | CW11: 65 | CX11: 58 | CY11: 52 | CZ11: 33 | DA11: 49 | DB11: 27 | DC11: 27 | DD11: 34 | DE11: 55 | DF11: 28 | DG11: 49
A12: 11 | B12: Indigo | C12: Central Kanto | D12: Saffron City | F12: 6 | G12: 7 | I12: 2 | J12: 7 | L12: 4 | M12: 6 | O12: 224 | P12: 243 | Q12: 122 | R12: =-8.417-3.814+0.14-1.197+3.323 -> -9.965 | S12: =378+38+41+55+39 -> 551 | T12: =292.991+16.826+32.922+64.184+4.981 -> 411.904 | V12: =144+28 -> 172 | W12: =170+15 -> 185 | X12: =80+13 -> 93 | Y12: =-43.744+2.946+0.064 -> -40.734 | Z12: =562+32+34 -> 628 | AA12: =191.201+43.982+(161.919-30.9595) -> 366.1425 | AC12: =O12+((1/4)*V12) -> 267 | AD12: =P12+((1/4)*W12) -> 289.25 | AE12: =Q12+((1/4)*X12) -> 145.25 | AF12: =R12+((1/4)*Y12) -> -20.1485 | AG12: =S12+((1/4)*Z12) -> 708 | AH12: =T12+((1/4)*AA12) -> 503.43962 | AI12: =F12+G12+((1/4)*(L12+M12)) -> 15.5 | AJ12: =IFERROR(AC12/AI12, 0) -> 17.225806 | AK12: =IFERROR(AD12/AI12, 0) -> 18.66129 | AL12: =AJ12-AK12 -> -1.4354839 | AM12: =IFERROR(AC12/AE12, 0) -> 1.83821 | AN12: =IF((AF12)<0, (AF12/2), AF12)/AI12 -> -0.64995161 | AO12: =(AN12-(SMALL(AN:AN,1)))*(2-(1-((1-BX12)/2)))+MIN(AN:AN) -> -0.76155409 | AP12: =AL12-(IF(AVERAGE(AN12:AO12)<0, AVERAGE(AN12:AO12)*2, AVERAGE(AN12:AO12))) -> -0.023978163 | AQ12: =(AVERAGE((AL12-MIN(AL:AL))*AR12, SQRT((AL12-MIN(AL:AL))*AR12))/100)*BX12 -> 2.4125986 | AR12: =(AG12/AI12) -> 45.677419 | AS12: =IFERROR(AH12/AI12,0) -> 32.479976 | AT12: =IFERROR(IF(SQRT(AS12)>10, 10, SQRT(AS12)), 0) -> 5.6991206 | AU12: 21 | AV12: 12 | AW12: 14 | AX12: =SUM(AU12:AW12) -> 47 | AZ12: 66 | BA12: =_xlfn.RANK.EQ(BC12,BC:BC, 0) -> 66 | BB12: =AZ12-BA12 -> 0 | BC12: =((BD12*2.25)+(BE12*1.5)+(BF12*1)+(BG12*1)+(BH12*0.75)+(BI12*1)+(BJ12*1)+(BK12*0.75)+(BL12*1)+(BM12*0.75)+(BN12/LARGE(BN:BN,1))*(3/15))/(10+(9/30)) -> 0.46971808 | BD12: =IFERROR(IF((F12+G12)=1, IF(F12=0, 0.333, IF(F12=1, 0.666, 0)), IF((F12+G12)=2, IF(F12=0, 0.166, IF(F12=1, 0.5, IF(F12=2, 0.833, 0))), (F12+(L12/6))/(F12+G12))), 0) -> 0.51282051 | BE12: =IFERROR(IF((I12+J12)=1, IF(I12=0, 0.333, IF(I12=1, 0.666, 0)), IF((I12+J12)=2, IF(I12=0, 0.166, IF(I12=1, 0.5, IF(I12=2, 0.833, 0))), (I12/(I12+J12)))), 0) -> 0.22222222 | BF12: =(AJ12-(SMALL(AJ:AJ, 1)))/((LARGE(AJ:AJ, 1))-(SMALL(AJ:AJ, 1))) -> 0.39913961 | BG12: =1-(AK12-SMALL(AK:AK,1))/(LARGE(AK:AK,1)-SMALL(AK:AK,1)) -> 0.42176775 | BH12: =(AM12-SMALL(AM:AM,1))/(LARGE(AM:AM,1)-SMALL(AM:AM,1)) -> 0.18670911 | BI12: =1-(AO12-SMALL(AO:AO,1))/(LARGE(AO:AO,1)-SMALL(AO:AO,1)) -> 0.75097568 | BJ12: =(AP12+ABS(MIN(AP:AP)))/(MAX(AP:AP)+ABS(MIN(AP:AP))) -> 0.54431455 | BK12: =AVERAGE(AQ12/MAX(AQ:AQ), SQRT(AQ12/MAX(AQ:AQ))) -> 0.37156929 | BL12: =AVERAGE(AT12/MAX(AT:AT), (AT12-SMALL(AT:AT,1))/(LARGE(AT:AT,1)-SMALL(AT:AT,1))) -> 0.52958177 | BM12: =IFERROR(AX12/MAX(AX:AX), 0) -> 0.37301587 | BN12: 5 | BO12: =BN12+AX12 -> 52 | BP12: 25 | BQ12: =BO12+BP12 -> 77 | BR12: 0 | BS12: 0.46971808 | BT12: 3 | BU12: 5.6991206 | BV12: 0.39913961 | BW12: 0.42176775 | BX12: =IF(A12<17, SoC!O$3, IF(A12<33, SoC!O$4, IF(A12<49, SoC!O$5, IF(A12<65, SoC!O$6, IF(A12<81, SoC!O$7, IF(A12<97, SoC!O$8, SoC!O$9)))))) -> 1.0968296 | BY12: =SQRT(BS12) -> 0.68535982 | BZ12: =IF(BY12<(15/30), "F", IF(BY12<(18/30), "F+", IF(BY12<(19/30), "D-", IF(BY12<(20/30), "D", IF(BY12<(21/30), "D+", IF(BY12<(22/30), "C-", IF(BY12<(23/30), "C", IF(BY12<(24/30), "C+", IF(BY12<(25/30), "B-", IF(BY12<(26/30), "B", IF(BY12<(27/30), "B+", IF(BY12<(28/30), "A-", IF(BY12<(29/30), "A", "A+"))))))))))))) -> D+ | CA12: =(((BS12-$CA$1)/0.15)*3)+((BU12-$BZ$1)/2) -> -1.3886086 | CB12: =CF12-CE12 -> 0 | CC12: 73 | CD12: Saffron City | CE12: 66 | CF12: 66 | CG12: 66 | CH12: 66 | CI12: 66 | CJ12: 66 | CK12: 66 | CL12: 66 | CM12: 66 | CN12: 66 | CO12: 67 | CP12: 64 | CQ12: 64 | CR12: 69 | CS12: 68 | CT12: 70 | CU12: 75 | CV12: 74 | CW12: 74 | CX12: 78 | CY12: 72 | CZ12: 66 | DA12: 67 | DB12: 67 | DC12: 90 | DD12: 83 | DE12: 93 | DF12: 84 | DG12: 40
A13: 12 | B13: Indigo | C13: Central Kanto | D13: Vermilion City | F13: 10 | G13: 3 | I13: 6 | J13: 3 | L13: 7 | M13: 5 | O13: =223+26 -> 249 | P13: =172+16 -> 188 | Q13: 112 | R13: =10.894+5.3+8.48+0.856+6.101 -> 31.631 | S13: =638+64+61+92+62 -> 917 | T13: =393.394+(201.522-51.0147)+40.203+12.007+64.311 -> 660.4223 | V13: 205 | W13: =151+16 -> 167 | X13: 115 | Y13: =0.658-3.482-1.065-5.216-1.614 -> -10.719 | Z13: =590+96+93+89+92 -> 960 | AA13: =371.783+(106.528-3.264)+11.891+26.89+2.749 -> 516.577 | AC13: =O13+((1/4)*V13) -> 300.25 | AD13: =P13+((1/4)*W13) -> 229.75 | AE13: =Q13+((1/4)*X13) -> 140.75 | AF13: =R13+((1/4)*Y13) -> 28.95125 | AG13: =S13+((1/4)*Z13) -> 1157 | AH13: =T13+((1/4)*AA13) -> 789.56655 | AI13: =F13+G13+((1/4)*(L13+M13)) -> 16 | AJ13: =IFERROR(AC13/AI13, 0) -> 18.765625 | AK13: =IFERROR(AD13/AI13, 0) -> 14.359375 | AL13: =AJ13-AK13 -> 4.40625 | AM13: =IFERROR(AC13/AE13, 0) -> 2.1332149 | AN13: =IF((AF13)<0, (AF13/2), AF13)/AI13 -> 1.8094531 | AO13: =(AN13-(SMALL(AN:AN,1)))*(2-(1-((1-BX13)/2)))+MIN(AN:AN) -> 1.5787791 | AP13: =AL13-(IF(AVERAGE(AN13:AO13)<0, AVERAGE(AN13:AO13)*2, AVERAGE(AN13:AO13))) -> 2.7121339 | AQ13: =(AVERAGE((AL13-MIN(AL:AL))*AR13, SQRT((AL13-MIN(AL:AL))*AR13))/100)*BX13 -> 6.1390409 | AR13: =(AG13/AI13) -> 72.3125 | AS13: =IFERROR(AH13/AI13,0) -> 49.347909 | AT13: =IFERROR(IF(SQRT(AS13)>10, 10, SQRT(AS13)), 0) -> 7.0248067 | AU13: 42 | AV13: 12 | AX13: =SUM(AU13:AW13) -> 54 | AZ13: 16 | BA13: =_xlfn.RANK.EQ(BC13,BC:BC, 0) -> 16 | BB13: =AZ13-BA13 -> 0 | BC13: =((BD13*2.25)+(BE13*1.5)+(BF13*1)+(BG13*1)+(BH13*0.75)+(BI13*1)+(BJ13*1)+(BK13*0.75)+(BL13*1)+(BM13*0.75)+(BN13/LARGE(BN:BN,1))*(3/15))/(10+(9/30)) -> 0.73636681 | BD13: =IFERROR(IF((F13+G13)=1, IF(F13=0, 0.333, IF(F13=1, 0.666, 0)), IF((F13+G13)=2, IF(F13=0, 0.166, IF(F13=1, 0.5, IF(F13=2, 0.833, 0))), (F13+(L13/6))/(F13+G13))), 0) -> 0.85897436 | BE13: =IFERROR(IF((I13+J13)=1, IF(I13=0, 0.333, IF(I13=1, 0.666, 0)), IF((I13+J13)=2, IF(I13=0, 0.166, IF(I13=1, 0.5, IF(I13=2, 0.833, 0))), (I13/(I13+J13)))), 0) -> 0.66666667 | BF13: =(AJ13-(SMALL(AJ:AJ, 1)))/((LARGE(AJ:AJ, 1))-(SMALL(AJ:AJ, 1))) -> 0.53096719 | BG13: =1-(AK13-SMALL(AK:AK,1))/(LARGE(AK:AK,1)-SMALL(AK:AK,1)) -> 0.82313883 | BH13: =(AM13-SMALL(AM:AM,1))/(LARGE(AM:AM,1)-SMALL(AM:AM,1)) -> 0.51275414 | BI13: =1-(AO13-SMALL(AO:AO,1))/(LARGE(AO:AO,1)-SMALL(AO:AO,1)) -> 0.48528519 | BJ13: =(AP13+ABS(MIN(AP:AP)))/(MAX(AP:AP)+ABS(MIN(AP:AP))) -> 0.82985517 | BK13: =AVERAGE(AQ13/MAX(AQ:AQ), SQRT(AQ13/MAX(AQ:AQ))) -> 0.7097669 | BL13: =AVERAGE(AT13/MAX(AT:AT), (AT13-SMALL(AT:AT,1))/(LARGE(AT:AT,1)-SMALL(AT:AT,1))) -> 0.73098681 | BM13: =IFERROR(AX13/MAX(AX:AX), 0) -> 0.42857143 | BN13: 10 | BO13: =BN13+AX13 -> 64 | BP13: 82 | BQ13: =BO13+BP13 -> 146 | BR13: 1 | BS13: 0.73636681 | BT13: 2 | BU13: 7.0248067 | BV13: 0.53096719 | BW13: 0.82313883 | BX13: =IF(A13<17, SoC!O$3, IF(A13<33, SoC!O$4, IF(A13<49, SoC!O$5, IF(A13<65, SoC!O$6, IF(A13<81, SoC!O$7, IF(A13<97, SoC!O$8, SoC!O$9)))))) -> 1.0968296 | BY13: =SQRT(BS13) -> 0.85811818 | BZ13: =IF(BY13<(15/30), "F", IF(BY13<(18/30), "F+", IF(BY13<(19/30), "D-", IF(BY13<(20/30), "D", IF(BY13<(21/30), "D+", IF(BY13<(22/30), "C-", IF(BY13<(23/30), "C", IF(BY13<(24/30), "C+", IF(BY13<(25/30), "B-", IF(BY13<(26/30), "B", IF(BY13<(27/30), "B+", IF(BY13<(28/30), "A-", IF(BY13<(29/30), "A", "A+"))))))))))))) -> B | CA13: =(((BS13-$CA$1)/0.15)*3)+((BU13-$BZ$1)/2) -> 4.6072091 | CB13: =CF13-CE13 -> 0 | CC13: 46 | CD13: Vermilion City | CE13: 16 | CF13: 16 | CG13: 16 | CH13: 16 | CI13: 16 | CJ13: 16 | CK13: 16 | CL13: 16 | CM13: 18 | CN13: 17 | CO13: 17 | CP13: 18 | CQ13: 18 | CR13: 14 | CS13: 14 | CT13: 16 | CU13: 15 | CV13: 19 | CW13: 15 | CX13: 22 | CY13: 20 | CZ13: 19 | DA13: 24 | DB13: 43 | DC13: 39 | DD13: 14 | DE13: 22 | DF13: 21 | DG13: 67
A14: 13 | B14: Indigo | C14: Outer Kanto | D14: Cinnabar Island | F14: 13 | G14: 1 | H14: 1 | I14: 9 | J14: 0 | L14: 19 | M14: 11 | O14: =316+27 -> 343 | P14: =163+13 -> 176 | Q14: =127+10 -> 137 | R14: =53.252+6.25+9.978+7.128+5.025+6.875 -> 88.508 | S14: =697+84+75+77+90+93 -> 1116 | T14: =665.0815+56.756+74.17+(158.779-29.3895)+(157.548-28.774)+(159.499-29.7495) -> 1183.9205 | V14: =688+25 -> 713 | W14: =505+27 -> 532 | X14: =249+13 -> 262 | Y14: =60.741+6.822+9.252-1.955+1.371+2.826+6.707+5.174+2.074+6.669+2.588+15.975+10.104+2.948+7.936+4.674+8.937+2.503+7.228+7.203+12.558+5.164+0.404 -> 187.903 | Z14: =758+81+80+102+100+94+101+93+95+94+97+80+97+96+93+95+92+100+103+92+105+102+99 -> 2849 | AA14: =594.5697+(127.781-13.8905)+37.214+48.692+13.438+(140.739-20.3695)+0+(187.682-43.841)+29.495+(129.949-14.9745)+24.993+50.201+0+42.486+71.686+(138.27-19.135)+(446.909-229.1939)+15.793+7.065+(109.232-4.616)+4.336+4.046+38.796 -> 1917.3523 | AC14: =O14+((1/4)*V14) -> 521.25 | AD14: =P14+((1/4)*W14) -> 309 | AE14: =Q14+((1/4)*X14) -> 202.5 | AF14: =R14+((1/4)*Y14) -> 135.48375 | AG14: =S14+((1/4)*Z14) -> 1828.25 | AH14: =T14+((1/4)*AA14) -> 1663.2586 | AI14: =F14+G14+((1/4)*(L14+M14)) -> 21.5 | AJ14: =IFERROR(AC14/AI14, 0) -> 24.244186 | AK14: =IFERROR(AD14/AI14, 0) -> 14.372093 | AL14: =AJ14-AK14 -> 9.872093 | AM14: =IFERROR(AC14/AE14, 0) -> 2.5740741 | AN14: =IF((AF14)<0, (AF14/2), AF14)/AI14 -> 6.3015698 | AO14: =(AN14-(SMALL(AN:AN,1)))*(2-(1-((1-BX14)/2)))+MIN(AN:AN) -> 5.8534108 | AP14: =AL14-(IF(AVERAGE(AN14:AO14)<0, AVERAGE(AN14:AO14)*2, AVERAGE(AN14:AO14))) -> 3.7946027 | AQ14: =(AVERAGE((AL14-MIN(AL:AL))*AR14, SQRT((AL14-MIN(AL:AL))*AR14))/100)*BX14 -> 9.7844332 | AR14: =(AG14/AI14) -> 85.034884 | AS14: =IFERROR(AH14/AI14,0) -> 77.360864 | AT14: =IFERROR(IF(SQRT(AS14)>10, 10, SQRT(AS14)), 0) -> 8.7955025 | AU14: 70 | AV14: 30 | AW14: 26 | AX14: =SUM(AU14:AW14) -> 126 | AZ14: 1 | BA14: =_xlfn.RANK.EQ(BC14,BC:BC, 0) -> 1 | BB14: =AZ14-BA14 -> 0 | BC14: =((BD14*2.25)+(BE14*1.5)+(BF14*1)+(BG14*1)+(BH14*0.75)+(BI14*1)+(BJ14*1)+(BK14*0.75)+(BL14*1)+(BM14*0.75)+(BN14/LARGE(BN:BN,1))*(3/15))/(10+(9/30)) -> 0.99815419 | BD14: =IFERROR(IF((F14+G14)=1, IF(F14=0, 0.333, IF(F14=1, 0.666, 0)), IF((F14+G14)=2, IF(F14=0, 0.166, IF(F14=1, 0.5, IF(F14=2, 0.833, 0))), (F14+(L14/6))/(F14+G14))), 0) -> 1.1547619 | BE14: =IFERROR(IF((I14+J14)=1, IF(I14=0, 0.333, IF(I14=1, 0.666, 0)), IF((I14+J14)=2, IF(I14=0, 0.166, IF(I14=1, 0.5, IF(I14=2, 0.833, 0))), (I14/(I14+J14)))), 0) -> 1 | BF14: =(AJ14-(SMALL(AJ:AJ, 1)))/((LARGE(AJ:AJ, 1))-(SMALL(AJ:AJ, 1))) -> 1 | BG14: =1-(AK14-SMALL(AK:AK,1))/(LARGE(AK:AK,1)-SMALL(AK:AK,1)) -> 0.82195223 | BH14: =(AM14-SMALL(AM:AM,1))/(LARGE(AM:AM,1)-SMALL(AM:AM,1)) -> 1 | BI14: =1-(AO14-SMALL(AO:AO,1))/(LARGE(AO:AO,1)-SMALL(AO:AO,1)) -> 0 | BJ14: =(AP14+ABS(MIN(AP:AP)))/(MAX(AP:AP)+ABS(MIN(AP:AP))) -> 0.9428216 | BK14: =AVERAGE(AQ14/MAX(AQ:AQ), SQRT(AQ14/MAX(AQ:AQ))) -> 1 | BL14: =AVERAGE(AT14/MAX(AT:AT), (AT14-SMALL(AT:AT,1))/(LARGE(AT:AT,1)-SMALL(AT:AT,1))) -> 1 | BM14: =IFERROR(AX14/MAX(AX:AX), 0) -> 1 | BN14: =50+76 -> 126 | BO14: =BN14+AX14 -> 252 | BP14: 128 | BQ14: =BO14+BP14 -> 380 | BR14: 1.6666667 | BS14: 0.99815419 | BT14: 5 | BU14: 8.7955025 | BV14: 1 | BW14: 0.82195223 | BX14: =IF(A14<17, SoC!O$3, IF(A14<33, SoC!O$4, IF(A14<49, SoC!O$5, IF(A14<65, SoC!O$6, IF(A14<81, SoC!O$7, IF(A14<97, SoC!O$8, SoC!O$9)))))) -> 1.0968296 | BY14: =SQRT(BS14) -> 0.99907667 | BZ14: =IF(BY14<(15/30), "F", IF(BY14<(18/30), "F+", IF(BY14<(19/30), "D-", IF(BY14<(20/30), "D", IF(BY14<(21/30), "D+", IF(BY14<(22/30), "C-", IF(BY14<(23/30), "C", IF(BY14<(24/30), "C+", IF(BY14<(25/30), "B-", IF(BY14<(26/30), "B", IF(BY14<(27/30), "B+", IF(BY14<(28/30), "A-", IF(BY14<(29/30), "A", "A+"))))))))))))) -> A+ | CA14: =(((BS14-$CA$1)/0.15)*3)+((BU14-$BZ$1)/2) -> 10.728304 | CB14: =CF14-CE14 -> 0 | CC14: 105 | CD14: Cinnabar Island | CE14: 1 | CF14: 1 | CG14: 1 | CH14: 1 | CI14: 1 | CJ14: 1 | CK14: 1 | CL14: 1 | CM14: 1 | CN14: 1 | CO14: 1 | CP14: 1 | CQ14: 2 | CR14: 3 | CS14: 2 | CT14: 1 | CU14: 1 | CV14: 1 | CW14: 3 | CX14: 2 | CY14: 2 | CZ14: 3 | DA14: 1 | DB14: 1 | DC14: 1 | DD14: 1 | DE14: 3 | DF14: 3 | DG14: 8
A15: 14 | B15: Indigo | C15: Outer Kanto | D15: Fuchsia City | F15: 8 | G15: 5 | I15: 7 | J15: 2 | L15: 8 | M15: 4 | O15: 231 | P15: =178+25 -> 203 | Q15: 105 | R15: =12.58+9.814+3.979+5.995-5.025 -> 27.343 | S15: =520+47+86+68+90 -> 811 | T15: =409.474+(129.977-14.9885)+8.482+50.477+2.253 -> 585.6745 | V15: =208+25 -> 233 | W15: =167+24 -> 191 | X15: 112 | Y15: =16.914+2.385+5.045-8.07-5.445 -> 10.829 | Z15: =487+80+85+89+97 -> 838 | AA15: =538.054+90.206+13.72+0.586+46.922 -> 689.488 | AC15: =O15+((1/4)*V15) -> 289.25 | AD15: =P15+((1/4)*W15) -> 250.75 | AE15: =Q15+((1/4)*X15) -> 133 | AF15: =R15+((1/4)*Y15) -> 30.05025 | AG15: =S15+((1/4)*Z15) -> 1020.5 | AH15: =T15+((1/4)*AA15) -> 758.0465 | AI15: =F15+G15+((1/4)*(L15+M15)) -> 16 | AJ15: =IFERROR(AC15/AI15, 0) -> 18.078125 | AK15: =IFERROR(AD15/AI15, 0) -> 15.671875 | AL15: =AJ15-AK15 -> 2.40625 | AM15: =IFERROR(AC15/AE15, 0) -> 2.174812 | AN15: =IF((AF15)<0, (AF15/2), AF15)/AI15 -> 1.8781406 | AO15: =(AN15-(SMALL(AN:AN,1)))*(2-(1-((1-BX15)/2)))+MIN(AN:AN) -> 1.6441411 | AP15: =AL15-(IF(AVERAGE(AN15:AO15)<0, AVERAGE(AN15:AO15)*2, AVERAGE(AN15:AO15))) -> 0.64510915 | AQ15: =(AVERAGE((AL15-MIN(AL:AL))*AR15, SQRT((AL15-MIN(AL:AL))*AR15))/100)*BX15 -> 4.7138262 | AR15: =(AG15/AI15) -> 63.78125 | AS15: =IFERROR(AH15/AI15,0) -> 47.377906 | AT15: =IFERROR(IF(SQRT(AS15)>10, 10, SQRT(AS15)), 0) -> 6.8831611 | AU15: 42 | AV15: 6 | AX15: =SUM(AU15:AW15) -> 48 | AZ15: 30 | BA15: =_xlfn.RANK.EQ(BC15,BC:BC, 0) -> 30 | BB15: =AZ15-BA15 -> 0 | BC15: =((BD15*2.25)+(BE15*1.5)+(BF15*1)+(BG15*1)+(BH15*0.75)+(BI15*1)+(BJ15*1)+(BK15*0.75)+(BL15*1)+(BM15*0.75)+(BN15/LARGE(BN:BN,1))*(3/15))/(10+(9/30)) -> 0.67139385 | BD15: =IFERROR(IF((F15+G15)=1, IF(F15=0, 0.333, IF(F15=1, 0.666, 0)), IF((F15+G15)=2, IF(F15=0, 0.166, IF(F15=1, 0.5, IF(F15=2, 0.833, 0))), (F15+(L15/6))/(F15+G15))), 0) -> 0.71794872 | BE15: =IFERROR(IF((I15+J15)=1, IF(I15=0, 0.333, IF(I15=1, 0.666, 0)), IF((I15+J15)=2, IF(I15=0, 0.166, IF(I15=1, 0.5, IF(I15=2, 0.833, 0))), (I15/(I15+J15)))), 0) -> 0.77777778 | BF15: =(AJ15-(SMALL(AJ:AJ, 1)))/((LARGE(AJ:AJ, 1))-(SMALL(AJ:AJ, 1))) -> 0.47210866 | BG15: =1-(AK15-SMALL(AK:AK,1))/(LARGE(AK:AK,1)-SMALL(AK:AK,1)) -> 0.70068185 | BH15: =(AM15-SMALL(AM:AM,1))/(LARGE(AM:AM,1)-SMALL(AM:AM,1)) -> 0.55872805 | BI15: =1-(AO15-SMALL(AO:AO,1))/(LARGE(AO:AO,1)-SMALL(AO:AO,1)) -> 0.47786485 | BJ15: =(AP15+ABS(MIN(AP:AP)))/(MAX(AP:AP)+ABS(MIN(AP:AP))) -> 0.61414049 | BK15: =AVERAGE(AQ15/MAX(AQ:AQ), SQRT(AQ15/MAX(AQ:AQ))) -> 0.58793149 | BL15: =AVERAGE(AT15/MAX(AT:AT), (AT15-SMALL(AT:AT,1))/(LARGE(AT:AT,1)-SMALL(AT:AT,1))) -> 0.70946727 | BM15: =IFERROR(AX15/MAX(AX:AX), 0) -> 0.38095238 | BN15: 10 | BO15: =BN15+AX15 -> 58 | BP15: 64 | BQ15: =BO15+BP15 -> 122 | BR15: 1 | BS15: 0.67139385 | BT15: 1 | BU15: 6.8831611 | BV15: 0.47210866 | BW15: 0.70068185 | BX15: =IF(A15<17, SoC!O$3, IF(A15<33, SoC!O$4, IF(A15<49, SoC!O$5, IF(A15<65, SoC!O$6, IF(A15<81, SoC!O$7, IF(A15<97, SoC!O$8, SoC!O$9)))))) -> 1.0968296 | BY15: =SQRT(BS15) -> 0.81938627 | BZ15: =IF(BY15<(15/30), "F", IF(BY15<(18/30), "F+", IF(BY15<(19/30), "D-", IF(BY15<(20/30), "D", IF(BY15<(21/30), "D+", IF(BY15<(22/30), "C-", IF(BY15<(23/30), "C", IF(BY15<(24/30), "C+", IF(BY15<(25/30), "B-", IF(BY15<(26/30), "B", IF(BY15<(27/30), "B+", IF(BY15<(28/30), "A-", IF(BY15<(29/30), "A", "A+"))))))))))))) -> B- | CA15: =(((BS15-$CA$1)/0.15)*3)+((BU15-$BZ$1)/2) -> 3.2369271 | CB15: =CF15-CE15 -> 0 | CC15: 26 | CD15: Fuchsia City | CE15: 30 | CF15: 30 | CG15: 30 | CH15: 30 | CI15: 30 | CJ15: 30 | CK15: 30 | CL15: 30 | CM15: 30 | CN15: 30 | CO15: 29 | CP15: 19 | CQ15: 19 | CR15: 21 | CS15: 21 | CT15: 18 | CU15: 17 | CV15: 20 | CW15: 21 | CX15: 23 | CY15: 35 | CZ15: 44 | DA15: 38 | DB15: 42 | DC15: 40 | DD15: 54 | DE15: 35 | DF15: 50 | DG15: 87
A16: 15 | B16: Indigo | C16: Outer Kanto | D16: Pewter City | F16: 3 | G16: 10 | I16: 2 | J16: 7 | L16: 0 | M16: 2 | O16: =171+25 -> 196 | P16: 265 | Q16: 111 | R16: =-38.357-8.638-5.141-7.475+3.187 -> -56.424 | S16: =456+58+47+52+14 -> 627 | T16: =218.559+25.151+8.754+23.645+15.902 -> 292.011 | V16: 17 | W16: 50 | X16: 12 | Y16: =-9.663 -> -9.663 | Z16: =130 -> 130 | AA16: =2.771 -> 2.771 | AC16: =O16+((1/4)*V16) -> 200.25 | AD16: =P16+((1/4)*W16) -> 277.5 | AE16: =Q16+((1/4)*X16) -> 114 | AF16: =R16+((1/4)*Y16) -> -58.83975 | AG16: =S16+((1/4)*Z16) -> 659.5 | AH16: =T16+((1/4)*AA16) -> 292.70375 | AI16: =F16+G16+((1/4)*(L16+M16)) -> 13.5 | AJ16: =IFERROR(AC16/AI16, 0) -> 14.833333 | AK16: =IFERROR(AD16/AI16, 0) -> 20.555556 | AL16: =AJ16-AK16 -> -5.7222222 | AM16: =IFERROR(AC16/AE16, 0) -> 1.7565789 | AN16: =IF((AF16)<0, (AF16/2), AF16)/AI16 -> -2.17925 | AO16: =(AN16-(SMALL(AN:AN,1)))*(2-(1-((1-BX16)/2)))+MIN(AN:AN) -> -2.2168118 | AP16: =AL16-(IF(AVERAGE(AN16:AO16)<0, AVERAGE(AN16:AO16)*2, AVERAGE(AN16:AO16))) -> -1.3261604 | AQ16: =(AVERAGE((AL16-MIN(AL:AL))*AR16, SQRT((AL16-MIN(AL:AL))*AR16))/100)*BX16 -> 1.3964946 | AR16: =(AG16/AI16) -> 48.851852 | AS16: =IFERROR(AH16/AI16,0) -> 21.681759 | AT16: =IFERROR(IF(SQRT(AS16)>10, 10, SQRT(AS16)), 0) -> 4.6563676 | AU16: 14 | AV16: 0 | AX16: =SUM(AU16:AW16) -> 14 | AZ16: 100 | BA16: =_xlfn.RANK.EQ(BC16,BC:BC, 0) -> 100 | BB16: =AZ16-BA16 -> 0 | BC16: =((BD16*2.25)+(BE16*1.5)+(BF16*1)+(BG16*1)+(BH16*0.75)+(BI16*1)+(BJ16*1)+(BK16*0.75)+(BL16*1)+(BM16*0.75)+(BN16/LARGE(BN:BN,1))*(3/15))/(10+(9/30)) -> 0.32478033 | BD16: =IFERROR(IF((F16+G16)=1, IF(F16=0, 0.333, IF(F16=1, 0.666, 0)), IF((F16+G16)=2, IF(F16=0, 0.166, IF(F16=1, 0.5, IF(F16=2, 0.833, 0))), (F16+(L16/6))/(F16+G16))), 0) -> 0.23076923 | BE16: =IFERROR(IF((I16+J16)=1, IF(I16=0, 0.333, IF(I16=1, 0.666, 0)), IF((I16+J16)=2, IF(I16=0, 0.166, IF(I16=1, 0.5, IF(I16=2, 0.833, 0))), (I16/(I16+J16)))), 0) -> 0.22222222 | BF16: =(AJ16-(SMALL(AJ:AJ, 1)))/((LARGE(AJ:AJ, 1))-(SMALL(AJ:AJ, 1))) -> 0.19431423 | BG16: =1-(AK16-SMALL(AK:AK,1))/(LARGE(AK:AK,1)-SMALL(AK:AK,1)) -> 0.24503176 | BH16: =(AM16-SMALL(AM:AM,1))/(LARGE(AM:AM,1)-SMALL(AM:AM,1)) -> 0.096488944 | BI16: =1-(AO16-SMALL(AO:AO,1))/(LARGE(AO:AO,1)-SMALL(AO:AO,1)) -> 0.91618641 | BJ16: =(AP16+ABS(MIN(AP:AP)))/(MAX(AP:AP)+ABS(MIN(AP:AP))) -> 0.40841883 | BK16: =AVERAGE(AQ16/MAX(AQ:AQ), SQRT(AQ16/MAX(AQ:AQ))) -> 0.26025866 | BL16: =AVERAGE(AT16/MAX(AT:AT), (AT16-SMALL(AT:AT,1))/(LARGE(AT:AT,1)-SMALL(AT:AT,1))) -> 0.37116138 | BM16: =IFERROR(AX16/MAX(AX:AX), 0) -> 0.11111111 | BN16: 5 | BO16: =BN16+AX16 -> 19 | BP16: 5 | BQ16: =BO16+BP16 -> 24 | BR16: -0.66666667 | BS16: 0.32478033 | BT16: 2 | BU16: 4.6563676 | BV16: 0.19431423 | BW16: 0.24503176 | BX16: =IF(A16<17, SoC!O$3, IF(A16<33, SoC!O$4, IF(A16<49, SoC!O$5, IF(A16<65, SoC!O$6, IF(A16<81, SoC!O$7, IF(A16<97, SoC!O$8, SoC!O$9)))))) -> 1.0968296 | BY16: =SQRT(BS16) -> 0.56989502 | BZ16: =IF(BY16<(15/30), "F", IF(BY16<(18/30), "F+", IF(BY16<(19/30), "D-", IF(BY16<(20/30), "D", IF(BY16<(21/30), "D+", IF(BY16<(22/30), "C-", IF(BY16<(23/30), "C", IF(BY16<(24/30), "C+", IF(BY16<(25/30), "B-", IF(BY16<(26/30), "B", IF(BY16<(27/30), "B+", IF(BY16<(28/30), "A-", IF(BY16<(29/30), "A", "A+"))))))))))))) -> F+ | CA16: =(((BS16-$CA$1)/0.15)*3)+((BU16-$BZ$1)/2) -> -4.8087401 | CB16: =CF16-CE16 -> 0 | CC16: 41 | CD16: Pewter City | CE16: 100 | CF16: 100 | CG16: 100 | CH16: 100 | CI16: 100 | CJ16: 100 | CK16: 100 | CL16: 100 | CM16: 100 | CN16: 100 | CO16: 100 | CP16: 98 | CQ16: 98 | CR16: 95 | CS16: 96 | CT16: 92 | CU16: 92 | CV16: 86 | CW16: 95 | CX16: 89 | CY16: 91 | CZ16: 89 | DA16: 102 | DB16: 81 | DC16: 61 | DD16: 82 | DE16: 61 | DF16: 81 | DG16: 72
A17: 16 | B17: Indigo | C17: Outer Kanto | D17: Viridian City | F17: 1 | G17: 12 | I17: 1 | J17: 8 | L17: 6 | M17: 9 | O17: =152+28 -> 180 | P17: =266+25 -> 291 | Q17: 96 | R17: =-29.812-10.264-8.099-1.094-3.187 -> -52.456 | S17: =411+54+39+16+14 -> 534 | T17: =80.96+18.288+11.058+0+48.481 -> 158.787 | V17: 278 | W17: =278+32 -> 310 | X17: 154 | Y17: =-33.46+3.557-16.731-13.337-15.841-18.955 -> -94.767 | Z17: =366+19+3+52+54+55+53 -> 602 | AA17: =381.936+4.002+5.9844+8.13+41.393+11.4+10.884 -> 463.7294 | AC17: =O17+((1/4)*V17) -> 249.5 | AD17: =P17+((1/4)*W17) -> 368.5 | AE17: =Q17+((1/4)*X17) -> 134.5 | AF17: =R17+((1/4)*Y17) -> -76.14775 | AG17: =S17+((1/4)*Z17) -> 684.5 | AH17: =T17+((1/4)*AA17) -> 274.71935 | AI17: =F17+G17+((1/4)*(L17+M17)) -> 16.75 | AJ17: =IFERROR(AC17/AI17, 0) -> 14.895522 | AK17: =IFERROR(AD17/AI17, 0) -> 22 | AL17: =AJ17-AK17 -> -7.1044776 | AM17: =IFERROR(AC17/AE17, 0) -> 1.8550186 | AN17: =IF((AF17)<0, (AF17/2), AF17)/AI17 -> -2.2730672 | AO17: =(AN17-(SMALL(AN:AN,1)))*(2-(1-((1-BX17)/2)))+MIN(AN:AN) -> -2.3060868 | AP17: =AL17-(IF(AVERAGE(AN17:AO17)<0, AVERAGE(AN17:AO17)*2, AVERAGE(AN17:AO17))) -> -2.5253236 | AQ17: =(AVERAGE((AL17-MIN(AL:AL))*AR17, SQRT((AL17-MIN(AL:AL))*AR17))/100)*BX17 -> 0.85318415 | AR17: =(AG17/AI17) -> 40.865672 | AS17: =IFERROR(AH17/AI17,0) -> 16.401155 | AT17: =IFERROR(IF(SQRT(AS17)>10, 10, SQRT(AS17)), 0) -> 4.049834 | AU17: 42 | AV17: 18 | AW17: 23 | AX17: =SUM(AU17:AW17) -> 83 | AZ17: 105 | BA17: =_xlfn.RANK.EQ(BC17,BC:BC, 0) -> 105 | BB17: =AZ17-BA17 -> 0 | BC17: =((BD17*2.25)+(BE17*1.5)+(BF17*1)+(BG17*1)+(BH17*0.75)+(BI17*1)+(BJ17*1)+(BK17*0.75)+(BL17*1)+(BM17*0.75)+(BN17/LARGE(BN:BN,1))*(3/15))/(10+(9/30)) -> 0.30188794 | BD17: =IFERROR(IF((F17+G17)=1, IF(F17=0, 0.333, IF(F17=1, 0.666, 0)), IF((F17+G17)=2, IF(F17=0, 0.166, IF(F17=1, 0.5, IF(F17=2, 0.833, 0))), (F17+(L17/6))/(F17+G17))), 0) -> 0.15384615 | BE17: =IFERROR(IF((I17+J17)=1, IF(I17=0, 0.333, IF(I17=1, 0.666, 0)), IF((I17+J17)=2, IF(I17=0, 0.166, IF(I17=1, 0.5, IF(I17=2, 0.833, 0))), (I17/(I17+J17)))), 0) -> 0.11111111 | BF17: =(AJ17-(SMALL(AJ:AJ, 1)))/((LARGE(AJ:AJ, 1))-(SMALL(AJ:AJ, 1))) -> 0.19963838 | BG17: =1-(AK17-SMALL(AK:AK,1))/(LARGE(AK:AK,1)-SMALL(AK:AK,1)) -> 0.11026429 | BH17: =(AM17-SMALL(AM:AM,1))/(LARGE(AM:AM,1)-SMALL(AM:AM,1)) -> 0.20528629 | BI17: =1-(AO17-SMALL(AO:AO,1))/(LARGE(AO:AO,1)-SMALL(AO:AO,1)) -> 0.92632152 | BJ17: =(AP17+ABS(MIN(AP:AP)))/(MAX(AP:AP)+ABS(MIN(AP:AP))) -> 0.28327418 | BK17: =AVERAGE(AQ17/MAX(AQ:AQ), SQRT(AQ17/MAX(AQ:AQ))) -> 0.19124569 | BL17: =AVERAGE(AT17/MAX(AT:AT), (AT17-SMALL(AT:AT,1))/(LARGE(AT:AT,1)-SMALL(AT:AT,1))) -> 0.27901368 | BM17: =IFERROR(AX17/MAX(AX:AX), 0) -> 0.65873016 | BN17: 5 | BO17: =BN17+AX17 -> 88 | BP17: 3 | BQ17: =BO17+BP17 -> 91 | BR17: 0.33333333 | BS17: 0.30188794 | BT17: 5 | BU17: 4.049834 | BV17: 0.19963838 | BW17: 0.11026429 | BX17: =IF(A17<17, SoC!O$3, IF(A17<33, SoC!O$4, IF(A17<49, SoC!O$5, IF(A17<65, SoC!O$6, IF(A17<81, SoC!O$7, IF(A17<97, SoC!O$8, SoC!O$9)))))) -> 1.0968296 | BY17: =SQRT(BS17) -> 0.5494433 | BZ17: =IF(BY17<(15/30), "F", IF(BY17<(18/30), "F+", IF(BY17<(19/30), "D-", IF(BY17<(20/30), "D", IF(BY17<(21/30), "D+", IF(BY17<(22/30), "C-", IF(BY17<(23/30), "C", IF(BY17<(24/30), "C+", IF(BY17<(25/30), "B-", IF(BY17<(26/30), "B", IF(BY17<(27/30), "B+", IF(BY17<(28/30), "A-", IF(BY17<(29/30), "A", "A+"))))))))))))) -> F+ | CA17: =(((BS17-$CA$1)/0.15)*3)+((BU17-$BZ$1)/2) -> -5.5698546 | CB17: =CF17-CE17 -> 0 | CC17: 125 | CD17: Viridian City | CE17: 105 | CF17: 105 | CG17: 105 | CH17: 105 | CI17: 105 | CJ17: 105 | CK17: 105 | CL17: 105 | CM17: 105 | CN17: 105 | CO17: 105 | CP17: 107 | CQ17: 107 | CR17: 103 | CS17: 103 | CT17: 101 | CU17: 98 | CV17: 95 | CW17: 99 | CX17: 96 | CY17: 85 | CZ17: 90 | DA17: 99 | DB17: 90 | DC17: 85 | DD17: 90 | DE17: 78 | DF17: 57 | DG17: 10
A18: 17 | B18: Delta | C18: Southwest | D18: Dewford Town | F18: 9 | G18: 4 | H18: 13 | I18: 6 | J18: 3 | L18: 15 | M18: 9 | O18: =212+25 -> 237 | P18: 164 | Q18: 99 | R18: =36.483+2.915+11.44-0.779+8.39 -> 58.449 | S18: =739+89+48+90+54 -> 1020 | T18: =623.6523+51.398+15.7+0.546+(334.927-142.8619) -> 883.3614 | V18: =442+24 -> 466 | W18: =384+12 -> 396 | X18: =177+13 -> 190 | Y18: =64.933+4.402+7.226+16.731+13.337+3.963-0.451-0.826-4.068-1.102+2.023+1.876-1.524 -> 106.52 | Z18: =942+83+85+52+54+93+90+96+92+92+91+94+94 -> 1958 | AA18: =770.3985+16.302+0.353+71.289+26.473+11.926+0+46.501+2.847+11.338+47.115+0.815+(102.54-1.27) -> 1106.6275 | AC18: =O18+((1/4)*V18) -> 353.5 | AD18: =P18+((1/4)*W18) -> 263 | AE18: =Q18+((1/4)*X18) -> 146.5 | AF18: =R18+((1/4)*Y18) -> 85.079 | AG18: =S18+((1/4)*Z18) -> 1509.5 | AH18: =T18+((1/4)*AA18) -> 1160.0183 | AI18: =F18+G18+((1/4)*(L18+M18)) -> 19 | AJ18: =IFERROR(AC18/AI18, 0) -> 18.605263 | AK18: =IFERROR(AD18/AI18, 0) -> 13.842105 | AL18: =AJ18-AK18 -> 4.7631579 | AM18: =IFERROR(AC18/AE18, 0) -> 2.4129693 | AN18: =IF((AF18)<0, (AF18/2), AF18)/AI18 -> 4.4778421 | AO18: =(AN18-(SMALL(AN:AN,1)))*(2-(1-((1-BX18)/2)))+MIN(AN:AN) -> 3.9272318 | AP18: =AL18-(IF(AVERAGE(AN18:AO18)<0, AVERAGE(AN18:AO18)*2, AVERAGE(AN18:AO18))) -> 0.56062096 | AQ18: =(AVERAGE((AL18-MIN(AL:AL))*AR18, SQRT((AL18-MIN(AL:AL))*AR18))/100)*BX18 -> 7.2159448 | AR18: =(AG18/AI18) -> 79.447368 | AS18: =IFERROR(AH18/AI18,0) -> 61.053593 | AT18: =IFERROR(IF(SQRT(AS18)>10, 10, SQRT(AS18)), 0) -> 7.8136799 | AU18: 35 | AV18: 24 | AW18: 32 | AX18: =SUM(AU18:AW18) -> 91 | AZ18: 13 | BA18: =_xlfn.RANK.EQ(BC18,BC:BC, 0) -> 13 | BB18: =AZ18-BA18 -> 0 | BC18: =((BD18*2.25)+(BE18*1.5)+(BF18*1)+(BG18*1)+(BH18*0.75)+(BI18*1)+(BJ18*1)+(BK18*0.75)+(BL18*1)+(BM18*0.75)+(BN18/LARGE(BN:BN,1))*(3/15))/(10+(9/30)) -> 0.76555796 | BD18: =IFERROR(IF((F18+G18)=1, IF(F18=0, 0.333, IF(F18=1, 0.666, 0)), IF((F18+G18)=2, IF(F18=0, 0.166, IF(F18=1, 0.5, IF(F18=2, 0.833, 0))), (F18+(L18/6))/(F18+G18))), 0) -> 0.88461538 | BE18: =IFERROR(IF((I18+J18)=1, IF(I18=0, 0.333, IF(I18=1, 0.666, 0)), IF((I18+J18)=2, IF(I18=0, 0.166, IF(I18=1, 0.5, IF(I18=2, 0.833, 0))), (I18/(I18+J18)))), 0) -> 0.66666667 | BF18: =(AJ18-(SMALL(AJ:AJ, 1)))/((LARGE(AJ:AJ, 1))-(SMALL(AJ:AJ, 1))) -> 0.51723823 | BG18: =1-(AK18-SMALL(AK:AK,1))/(LARGE(AK:AK,1)-SMALL(AK:AK,1)) -> 0.87140038 | BH18: =(AM18-SMALL(AM:AM,1))/(LARGE(AM:AM,1)-SMALL(AM:AM,1)) -> 0.82194394 | BI18: =1-(AO18-SMALL(AO:AO,1))/(LARGE(AO:AO,1)-SMALL(AO:AO,1)) -> 0.21867291 | BJ18: =(AP18+ABS(MIN(AP:AP)))/(MAX(AP:AP)+ABS(MIN(AP:AP))) -> 0.60532331 | BK18: =AVERAGE(AQ18/MAX(AQ:AQ), SQRT(AQ18/MAX(AQ:AQ))) -> 0.79813306 | BL18: =AVERAGE(AT18/MAX(AT:AT), (AT18-SMALL(AT:AT,1))/(LARGE(AT:AT,1)-SMALL(AT:AT,1))) -> 0.85083647 | BM18: =IFERROR(AX18/MAX(AX:AX), 0) -> 0.72222222 | BN18: =10+46 -> 56 | BO18: =BN18+AX18 -> 147 | BP18: 88 | BQ18: =BO18+BP18 -> 235 | BR18: 1.6666667 | BS18: 0.76555796 | BT18: 4 | BU18: 7.8136799 | BV18: 0.51723823 | BW18: 0.87140038 | BX18: =IF(A18<17, SoC!O$3, IF(A18<33, SoC!O$4, IF(A18<49, SoC!O$5, IF(A18<65, SoC!O$6, IF(A18<81, SoC!O$7, IF(A18<97, SoC!O$8, SoC!O$9)))))) -> 1.1481544 | BY18: =SQRT(BS18) -> 0.87496169 | BZ18: =IF(BY18<(15/30), "F", IF(BY18<(18/30), "F+", IF(BY18<(19/30), "D-", IF(BY18<(20/30), "D", IF(BY18<(21/30), "D+", IF(BY18<(22/30), "C-", IF(BY18<(23/30), "C", IF(BY18<(24/30), "C+", IF(BY18<(25/30), "B-", IF(BY18<(26/30), "B", IF(BY18<(27/30), "B+", IF(BY18<(28/30), "A-", IF(BY18<(29/30), "A", "A+"))))))))))))) -> B+ | CA18: =(((BS18-$CA$1)/0.15)*3)+((BU18-$BZ$1)/2) -> 5.5854687 | CB18: =CF18-CE18 -> 0 | CC18: 88 | CD18: Dewford Town | CE18: 13 | CF18: 13 | CG18: 13 | CH18: 13 | CI18: 13 | CJ18: 13 | CK18: 13 | CL18: 13 | CM18: 14 | CN18: 14 | CO18: 13 | CP18: 17 | CQ18: 17 | CR18: 13 | CS18: 13 | CT18: 15 | CU18: 9 | CV18: 12 | CW18: 12 | CX18: 7 | CY18: 8 | CZ18: 12 | DA18: 10 | DB18: 8 | DC18: 2 | DD18: 2 | DE18: 2 | DF18: 4 | DG18: 25
A19: 18 | B19: Delta | C19: Southwest | D19: Littleroot Town | F19: 9 | G19: 4 | I19: 5 | J19: 4 | L19: 2 | M19: 2 | O19: 273 | P19: 196 | Q19: =117+16 -> 133 | R19: =7.519+9.12+4.285+0.463+3.648 -> 25.035 | S19: =447+40+54+73+60 -> 674 | T19: =489.621+27.663+65.722+9.638+(396.021-188.6824) -> 799.9826 | V19: 73 | W19: 57 | X19: 36 | Y19: =3.276 -> 3.276 | Z19: =248 -> 248 | AA19: =239.523 -> 239.523 | AC19: =O19+((1/4)*V19) -> 291.25 | AD19: =P19+((1/4)*W19) -> 210.25 | AE19: =Q19+((1/4)*X19) -> 142 | AF19: =R19+((1/4)*Y19) -> 25.854 | AG19: =S19+((1/4)*Z19) -> 736 | AH19: =T19+((1/4)*AA19) -> 859.86335 | AI19: =F19+G19+((1/4)*(L19+M19)) -> 14 | AJ19: =IFERROR(AC19/AI19, 0) -> 20.803571 | AK19: =IFERROR(AD19/AI19, 0) -> 15.017857 | AL19: =AJ19-AK19 -> 5.7857143 | AM19: =IFERROR(AC19/AE19, 0) -> 2.0510563 | AN19: =IF((AF19)<0, (AF19/2), AF19)/AI19 -> 1.8467143 | AO19: =(AN19-(SMALL(AN:AN,1)))*(2-(1-((1-BX19)/2)))+MIN(AN:AN) -> 1.4910105 | AP19: =AL19-(IF(AVERAGE(AN19:AO19)<0, AVERAGE(AN19:AO19)*2, AVERAGE(AN19:AO19))) -> 4.1168519 | AQ19: =(AVERAGE((AL19-MIN(AL:AL))*AR19, SQRT((AL19-MIN(AL:AL))*AR19))/100)*BX19 -> 5.1192904 | AR19: =(AG19/AI19) -> 52.571429 | AS19: =IFERROR(AH19/AI19,0) -> 61.418811 | AT19: =IFERROR(IF(SQRT(AS19)>10, 10, SQRT(AS19)), 0) -> 7.8370154 | AU19: 14 | AV19: 6 | AX19: =SUM(AU19:AW19) -> 20 | AZ19: 26 | BA19: =_xlfn.RANK.EQ(BC19,BC:BC, 0) -> 26 | BB19: =AZ19-BA19 -> 0 | BC19: =((BD19*2.25)+(BE19*1.5)+(BF19*1)+(BG19*1)+(BH19*0.75)+(BI19*1)+(BJ19*1)+(BK19*0.75)+(BL19*1)+(BM19*0.75)+(BN19/LARGE(BN:BN,1))*(3/15))/(10+(9/30)) -> 0.69497469 | BD19: =IFERROR(IF((F19+G19)=1, IF(F19=0, 0.333, IF(F19=1, 0.666, 0)), IF((F19+G19)=2, IF(F19=0, 0.166, IF(F19=1, 0.5, IF(F19=2, 0.833, 0))), (F19+(L19/6))/(F19+G19))), 0) -> 0.71794872 | BE19: =IFERROR(IF((I19+J19)=1, IF(I19=0, 0.333, IF(I19=1, 0.666, 0)), IF((I19+J19)=2, IF(I19=0, 0.166, IF(I19=1, 0.5, IF(I19=2, 0.833, 0))), (I19/(I19+J19)))), 0) -> 0.55555556 | BF19: =(AJ19-(SMALL(AJ:AJ, 1)))/((LARGE(AJ:AJ, 1))-(SMALL(AJ:AJ, 1))) -> 0.70544069 | BG19: =1-(AK19-SMALL(AK:AK,1))/(LARGE(AK:AK,1)-SMALL(AK:AK,1)) -> 0.76170208 | BH19: =(AM19-SMALL(AM:AM,1))/(LARGE(AM:AM,1)-SMALL(AM:AM,1)) -> 0.42195092 | BI19: =1-(AO19-SMALL(AO:AO,1))/(LARGE(AO:AO,1)-SMALL(AO:AO,1)) -> 0.49524927 | BJ19: =(AP19+ABS(MIN(AP:AP)))/(MAX(AP:AP)+ABS(MIN(AP:AP))) -> 0.97645151 | BK19: =AVERAGE(AQ19/MAX(AQ:AQ), SQRT(AQ19/MAX(AQ:AQ))) -> 0.6232693 | BL19: =AVERAGE(AT19/MAX(AT:AT), (AT19-SMALL(AT:AT,1))/(LARGE(AT:AT,1)-SMALL(AT:AT,1))) -> 0.85438172 | BM19: =IFERROR(AX19/MAX(AX:AX), 0) -> 0.15873016 | BN19: 10 | BO19: =BN19+AX19 -> 30 | BP19: 69 | BQ19: =BO19+BP19 -> 99 | BR19: 0.33333333 | BS19: 0.69497469 | BT19: 1 | BU19: 7.8370154 | BV19: 0.70544069 | BW19: 0.76170208 | BX19: =IF(A19<17, SoC!O$3, IF(A19<33, SoC!O$4, IF(A19<49, SoC!O$5, IF(A19<65, SoC!O$6, IF(A19<81, SoC!O$7, IF(A19<97, SoC!O$8, SoC!O$9)))))) -> 1.1481544 | BY19: =SQRT(BS19) -> 0.83365142 | BZ19: =IF(BY19<(15/30), "F", IF(BY19<(18/30), "F+", IF(BY19<(19/30), "D-", IF(BY19<(20/30), "D", IF(BY19<(21/30), "D+", IF(BY19<(22/30), "C-", IF(BY19<(23/30), "C", IF(BY19<(24/30), "C+", IF(BY19<(25/30), "B-", IF(BY19<(26/30), "B", IF(BY19<(27/30), "B+", IF(BY19<(28/30), "A-", IF(BY19<(29/30), "A", "A+"))))))))))))) -> B | CA19: =(((BS19-$CA$1)/0.15)*3)+((BU19-$BZ$1)/2) -> 4.1854711 | CB19: =CF19-CE19 -> 0 | CC19: 3 | CD19: Littleroot Town | CE19: 26 | CF19: 26 | CG19: 26 | CH19: 26 | CI19: 26 | CJ19: 26 | CK19: 26 | CL19: 26 | CM19: 27 | CN19: 27 | CO19: 26 | CP19: 37 | CQ19: 36 | CR19: 31 | CS19: 31 | CT19: 35 | CU19: 33 | CV19: 35 | CW19: 34 | CX19: 45 | CY19: 50 | CZ19: 40 | DA19: 48 | DB19: 37 | DC19: 45 | DD19: 62 | DE19: 69 | DF19: 104 | DG19: 110
A20: 19 | B20: Delta | C20: Southwest | D20: Oldale Town | F20: 6 | G20: 7 | I20: 4 | J20: 5 | L20: 6 | M20: 8 | O20: 200 | P20: 255 | Q20: 111 | R20: =0.774+6.803-8.232-3.202-3.648 -> -7.505 | S20: =412+33+76+68+60 -> 649 | T20: =305.356+69.588+17.253+3.737+0.586 -> 396.52 | V20: =228+11 -> 239 | W20: =232+25 -> 257 | X20: 125 | Y20: =-9.184-6.822-9.252+1.26-1.337 -> -25.335 | Z20: =609+81+80+70+70 -> 910 | AA20: =541.538+17.495+38.769+48.906+0 -> 646.708 | AC20: =O20+((1/4)*V20) -> 259.75 | AD20: =P20+((1/4)*W20) -> 319.25 | AE20: =Q20+((1/4)*X20) -> 142.25 | AF20: =R20+((1/4)*Y20) -> -13.83875 | AG20: =S20+((1/4)*Z20) -> 876.5 | AH20: =T20+((1/4)*AA20) -> 558.197 | AI20: =F20+G20+((1/4)*(L20+M20)) -> 16.5 | AJ20: =IFERROR(AC20/AI20, 0) -> 15.742424 | AK20: =IFERROR(AD20/AI20, 0) -> 19.348485 | AL20: =AJ20-AK20 -> -3.6060606 | AM20: =IFERROR(AC20/AE20, 0) -> 1.8260105 | AN20: =IF((AF20)<0, (AF20/2), AF20)/AI20 -> -0.41935606 | AO20: =(AN20-(SMALL(AN:AN,1)))*(2-(1-((1-BX20)/2)))+MIN(AN:AN) -> -0.60719565 | AP20: =AL20-(IF(AVERAGE(AN20:AO20)<0, AVERAGE(AN20:AO20)*2, AVERAGE(AN20:AO20))) -> -2.5795089 | AQ20: =(AVERAGE((AL20-MIN(AL:AL))*AR20, SQRT((AL20-MIN(AL:AL))*AR20))/100)*BX20 -> 2.2491911 | AR20: =(AG20/AI20) -> 53.121212 | AS20: =IFERROR(AH20/AI20,0) -> 33.830121 | AT20: =IFERROR(IF(SQRT(AS20)>10, 10, SQRT(AS20)), 0) -> 5.8163667 | AU20: 35 | AV20: 12 | AW20: 11 | AX20: =SUM(AU20:AW20) -> 58 | AZ20: 68 | BA20: =_xlfn.RANK.EQ(BC20,BC:BC, 0) -> 68 | BB20: =AZ20-BA20 -> 0 | BC20: =((BD20*2.25)+(BE20*1.5)+(BF20*1)+(BG20*1)+(BH20*0.75)+(BI20*1)+(BJ20*1)+(BK20*0.75)+(BL20*1)+(BM20*0.75)+(BN20/LARGE(BN:BN,1))*(3/15))/(10+(9/30)) -> 0.46740664 | BD20: =IFERROR(IF((F20+G20)=1, IF(F20=0, 0.333, IF(F20=1, 0.666, 0)), IF((F20+G20)=2, IF(F20=0, 0.166, IF(F20=1, 0.5, IF(F20=2, 0.833, 0))), (F20+(L20/6))/(F20+G20))), 0) -> 0.53846154 | BE20: =IFERROR(IF((I20+J20)=1, IF(I20=0, 0.333, IF(I20=1, 0.666, 0)), IF((I20+J20)=2, IF(I20=0, 0.166, IF(I20=1, 0.5, IF(I20=2, 0.833, 0))), (I20/(I20+J20)))), 0) -> 0.44444444 | BF20: =(AJ20-(SMALL(AJ:AJ, 1)))/((LARGE(AJ:AJ, 1))-(SMALL(AJ:AJ, 1))) -> 0.27214369 | BG20: =1-(AK20-SMALL(AK:AK,1))/(LARGE(AK:AK,1)-SMALL(AK:AK,1)) -> 0.35765212 | BH20: =(AM20-SMALL(AM:AM,1))/(LARGE(AM:AM,1)-SMALL(AM:AM,1)) -> 0.17322606 | BI20: =1-(AO20-SMALL(AO:AO,1))/(LARGE(AO:AO,1)-SMALL(AO:AO,1)) -> 0.73345186 | BJ20: =(AP20+ABS(MIN(AP:AP)))/(MAX(AP:AP)+ABS(MIN(AP:AP))) -> 0.2776194 | BK20: =AVERAGE(AQ20/MAX(AQ:AQ), SQRT(AQ20/MAX(AQ:AQ))) -> 0.35466333 | BL20: =AVERAGE(AT20/MAX(AT:AT), (AT20-SMALL(AT:AT,1))/(LARGE(AT:AT,1)-SMALL(AT:AT,1))) -> 0.54739439 | BM20: =IFERROR(AX20/MAX(AX:AX), 0) -> 0.46031746 | BN20: 5 | BO20: =BN20+AX20 -> 63 | BP20: 24 | BQ20: =BO20+BP20 -> 87 | BR20: 0.33333333 | BS20: 0.46740664 | BT20: 3 | BU20: 5.8163667 | BV20: 0.27214369 | BW20: 0.35765212 | BX20: =IF(A20<17, SoC!O$3, IF(A20<33, SoC!O$4, IF(A20<49, SoC!O$5, IF(A20<65, SoC!O$6, IF(A20<81, SoC!O$7, IF(A20<97, SoC!O$8, SoC!O$9)))))) -> 1.1481544 | BY20: =SQRT(BS20) -> 0.68367144 | BZ20: =IF(BY20<(15/30), "F", IF(BY20<(18/30), "F+", IF(BY20<(19/30), "D-", IF(BY20<(20/30), "D", IF(BY20<(21/30), "D+", IF(BY20<(22/30), "C-", IF(BY20<(23/30), "C", IF(BY20<(24/30), "C+", IF(BY20<(25/30), "B-", IF(BY20<(26/30), "B", IF(BY20<(27/30), "B+", IF(BY20<(28/30), "A-", IF(BY20<(29/30), "A", "A+"))))))))))))) -> D+ | CA20: =(((BS20-$CA$1)/0.15)*3)+((BU20-$BZ$1)/2) -> -1.3762144 | CB20: =CF20-CE20 -> 0 | CC20: 68 | CD20: Oldale Town | CE20: 68 | CF20: 68 | CG20: 68 | CH20: 68 | CI20: 68 | CJ20: 68 | CK20: 68 | CL20: 68 | CM20: 68 | CN20: 67 | CO20: 66 | CP20: 55 | CQ20: 54 | CR20: 48 | CS20: 49 | CT20: 46 | CU20: 43 | CV20: 50 | CW20: 54 | CX20: 57 | CY20: 61 | CZ20: 47 | DA20: 55 | DB20: 76 | DC20: 58 | DD20: 87 | DE20: 64 | DF20: 90 | DG20: 45
A21: 20 | B21: Delta | C21: Southwest | D21: Petalburg City | F21: 5 | G21: 8 | I21: 2 | J21: 7 | L21: 1 | M21: 2 | O21: 169 | P21: =222+25 -> 247 | Q21: 101 | R21: =-7.357-2.724-0.718-4.601-8.39 -> -23.79 | S21: =335+35+21+40+54 -> 485 | T21: =222.22+40.986+0+9.597+0.78 -> 273.583 | V21: 46 | W21: 57 | X21: 24 | Y21: =-1.832 -> -1.832 | Z21: =120 -> 120 | AA21: =90.54 -> 90.54 | AC21: =O21+((1/4)*V21) -> 180.5 | AD21: =P21+((1/4)*W21) -> 261.25 | AE21: =Q21+((1/4)*X21) -> 107 | AF21: =R21+((1/4)*Y21) -> -24.248 | AG21: =S21+((1/4)*Z21) -> 515 | AH21: =T21+((1/4)*AA21) -> 296.218 | AI21: =F21+G21+((1/4)*(L21+M21)) -> 13.75 | AJ21: =IFERROR(AC21/AI21, 0) -> 13.127273 | AK21: =IFERROR(AD21/AI21, 0) -> 19 | AL21: =AJ21-AK21 -> -5.8727273 | AM21: =IFERROR(AC21/AE21, 0) -> 1.6869159 | AN21: =IF((AF21)<0, (AF21/2), AF21)/AI21 -> -0.88174545 | AO21: =(AN21-(SMALL(AN:AN,1)))*(2-(1-((1-BX21)/2)))+MIN(AN:AN) -> -1.0353325 | AP21: =AL21-(IF(AVERAGE(AN21:AO21)<0, AVERAGE(AN21:AO21)*2, AVERAGE(AN21:AO21))) -> -3.9556493 | AQ21: =(AVERAGE((AL21-MIN(AL:AL))*AR21, SQRT((AL21-MIN(AL:AL))*AR21))/100)*BX21 -> 1.0968934 | AR21: =(AG21/AI21) -> 37.454545 | AS21: =IFERROR(AH21/AI21,0) -> 21.543127 | AT21: =IFERROR(IF(SQRT(AS21)>10, 10, SQRT(AS21)), 0) -> 4.6414575 | AU21: 14 | AV21: 0 | AX21: =SUM(AU21:AW21) -> 14 | AZ21: 102 | BA21: =_xlfn.RANK.EQ(BC21,BC:BC, 0) -> 102 | BB21: =AZ21-BA21 -> 0 | BC21: =((BD21*2.25)+(BE21*1.5)+(BF21*1)+(BG21*1)+(BH21*0.75)+(BI21*1)+(BJ21*1)+(BK21*0.75)+(BL21*1)+(BM21*0.75)+(BN21/LARGE(BN:BN,1))*(3/15))/(10+(9/30)) -> 0.31292843 | BD21: =IFERROR(IF((F21+G21)=1, IF(F21=0, 0.333, IF(F21=1, 0.666, 0)), IF((F21+G21)=2, IF(F21=0, 0.166, IF(F21=1, 0.5, IF(F21=2, 0.833, 0))), (F21+(L21/6))/(F21+G21))), 0) -> 0.3974359 | BE21: =IFERROR(IF((I21+J21)=1, IF(I21=0, 0.333, IF(I21=1, 0.666, 0)), IF((I21+J21)=2, IF(I21=0, 0.166, IF(I21=1, 0.5, IF(I21=2, 0.833, 0))), (I21/(I21+J21)))), 0) -> 0.22222222 | BF21: =(AJ21-(SMALL(AJ:AJ, 1)))/((LARGE(AJ:AJ, 1))-(SMALL(AJ:AJ, 1))) -> 0.048254267 | BG21: =1-(AK21-SMALL(AK:AK,1))/(LARGE(AK:AK,1)-SMALL(AK:AK,1)) -> 0.39016595 | BH21: =(AM21-SMALL(AM:AM,1))/(LARGE(AM:AM,1)-SMALL(AM:AM,1)) -> 0.019496015 | BI21: =1-(AO21-SMALL(AO:AO,1))/(LARGE(AO:AO,1)-SMALL(AO:AO,1)) -> 0.78205687 | BJ21: =(AP21+ABS(MIN(AP:AP)))/(MAX(AP:AP)+ABS(MIN(AP:AP))) -> 0.13400541 | BK21: =AVERAGE(AQ21/MAX(AQ:AQ), SQRT(AQ21/MAX(AQ:AQ))) -> 0.22346414 | BL21: =AVERAGE(AT21/MAX(AT:AT), (AT21-SMALL(AT:AT,1))/(LARGE(AT:AT,1)-SMALL(AT:AT,1))) -> 0.36889615 | BM21: =IFERROR(AX21/MAX(AX:AX), 0) -> 0.11111111 | BN21: 5 | BO21: =BN21+AX21 -> 19 | BP21: 4 | BQ21: =BO21+BP21 -> 23 | BR21: 0.33333333 | BS21: 0.31292843 | BT21: 1 | BU21: 4.6414575 | BV21: 0.048254267 | BW21: 0.39016595 | BX21: =IF(A21<17, SoC!O$3, IF(A21<33, SoC!O$4, IF(A21<49, SoC!O$5, IF(A21<65, SoC!O$6, IF(A21<81, SoC!O$7, IF(A21<97, SoC!O$8, SoC!O$9)))))) -> 1.1481544 | BY21: =SQRT(BS21) -> 0.55940007 | BZ21: =IF(BY21<(15/30), "F", IF(BY21<(18/30), "F+", IF(BY21<(19/30), "D-", IF(BY21<(20/30), "D", IF(BY21<(21/30), "D+", IF(BY21<(22/30), "C-", IF(BY21<(23/30), "C", IF(BY21<(24/30), "C+", IF(BY21<(25/30), "B-", IF(BY21<(26/30), "B", IF(BY21<(27/30), "B+", IF(BY21<(28/30), "A-", IF(BY21<(29/30), "A", "A+"))))))))))))) -> F+ | CA21: =(((BS21-$CA$1)/0.15)*3)+((BU21-$BZ$1)/2) -> -5.0532331 | CB21: =CF21-CE21 -> 0 | CC21: 20 | CD21: Petalburg City | CE21: 102 | CF21: 102 | CG21: 102 | CH21: 102 | CI21: 102 | CJ21: 102 | CK21: 102 | CL21: 102 | CM21: 102 | CN21: 102 | CO21: 102 | CP21: 96 | CQ21: 96 | CR21: 90 | CS21: 90 | CT21: 84 | CU21: 81 | CV21: 89 | CW21: 90 | CX21: 90 | CY21: 94 | CZ21: 81 | DA21: 89 | DB21: 89 | DC21: 77 | DD21: 58 | DE21: 77 | DF21: 54 | DG21: 93
A22: 21 | B22: Delta | C22: Northwest | D22: Fallarbor Town | F22: 10 | G22: 4 | I22: 7 | J22: 2 | L22: 11 | M22: 9 | O22: =255+18 -> 273 | P22: =212+22 -> 234 | Q22: 142 | R22: =7.236-1.873+1.885-1.021+7.217-3.455 -> 9.989 | S22: =566+94+75+87+53+90 -> 965 | T22: =417.499+50.25+50.935+7.118+(160.849-80.4245)+20.671 -> 626.8975 | V22: 336 | W22: =297+22 -> 319 | X22: =138+11 -> 149 | Y22: =47.288-2.258+0.479+0.049-2.671+8.247+11.57-4.67-8.881 -> 49.153 | Z22: =754+90+91+91+93+66+53+89+87 -> 1414 | AA22: =389.899+1.909+22.893+16.462+(142.213-21.1065)+7.573+59.285+8.092+25.453 -> 652.6725 | AC22: =O22+((1/4)*V22) -> 357 | AD22: =P22+((1/4)*W22) -> 313.75 | AE22: =Q22+((1/4)*X22) -> 179.25 | AF22: =R22+((1/4)*Y22) -> 22.27725 | AG22: =S22+((1/4)*Z22) -> 1318.5 | AH22: =T22+((1/4)*AA22) -> 790.06562 | AI22: =F22+G22+((1/4)*(L22+M22)) -> 19 | AJ22: =IFERROR(AC22/AI22, 0) -> 18.789474 | AK22: =IFERROR(AD22/AI22, 0) -> 16.513158 | AL22: =AJ22-AK22 -> 2.2763158 | AM22: =IFERROR(AC22/AE22, 0) -> 1.9916318 | AN22: =IF((AF22)<0, (AF22/2), AF22)/AI22 -> 1.1724868 | AO22: =(AN22-(SMALL(AN:AN,1)))*(2-(1-((1-BX22)/2)))+MIN(AN:AN) -> 0.86672798 | AP22: =AL22-(IF(AVERAGE(AN22:AO22)<0, AVERAGE(AN22:AO22)*2, AVERAGE(AN22:AO22))) -> 1.2567084 | AQ22: =(AVERAGE((AL22-MIN(AL:AL))*AR22, SQRT((AL22-MIN(AL:AL))*AR22))/100)*BX22 -> 5.3086277 | AR22: =(AG22/AI22) -> 69.394737 | AS22: =IFERROR(AH22/AI22,0) -> 41.582401 | AT22: =IFERROR(IF(SQRT(AS22)>10, 10, SQRT(AS22)), 0) -> 6.4484418 | AU22: 35 | AV22: 18 | AW22: 17 | AX22: =SUM(AU22:AW22) -> 70 | AZ22: 21 | BA22: =_xlfn.RANK.EQ(BC22,BC:BC, 0) -> 21 | BB22: =AZ22-BA22 -> 0 | BC22: =((BD22*2.25)+(BE22*1.5)+(BF22*1)+(BG22*1)+(BH22*0.75)+(BI22*1)+(BJ22*1)+(BK22*0.75)+(BL22*1)+(BM22*0.75)+(BN22/LARGE(BN:BN,1))*(3/15))/(10+(9/30)) -> 0.71016637 | BD22: =IFERROR(IF((F22+G22)=1, IF(F22=0, 0.333, IF(F22=1, 0.666, 0)), IF((F22+G22)=2, IF(F22=0, 0.166, IF(F22=1, 0.5, IF(F22=2, 0.833, 0))), (F22+(L22/6))/(F22+G22))), 0) -> 0.8452381 | BE22: =IFERROR(IF((I22+J22)=1, IF(I22=0, 0.333, IF(I22=1, 0.666, 0)), IF((I22+J22)=2, IF(I22=0, 0.166, IF(I22=1, 0.5, IF(I22=2, 0.833, 0))), (I22/(I22+J22)))), 0) -> 0.77777778 | BF22: =(AJ22-(SMALL(AJ:AJ, 1)))/((LARGE(AJ:AJ, 1))-(SMALL(AJ:AJ, 1))) -> 0.53300893 | BG22: =1-(AK22-SMALL(AK:AK,1))/(LARGE(AK:AK,1)-SMALL(AK:AK,1)) -> 0.62218969 | BH22: =(AM22-SMALL(AM:AM,1))/(LARGE(AM:AM,1)-SMALL(AM:AM,1)) -> 0.3562738 | BI22: =1-(AO22-SMALL(AO:AO,1))/(LARGE(AO:AO,1)-SMALL(AO:AO,1)) -> 0.56612206 | BJ22: =(AP22+ABS(MIN(AP:AP)))/(MAX(AP:AP)+ABS(MIN(AP:AP))) -> 0.67796698 | BK22: =AVERAGE(AQ22/MAX(AQ:AQ), SQRT(AQ22/MAX(AQ:AQ))) -> 0.63957212 | BL22: =AVERAGE(AT22/MAX(AT:AT), (AT22-SMALL(AT:AT,1))/(LARGE(AT:AT,1)-SMALL(AT:AT,1))) -> 0.64342249 | BM22: =IFERROR(AX22/MAX(AX:AX), 0) -> 0.55555556 | BN22: 30 | BO22: =BN22+AX22 -> 100 | BP22: 75 | BQ22: =BO22+BP22 -> 175 | BR22: -1.6666667 | BS22: 0.71016637 | BT22: 3 | BU22: 6.4484418 | BV22: 0.53300893 | BW22: 0.62218969 | BX22: =IF(A22<17, SoC!O$3, IF(A22<33, SoC!O$4, IF(A22<49, SoC!O$5, IF(A22<65, SoC!O$6, IF(A22<81, SoC!O$7, IF(A22<97, SoC!O$8, SoC!O$9)))))) -> 1.1481544 | BY22: =SQRT(BS22) -> 0.8427137 | BZ22: =IF(BY22<(15/30), "F", IF(BY22<(18/30), "F+", IF(BY22<(19/30), "D-", IF(BY22<(20/30), "D", IF(BY22<(21/30), "D+", IF(BY22<(22/30), "C-", IF(BY22<(23/30), "C", IF(BY22<(24/30), "C+", IF(BY22<(25/30), "B-", IF(BY22<(26/30), "B", IF(BY22<(27/30), "B+", IF(BY22<(28/30), "A-", IF(BY22<(29/30), "A", "A+"))))))))))))) -> B | CA22: =(((BS22-$CA$1)/0.15)*3)+((BU22-$BZ$1)/2) -> 3.7950178 | CB22: =CF22-CE22 -> 0 | CC22: 63 | CD22: Fallarbor Town | CE22: 21 | CF22: 21 | CG22: 21 | CH22: 21 | CI22: 21 | CJ22: 21 | CK22: 21 | CL22: 21 | CM22: 16 | CN22: 16 | CO22: 20 | CP22: 24 | CQ22: 21 | CR22: 18 | CS22: 19 | CT22: 20 | CU22: 18 | CV22: 16 | CW22: 16 | CX22: 16 | CY22: 19 | CZ22: 36 | DA22: 37 | DB22: 49 | DC22: 48 | DD22: 71 | DE22: 57 | DF22: 16 | DG22: 50
A23: 22 | B23: Delta | C23: Northwest | D23: Lavaridge Town | F23: 3 | G23: 10 | I23: 2 | J23: 7 | L23: 0 | M23: 2 | O23: 207 | P23: 279 | Q23: 109 | R23: =-35.022-3.868-2.66-3.261-7.217 -> -52.028 | S23: =417+37+20+29+53 -> 556 | T23: =164.675+24.665+(112.489-6.2445)+7.103+4.761 -> 307.4485 | V23: 33 | W23: 47 | X23: 19 | Y23: =-6.338 -> -6.338 | Z23: =82 -> 82 | AA23: =20.326 -> 20.326 | AC23: =O23+((1/4)*V23) -> 215.25 | AD23: =P23+((1/4)*W23) -> 290.75 | AE23: =Q23+((1/4)*X23) -> 113.75 | AF23: =R23+((1/4)*Y23) -> -53.6125 | AG23: =S23+((1/4)*Z23) -> 576.5 | AH23: =T23+((1/4)*AA23) -> 312.53 | AI23: =F23+G23+((1/4)*(L23+M23)) -> 13.5 | AJ23: =IFERROR(AC23/AI23, 0) -> 15.944444 | AK23: =IFERROR(AD23/AI23, 0) -> 21.537037 | AL23: =AJ23-AK23 -> -5.5925926 | AM23: =IFERROR(AC23/AE23, 0) -> 1.8923077 | AN23: =IF((AF23)<0, (AF23/2), AF23)/AI23 -> -1.9856481 | AO23: =(AN23-(SMALL(AN:AN,1)))*(2-(1-((1-BX23)/2)))+MIN(AN:AN) -> -2.0574612 | AP23: =AL23-(IF(AVERAGE(AN23:AO23)<0, AVERAGE(AN23:AO23)*2, AVERAGE(AN23:AO23))) -> -1.5494832 | AQ23: =(AVERAGE((AL23-MIN(AL:AL))*AR23, SQRT((AL23-MIN(AL:AL))*AR23))/100)*BX23 -> 1.3161345 | AR23: =(AG23/AI23) -> 42.703704 | AS23: =IFERROR(AH23/AI23,0) -> 23.15037 | AT23: =IFERROR(IF(SQRT(AS23)>10, 10, SQRT(AS23)), 0) -> 4.8114832 | AU23: 7 | AV23: 0 | AX23: =SUM(AU23:AW23) -> 7 | AZ23: 98 | BA23: =_xlfn.RANK.EQ(BC23,BC:BC, 0) -> 98 | BB23: =AZ23-BA23 -> 0 | BC23: =((BD23*2.25)+(BE23*1.5)+(BF23*1)+(BG23*1)+(BH23*0.75)+(BI23*1)+(BJ23*1)+(BK23*0.75)+(BL23*1)+(BM23*0.75)+(BN23/LARGE(BN:BN,1))*(3/15))/(10+(9/30)) -> 0.32957119 | BD23: =IFERROR(IF((F23+G23)=1, IF(F23=0, 0.333, IF(F23=1, 0.666, 0)), IF((F23+G23)=2, IF(F23=0, 0.166, IF(F23=1, 0.5, IF(F23=2, 0.833, 0))), (F23+(L23/6))/(F23+G23))), 0) -> 0.23076923 | BE23: =IFERROR(IF((I23+J23)=1, IF(I23=0, 0.333, IF(I23=1, 0.666, 0)), IF((I23+J23)=2, IF(I23=0, 0.166, IF(I23=1, 0.5, IF(I23=2, 0.833, 0))), (I23/(I23+J23)))), 0) -> 0.22222222 | BF23: =(AJ23-(SMALL(AJ:AJ, 1)))/((LARGE(AJ:AJ, 1))-(SMALL(AJ:AJ, 1))) -> 0.28943913 | BG23: =1-(AK23-SMALL(AK:AK,1))/(LARGE(AK:AK,1)-SMALL(AK:AK,1)) -> 0.15345899 | BH23: =(AM23-SMALL(AM:AM,1))/(LARGE(AM:AM,1)-SMALL(AM:AM,1)) -> 0.24649892 | BI23: =1-(AO23-SMALL(AO:AO,1))/(LARGE(AO:AO,1)-SMALL(AO:AO,1)) -> 0.89809585 | BJ23: =(AP23+ABS(MIN(AP:AP)))/(MAX(AP:AP)+ABS(MIN(AP:AP))) -> 0.38511286 | BK23: =AVERAGE(AQ23/MAX(AQ:AQ), SQRT(AQ23/MAX(AQ:AQ))) -> 0.2506367 | BL23: =AVERAGE(AT23/MAX(AT:AT), (AT23-SMALL(AT:AT,1))/(LARGE(AT:AT,1)-SMALL(AT:AT,1))) -> 0.39472733 | BM23: =IFERROR(AX23/MAX(AX:AX), 0) -> 0.055555556 | BN23: 5 | BO23: =BN23+AX23 -> 12 | BP23: 6 | BQ23: =BO23+BP23 -> 18 | BR23: -0.33333333 | BS23: 0.32957119 | BT23: 1 | BU23: 4.8114832 | BV23: 0.28943913 | BW23: 0.15345899 | BX23: =IF(A23<17, SoC!O$3, IF(A23<33, SoC!O$4, IF(A23<49, SoC!O$5, IF(A23<65, SoC!O$6, IF(A23<81, SoC!O$7, IF(A23<97, SoC!O$8, SoC!O$9)))))) -> 1.1481544 | BY23: =SQRT(BS23) -> 0.57408292 | BZ23: =IF(BY23<(15/30), "F", IF(BY23<(18/30), "F+", IF(BY23<(19/30), "D-", IF(BY23<(20/30), "D", IF(BY23<(21/30), "D+", IF(BY23<(22/30), "C-", IF(BY23<(23/30), "C", IF(BY23<(24/30), "C+", IF(BY23<(25/30), "B-", IF(BY23<(26/30), "B", IF(BY23<(27/30), "B+", IF(BY23<(28/30), "A-", IF(BY23<(29/30), "A", "A+"))))))))))))) -> F+ | CA23: =(((BS23-$CA$1)/0.15)*3)+((BU23-$BZ$1)/2) -> -4.635365 | CB23: =CF23-CE23 -> 0 | CC23: 13 | CD23: Lavaridge Town | CE23: 98 | CF23: 98 | CG23: 98 | CH23: 98 | CI23: 98 | CJ23: 98 | CK23: 98 | CL23: 98 | CM23: 98 | CN23: 98 | CO23: 98 | CP23: 93 | CQ23: 93 | CR23: 86 | CS23: 86 | CT23: 98 | CU23: 99 | CV23: 99 | CW23: 97 | CX23: 95 | CY23: 99 | CZ23: 95 | DA23: 91 | DB23: 88 | DC23: 96 | DD23: 80 | DE23: 67 | DF23: 109 | DG23: 100
A24: 23 | B24: Delta | C24: Northwest | D24: Rustboro City | F24: 7 | G24: 6 | I24: 5 | J24: 4 | L24: 12 | M24: 5 | O24: =237+28 -> 265 | P24: =194+17 -> 211 | Q24: 127 | R24: =9.337+1.42+7.107+5.689+8.483 -> 32.036 | S24: =602+76+50+66+49 -> 843 | T24: =371.561+(175.074-37.537)+(154.599-27.2995)+8.159+52.293 -> 696.8495 | V24: 298 | W24: 260 | X24: 157 | Y24: =0.421-2.511-5.023+0.31-3.508-3.963+0.451-0.529-4.167 -> -18.519 | Z24: =636+95+90+91+89+93+90+90+88 -> 1362 | AA24: =589.271+71.822+7.546+98.032+19.333+63.199+(100.044-0.022)+0+1.119 -> 950.344 | AC24: =O24+((1/4)*V24) -> 339.5 | AD24: =P24+((1/4)*W24) -> 276 | AE24: =Q24+((1/4)*X24) -> 166.25 | AF24: =R24+((1/4)*Y24) -> 27.40625 | AG24: =S24+((1/4)*Z24) -> 1183.5 | AH24: =T24+((1/4)*AA24) -> 934.4355 | AI24: =F24+G24+((1/4)*(L24+M24)) -> 17.25 | AJ24: =IFERROR(AC24/AI24, 0) -> 19.681159 | AK24: =IFERROR(AD24/AI24, 0) -> 16 | AL24: =AJ24-AK24 -> 3.6811594 | AM24: =IFERROR(AC24/AE24, 0) -> 2.0421053 | AN24: =IF((AF24)<0, (AF24/2), AF24)/AI24 -> 1.5887681 | AO24: =(AN24-(SMALL(AN:AN,1)))*(2-(1-((1-BX24)/2)))+MIN(AN:AN) -> 1.2521723 | AP24: =AL24-(IF(AVERAGE(AN24:AO24)<0, AVERAGE(AN24:AO24)*2, AVERAGE(AN24:AO24))) -> 2.2606892 | AQ24: =(AVERAGE((AL24-MIN(AL:AL))*AR24, SQRT((AL24-MIN(AL:AL))*AR24))/100)*BX24 -> 5.8118486 | AR24: =(AG24/AI24) -> 68.608696 | AS24: =IFERROR(AH24/AI24,0) -> 54.170174 | AT24: =IFERROR(IF(SQRT(AS24)>10, 10, SQRT(AS24)), 0) -> 7.360039 | AU24: 35 | AV24: 30 | AW24: 32 | AX24: =SUM(AU24:AW24) -> 97 | AZ24: 25 | BA24: =_xlfn.RANK.EQ(BC24,BC:BC, 0) -> 25 | BB24: =AZ24-BA24 -> 0 | BC24: =((BD24*2.25)+(BE24*1.5)+(BF24*1)+(BG24*1)+(BH24*0.75)+(BI24*1)+(BJ24*1)+(BK24*0.75)+(BL24*1)+(BM24*0.75)+(BN24/LARGE(BN:BN,1))*(3/15))/(10+(9/30)) -> 0.69601783 | BD24: =IFERROR(IF((F24+G24)=1, IF(F24=0, 0.333, IF(F24=1, 0.666, 0)), IF((F24+G24)=2, IF(F24=0, 0.166, IF(F24=1, 0.5, IF(F24=2, 0.833, 0))), (F24+(L24/6))/(F24+G24))), 0) -> 0.69230769 | BE24: =IFERROR(IF((I24+J24)=1, IF(I24=0, 0.333, IF(I24=1, 0.666, 0)), IF((I24+J24)=2, IF(I24=0, 0.166, IF(I24=1, 0.5, IF(I24=2, 0.833, 0))), (I24/(I24+J24)))), 0) -> 0.55555556 | BF24: =(AJ24-(SMALL(AJ:AJ, 1)))/((LARGE(AJ:AJ, 1))-(SMALL(AJ:AJ, 1))) -> 0.6093483 | BG24: =1-(AK24-SMALL(AK:AK,1))/(LARGE(AK:AK,1)-SMALL(AK:AK,1)) -> 0.67006761 | BH24: =(AM24-SMALL(AM:AM,1))/(LARGE(AM:AM,1)-SMALL(AM:AM,1)) -> 0.41205802 | BI24: =1-(AO24-SMALL(AO:AO,1))/(LARGE(AO:AO,1)-SMALL(AO:AO,1)) -> 0.5223638 | BJ24: =(AP24+ABS(MIN(AP:AP)))/(MAX(AP:AP)+ABS(MIN(AP:AP))) -> 0.7827424 | BK24: =AVERAGE(AQ24/MAX(AQ:AQ), SQRT(AQ24/MAX(AQ:AQ))) -> 0.68234816 | BL24: =AVERAGE(AT24/MAX(AT:AT), (AT24-SMALL(AT:AT,1))/(LARGE(AT:AT,1)-SMALL(AT:AT,1))) -> 0.78191702 | BM24: =IFERROR(AX24/MAX(AX:AX), 0) -> 0.76984127 | BN24: 10 | BO24: =BN24+AX24 -> 107 | BP24: 70 | BQ24: =BO24+BP24 -> 177 | BR24: 0 | BS24: 0.69601783 | BT24: 5 | BU24: 7.360039 | BV24: 0.6093483 | BW24: 0.67006761 | BX24: =IF(A24<17, SoC!O$3, IF(A24<33, SoC!O$4, IF(A24<49, SoC!O$5, IF(A24<65, SoC!O$6, IF(A24<81, SoC!O$7, IF(A24<97, SoC!O$8, SoC!O$9)))))) -> 1.1481544 | BY24: =SQRT(BS24) -> 0.83427683 | BZ24: =IF(BY24<(15/30), "F", IF(BY24<(18/30), "F+", IF(BY24<(19/30), "D-", IF(BY24<(20/30), "D", IF(BY24<(21/30), "D+", IF(BY24<(22/30), "C-", IF(BY24<(23/30), "C", IF(BY24<(24/30), "C+", IF(BY24<(25/30), "B-", IF(BY24<(26/30), "B", IF(BY24<(27/30), "B+", IF(BY24<(28/30), "A-", IF(BY24<(29/30), "A", "A+"))))))))))))) -> B | CA24: =(((BS24-$CA$1)/0.15)*3)+((BU24-$BZ$1)/2) -> 3.9678457 | CB24: =CF24-CE24 -> 0 | CC24: 135 | CD24: Rustboro City | CE24: 25 | CF24: 25 | CG24: 25 | CH24: 25 | CI24: 25 | CJ24: 25 | CK24: 25 | CL24: 25 | CM24: 25 | CN24: 24 | CO24: 22 | CP24: 25 | CQ24: 23 | CR24: 19 | CS24: 20 | CT24: 23 | CU24: 21 | CV24: 28 | CW24: 38 | CX24: 34 | CY24: 25 | CZ24: 38 | DA24: 26 | DB24: 33 | DC24: 49 | DD24: 52 | DE24: 34 | DF24: 6 | DG24: 6
A25: 24 | B25: Delta | C25: Northwest | D25: Verdanturf Town | F25: 2 | G25: 11 | I25: 2 | J25: 7 | L25: 0 | M25: 9 | O25: =197+17 -> 214 | P25: 278 | Q25: 107 | R25: =-20.511-4.939-5.141+0.588-8.483 -> -38.486 | S25: =356+47+29+12+49 -> 493 | T25: =162.686+22.974+24.936+7.866+8.476 -> 226.938 | V25: 140 | W25: 255 | X25: 85 | Y25: =-79.265 -> -79.265 | Z25: =506 -> 506 | AA25: =108.003 -> 108.003 | AC25: =O25+((1/4)*V25) -> 249 | AD25: =P25+((1/4)*W25) -> 341.75 | AE25: =Q25+((1/4)*X25) -> 128.25 | AF25: =R25+((1/4)*Y25) -> -58.30225 | AG25: =S25+((1/4)*Z25) -> 619.5 | AH25: =T25+((1/4)*AA25) -> 253.93875 | AI25: =F25+G25+((1/4)*(L25+M25)) -> 15.25 | AJ25: =IFERROR(AC25/AI25, 0) -> 16.327869 | AK25: =IFERROR(AD25/AI25, 0) -> 22.409836 | AL25: =AJ25-AK25 -> -6.0819672 | AM25: =IFERROR(AC25/AE25, 0) -> 1.9415205 | AN25: =IF((AF25)<0, (AF25/2), AF25)/AI25 -> -1.9115492 | AO25: =(AN25-(SMALL(AN:AN,1)))*(2-(1-((1-BX25)/2)))+MIN(AN:AN) -> -1.9888513 | AP25: =AL25-(IF(AVERAGE(AN25:AO25)<0, AVERAGE(AN25:AO25)*2, AVERAGE(AN25:AO25))) -> -2.1815668 | AQ25: =(AVERAGE((AL25-MIN(AL:AL))*AR25, SQRT((AL25-MIN(AL:AL))*AR25))/100)*BX25 -> 1.1358071 | AR25: =(AG25/AI25) -> 40.622951 | AS25: =IFERROR(AH25/AI25,0) -> 16.651721 | AT25: =IFERROR(IF(SQRT(AS25)>10, 10, SQRT(AS25)), 0) -> 4.0806521 | AU25: 28 | AV25: 12 | AW25: 11 | AX25: =SUM(AU25:AW25) -> 51 | AZ25: 101 | BA25: =_xlfn.RANK.EQ(BC25,BC:BC, 0) -> 101 | BB25: =AZ25-BA25 -> 0 | BC25: =((BD25*2.25)+(BE25*1.5)+(BF25*1)+(BG25*1)+(BH25*0.75)+(BI25*1)+(BJ25*1)+(BK25*0.75)+(BL25*1)+(BM25*0.75)+(BN25/LARGE(BN:BN,1))*(3/15))/(10+(9/30)) -> 0.31787693 | BD25: =IFERROR(IF((F25+G25)=1, IF(F25=0, 0.333, IF(F25=1, 0.666, 0)), IF((F25+G25)=2, IF(F25=0, 0.166, IF(F25=1, 0.5, IF(F25=2, 0.833, 0))), (F25+(L25/6))/(F25+G25))), 0) -> 0.15384615 | BE25: =IFERROR(IF((I25+J25)=1, IF(I25=0, 0.333, IF(I25=1, 0.666, 0)), IF((I25+J25)=2, IF(I25=0, 0.166, IF(I25=1, 0.5, IF(I25=2, 0.833, 0))), (I25/(I25+J25)))), 0) -> 0.22222222 | BF25: =(AJ25-(SMALL(AJ:AJ, 1)))/((LARGE(AJ:AJ, 1))-(SMALL(AJ:AJ, 1))) -> 0.32226501 | BG25: =1-(AK25-SMALL(AK:AK,1))/(LARGE(AK:AK,1)-SMALL(AK:AK,1)) -> 0.072026358 | BH25: =(AM25-SMALL(AM:AM,1))/(LARGE(AM:AM,1)-SMALL(AM:AM,1)) -> 0.30088981 | BI25: =1-(AO25-SMALL(AO:AO,1))/(LARGE(AO:AO,1)-SMALL(AO:AO,1)) -> 0.89030678 | BJ25: =(AP25+ABS(MIN(AP:AP)))/(MAX(AP:AP)+ABS(MIN(AP:AP))) -> 0.31914864 | BK25: =AVERAGE(AQ25/MAX(AQ:AQ), SQRT(AQ25/MAX(AQ:AQ))) -> 0.22839637 | BL25: =AVERAGE(AT25/MAX(AT:AT), (AT25-SMALL(AT:AT,1))/(LARGE(AT:AT,1)-SMALL(AT:AT,1))) -> 0.28369572 | BM25: =IFERROR(AX25/MAX(AX:AX), 0) -> 0.4047619 | BN25: 5 | BO25: =BN25+AX25 -> 56 | BP25: 4 | BQ25: =BO25+BP25 -> 60 | BR25: -0.33333333 | BS25: 0.31787693 | BT25: 4 | BU25: 4.0806521 | BV25: 0.32226501 | BW25: 0.072026358 | BX25: =IF(A25<17, SoC!O$3, IF(A25<33, SoC!O$4, IF(A25<49, SoC!O$5, IF(A25<65, SoC!O$6, IF(A25<81, SoC!O$7, IF(A25<97, SoC!O$8, SoC!O$9)))))) -> 1.1481544 | BY25: =SQRT(BS25) -> 0.56380576 | BZ25: =IF(BY25<(15/30), "F", IF(BY25<(18/30), "F+", IF(BY25<(19/30), "D-", IF(BY25<(20/30), "D", IF(BY25<(21/30), "D+", IF(BY25<(22/30), "C-", IF(BY25<(23/30), "C", IF(BY25<(24/30), "C+", IF(BY25<(25/30), "B-", IF(BY25<(26/30), "B", IF(BY25<(27/30), "B+", IF(BY25<(28/30), "A-", IF(BY25<(29/30), "A", "A+"))))))))))))) -> F+ | CA25: =(((BS25-$CA$1)/0.15)*3)+((BU25-$BZ$1)/2) -> -5.2346658 | CB25: =CF25-CE25 -> 0 | CC25: 99 | CD25: Verdanturf Town | CE25: 101 | CF25: 101 | CG25: 101 | CH25: 101 | CI25: 101 | CJ25: 101 | CK25: 101 | CL25: 101 | CM25: 101 | CN25: 101 | CO25: 101 | CP25: 100 | CQ25: 99 | CR25: 93 | CS25: 93 | CT25: 93 | CU25: 94 | CV25: 88 | CW25: 86 | CX25: 97 | CY25: 92 | CZ25: 104 | DA25: 96 | DB25: 86 | DC25: 87 | DD25: 92 | DE25: 81 | DF25: 63 | DG25: 14
A26: 25 | B26: Delta | C26: Islands | D26: Ever Grande City | F26: 12 | G26: 2 | H26: 9 | I26: 7 | J26: 2 | L26: 8 | M26: 8 | O26: =268+22 -> 290 | P26: =189+18 -> 207 | Q26: 128 | R26: =27.06-2.915+0.961+1.021+4.532+3.455 -> 34.114 | S26: =521+89+84+87+68+90 -> 939 | T26: =409.618+20.019+58.223+71.932+(196.274-48.137)+47.437 -> 755.366 | V26: 276 | W26: =251+24 -> 275 | X26: 134 | Y26: =15.243+0.558-2.88-3.301+0.179-1.758+1.982-7.203-12.558 -> -9.738 | Z26: =551+95+93+93+95+3+93+92+92+105 -> 1312 | AA26: =250.198+24.985+14.867+16.249+65.664+3.7944+2.267+(116.251-8.1255)+4.001+62.683 -> 552.8339 | AC26: =O26+((1/4)*V26) -> 359 | AD26: =P26+((1/4)*W26) -> 275.75 | AE26: =Q26+((1/4)*X26) -> 161.5 | AF26: =R26+((1/4)*Y26) -> 31.6795 | AG26: =S26+((1/4)*Z26) -> 1267 | AH26: =T26+((1/4)*AA26) -> 893.57448 | AI26: =F26+G26+((1/4)*(L26+M26)) -> 18 | AJ26: =IFERROR(AC26/AI26, 0) -> 19.944444 | AK26: =IFERROR(AD26/AI26, 0) -> 15.319444 | AL26: =AJ26-AK26 -> 4.625 | AM26: =IFERROR(AC26/AE26, 0) -> 2.2229102 | AN26: =IF((AF26)<0, (AF26/2), AF26)/AI26 -> 1.7599722 | AO26: =(AN26-(SMALL(AN:AN,1)))*(2-(1-((1-BX26)/2)))+MIN(AN:AN) -> 1.4106941 | AP26: =AL26-(IF(AVERAGE(AN26:AO26)<0, AVERAGE(AN26:AO26)*2, AVERAGE(AN26:AO26))) -> 3.0396668 | AQ26: =(AVERAGE((AL26-MIN(AL:AL))*AR26, SQRT((AL26-MIN(AL:AL))*AR26))/100)*BX26 -> 6.3476093 | AR26: =(AG26/AI26) -> 70.388889 | AS26: =IFERROR(AH26/AI26,0) -> 49.643026 | AT26: =IFERROR(IF(SQRT(AS26)>10, 10, SQRT(AS26)), 0) -> 7.0457808 | AU26: 28 | AV26: 6 | AX26: =SUM(AU26:AW26) -> 34 | AZ26: 11 | BA26: =_xlfn.RANK.EQ(BC26,BC:BC, 0) -> 11 | BB26: =AZ26-BA26 -> 0 | BC26: =((BD26*2.25)+(BE26*1.5)+(BF26*1)+(BG26*1)+(BH26*0.75)+(BI26*1)+(BJ26*1)+(BK26*0.75)+(BL26*1)+(BM26*0.75)+(BN26/LARGE(BN:BN,1))*(3/15))/(10+(9/30)) -> 0.79043743 | BD26: =IFERROR(IF((F26+G26)=1, IF(F26=0, 0.333, IF(F26=1, 0.666, 0)), IF((F26+G26)=2, IF(F26=0, 0.166, IF(F26=1, 0.5, IF(F26=2, 0.833, 0))), (F26+(L26/6))/(F26+G26))), 0) -> 0.95238095 | BE26: =IFERROR(IF((I26+J26)=1, IF(I26=0, 0.333, IF(I26=1, 0.666, 0)), IF((I26+J26)=2, IF(I26=0, 0.166, IF(I26=1, 0.5, IF(I26=2, 0.833, 0))), (I26/(I26+J26)))), 0) -> 0.77777778 | BF26: =(AJ26-(SMALL(AJ:AJ, 1)))/((LARGE(AJ:AJ, 1))-(SMALL(AJ:AJ, 1))) -> 0.63188876 | BG26: =1-(AK26-SMALL(AK:AK,1))/(LARGE(AK:AK,1)-SMALL(AK:AK,1)) -> 0.73356382 | BH26: =(AM26-SMALL(AM:AM,1))/(LARGE(AM:AM,1)-SMALL(AM:AM,1)) -> 0.61188707 | BI26: =1-(AO26-SMALL(AO:AO,1))/(LARGE(AO:AO,1)-SMALL(AO:AO,1)) -> 0.50436734 | BJ26: =(AP26+ABS(MIN(AP:AP)))/(MAX(AP:AP)+ABS(MIN(AP:AP))) -> 0.8640365 | BK26: =AVERAGE(AQ26/MAX(AQ:AQ), SQRT(AQ26/MAX(AQ:AQ))) -> 0.72709663 | BL26: =AVERAGE(AT26/MAX(AT:AT), (AT26-SMALL(AT:AT,1))/(LARGE(AT:AT,1)-SMALL(AT:AT,1))) -> 0.73417329 | BM26: =IFERROR(AX26/MAX(AX:AX), 0) -> 0.26984127 | BN26: =50+68 -> 118 | BO26: =BN26+AX26 -> 152 | BP26: 92 | BQ26: =BO26+BP26 -> 244 | BR26: 0.33333333 | BS26: 0.79043743 | BT26: 1 | BU26: 7.0457808 | BV26: 0.63188876 | BW26: 0.73356382 | BX26: =IF(A26<17, SoC!O$3, IF(A26<33, SoC!O$4, IF(A26<49, SoC!O$5, IF(A26<65, SoC!O$6, IF(A26<81, SoC!O$7, IF(A26<97, SoC!O$8, SoC!O$9)))))) -> 1.1481544 | BY26: =SQRT(BS26) -> 0.88906548 | BZ26: =IF(BY26<(15/30), "F", IF(BY26<(18/30), "F+", IF(BY26<(19/30), "D-", IF(BY26<(20/30), "D", IF(BY26<(21/30), "D+", IF(BY26<(22/30), "C-", IF(BY26<(23/30), "C", IF(BY26<(24/30), "C+", IF(BY26<(25/30), "B-", IF(BY26<(26/30), "B", IF(BY26<(27/30), "B+", IF(BY26<(28/30), "A-", IF(BY26<(29/30), "A", "A+"))))))))))))) -> B+ | CA26: =(((BS26-$CA$1)/0.15)*3)+((BU26-$BZ$1)/2) -> 5.6991086 | CB26: =CF26-CE26 -> 0 | CC26: 10 | CD26: Ever Grande City | CE26: 11 | CF26: 11 | CG26: 12 | CH26: 11 | CI26: 11 | CJ26: 11 | CK26: 11 | CL26: 12 | CM26: 12 | CN26: 12 | CO26: 12 | CP26: 16 | CQ26: 16 | CR26: 22 | CS26: 22 | CT26: 24 | CU26: 25 | CV26: 17 | CW26: 20 | CX26: 21 | CY26: 21 | CZ26: 23 | DA26: 25 | DB26: 31 | DC26: 25 | DD26: 15 | DE26: 36 | DF26: 55 | DG26: 103
A27: 26 | B27: Delta | C27: Islands | D27: Mossdeep City | F27: 4 | G27: 9 | I27: 2 | J27: 7 | L27: 2 | M27: 2 | O27: 181 | P27: 260 | Q27: 100 | R27: =-31.86-6.803-3.645-0.588-1.528 -> -44.424 | S27: =271+33+19+12+22 -> 357 | T27: =107.382+5.904+37.391+43.996+25.442 -> 220.115 | V27: 64 | W27: 52 | X27: 36 | Y27: =-15.247 -> -15.247 | Z27: =157 -> 157 | AA27: =145.602 -> 145.602 | AC27: =O27+((1/4)*V27) -> 197 | AD27: =P27+((1/4)*W27) -> 273 | AE27: =Q27+((1/4)*X27) -> 109 | AF27: =R27+((1/4)*Y27) -> -48.23575 | AG27: =S27+((1/4)*Z27) -> 396.25 | AH27: =T27+((1/4)*AA27) -> 256.5155 | AI27: =F27+G27+((1/4)*(L27+M27)) -> 14 | AJ27: =IFERROR(AC27/AI27, 0) -> 14.071429 | AK27: =IFERROR(AD27/AI27, 0) -> 19.5 | AL27: =AJ27-AK27 -> -5.4285714 | AM27: =IFERROR(AC27/AE27, 0) -> 1.8073394 | AN27: =IF((AF27)<0, (AF27/2), AF27)/AI27 -> -1.7227054 | AO27: =(AN27-(SMALL(AN:AN,1)))*(2-(1-((1-BX27)/2)))+MIN(AN:AN) -> -1.8139965 | AP27: =AL27-(IF(AVERAGE(AN27:AO27)<0, AVERAGE(AN27:AO27)*2, AVERAGE(AN27:AO27))) -> -1.8918696 | AQ27: =(AVERAGE((AL27-MIN(AL:AL))*AR27, SQRT((AL27-MIN(AL:AL))*AR27))/100)*BX27 -> 0.9128063 | AR27: =(AG27/AI27) -> 28.303571 | AS27: =IFERROR(AH27/AI27,0) -> 18.322536 | AT27: =IFERROR(IF(SQRT(AS27)>10, 10, SQRT(AS27)), 0) -> 4.2804831 | AU27: 14 | AV27: 6 | AX27: =SUM(AU27:AW27) -> 20 | AZ27: 97 | BA27: =_xlfn.RANK.EQ(BC27,BC:BC, 0) -> 97 | BB27: =AZ27-BA27 -> 0 | BC27: =((BD27*2.25)+(BE27*1.5)+(BF27*1)+(BG27*1)+(BH27*0.75)+(BI27*1)+(BJ27*1)+(BK27*0.75)+(BL27*1)+(BM27*0.75)+(BN27/LARGE(BN:BN,1))*(3/15))/(10+(9/30)) -> 0.33781627 | BD27: =IFERROR(IF((F27+G27)=1, IF(F27=0, 0.333, IF(F27=1, 0.666, 0)), IF((F27+G27)=2, IF(F27=0, 0.166, IF(F27=1, 0.5, IF(F27=2, 0.833, 0))), (F27+(L27/6))/(F27+G27))), 0) -> 0.33333333 | BE27: =IFERROR(IF((I27+J27)=1, IF(I27=0, 0.333, IF(I27=1, 0.666, 0)), IF((I27+J27)=2, IF(I27=0, 0.166, IF(I27=1, 0.5, IF(I27=2, 0.833, 0))), (I27/(I27+J27)))), 0) -> 0.22222222 | BF27: =(AJ27-(SMALL(AJ:AJ, 1)))/((LARGE(AJ:AJ, 1))-(SMALL(AJ:AJ, 1))) -> 0.12908572 | BG27: =1-(AK27-SMALL(AK:AK,1))/(LARGE(AK:AK,1)-SMALL(AK:AK,1)) -> 0.34351567 | BH27: =(AM27-SMALL(AM:AM,1))/(LARGE(AM:AM,1)-SMALL(AM:AM,1)) -> 0.15259041 | BI27: =1-(AO27-SMALL(AO:AO,1))/(LARGE(AO:AO,1)-SMALL(AO:AO,1)) -> 0.87045608 | BJ27: =(AP27+ABS(MIN(AP:AP)))/(MAX(AP:AP)+ABS(MIN(AP:AP))) -> 0.34938143 | BK27: =AVERAGE(AQ27/MAX(AQ:AQ), SQRT(AQ27/MAX(AQ:AQ))) -> 0.19936428 | BL27: =AVERAGE(AT27/MAX(AT:AT), (AT27-SMALL(AT:AT,1))/(LARGE(AT:AT,1)-SMALL(AT:AT,1))) -> 0.31405508 | BM27: =IFERROR(AX27/MAX(AX:AX), 0) -> 0.15873016 | BN27: 5 | BO27: =BN27+AX27 -> 25 | BP27: 6 | BQ27: =BO27+BP27 -> 31 | BR27: 0.33333333 | BS27: 0.33781627 | BT27: 1 | BU27: 4.2804831 | BV27: 0.12908572 | BW27: 0.34351567 | BX27: =IF(A27<17, SoC!O$3, IF(A27<33, SoC!O$4, IF(A27<49, SoC!O$5, IF(A27<65, SoC!O$6, IF(A27<81, SoC!O$7, IF(A27<97, SoC!O$8, SoC!O$9)))))) -> 1.1481544 | BY27: =SQRT(BS27) -> 0.58121964 | BZ27: =IF(BY27<(15/30), "F", IF(BY27<(18/30), "F+", IF(BY27<(19/30), "D-", IF(BY27<(20/30), "D", IF(BY27<(21/30), "D+", IF(BY27<(22/30), "C-", IF(BY27<(23/30), "C", IF(BY27<(24/30), "C+", IF(BY27<(25/30), "B-", IF(BY27<(26/30), "B", IF(BY27<(27/30), "B+", IF(BY27<(28/30), "A-", IF(BY27<(29/30), "A", "A+"))))))))))))) -> F+ | CA27: =(((BS27-$CA$1)/0.15)*3)+((BU27-$BZ$1)/2) -> -4.7359635 | CB27: =CF27-CE27 -> 0 | CC27: 7 | CD27: Mossdeep City | CE27: 97 | CF27: 97 | CG27: 97 | CH27: 97 | CI27: 97 | CJ27: 97 | CK27: 97 | CL27: 97 | CM27: 97 | CN27: 97 | CO27: 97 | CP27: 102 | CQ27: 102 | CR27: 106 | CS27: 106 | CT27: 109 | CU27: 107 | CV27: 105 | CW27: 101 | CX27: 103 | CY27: 106 | CZ27: 101 | DA27: 105 | DB27: 92 | DC27: 100 | DD27: 86 | DE27: 109 | DF27: 99 | DG27: 106
A28: 27 | B28: Delta | C28: Islands | D28: Pacifidlog Town | F28: 4 | G28: 9 | I28: 3 | J28: 6 | L28: 1 | M28: 2 | O28: 198 | P28: 253 | Q28: 109 | R28: =-36.066-9.12-4.163-5.689+1.528 -> -53.51 | S28: =260+40+33+66+22 -> 421 | T28: =132.774+34.836+75.303+57.285+6.185 -> 306.383 | V28: 61 | W28: 62 | X28: 32 | Y28: =-7.558 -> -7.558 | Z28: =52 -> 52 | AA28: =101.494 -> 101.494 | AC28: =O28+((1/4)*V28) -> 213.25 | AD28: =P28+((1/4)*W28) -> 268.5 | AE28: =Q28+((1/4)*X28) -> 117 | AF28: =R28+((1/4)*Y28) -> -55.3995 | AG28: =S28+((1/4)*Z28) -> 434 | AH28: =T28+((1/4)*AA28) -> 331.7565 | AI28: =F28+G28+((1/4)*(L28+M28)) -> 13.75 | AJ28: =IFERROR(AC28/AI28, 0) -> 15.509091 | AK28: =IFERROR(AD28/AI28, 0) -> 19.527273 | AL28: =AJ28-AK28 -> -4.0181818 | AM28: =IFERROR(AC28/AE28, 0) -> 1.8226496 | AN28: =IF((AF28)<0, (AF28/2), AF28)/AI28 -> -2.0145273 | AO28: =(AN28-(SMALL(AN:AN,1)))*(2-(1-((1-BX28)/2)))+MIN(AN:AN) -> -2.084201 | AP28: =AL28-(IF(AVERAGE(AN28:AO28)<0, AVERAGE(AN28:AO28)*2, AVERAGE(AN28:AO28))) -> 0.080546492 | AQ28: =(AVERAGE((AL28-MIN(AL:AL))*AR28, SQRT((AL28-MIN(AL:AL))*AR28))/100)*BX28 -> 1.2787759 | AR28: =(AG28/AI28) -> 31.563636 | AS28: =IFERROR(AH28/AI28,0) -> 24.127745 | AT28: =IFERROR(IF(SQRT(AS28)>10, 10, SQRT(AS28)), 0) -> 4.9120001 | AU28: 14 | AV28: 0 | AX28: =SUM(AU28:AW28) -> 14 | AZ28: 78 | BA28: =_xlfn.RANK.EQ(BC28,BC:BC, 0) -> 78 | BB28: =AZ28-BA28 -> 0 | BC28: =((BD28*2.25)+(BE28*1.5)+(BF28*1)+(BG28*1)+(BH28*0.75)+(BI28*1)+(BJ28*1)+(BK28*0.75)+(BL28*1)+(BM28*0.75)+(BN28/LARGE(BN:BN,1))*(3/15))/(10+(9/30)) -> 0.39634547 | BD28: =IFERROR(IF((F28+G28)=1, IF(F28=0, 0.333, IF(F28=1, 0.666, 0)), IF((F28+G28)=2, IF(F28=0, 0.166, IF(F28=1, 0.5, IF(F28=2, 0.833, 0))), (F28+(L28/6))/(F28+G28))), 0) -> 0.32051282 | BE28: =IFERROR(IF((I28+J28)=1, IF(I28=0, 0.333, IF(I28=1, 0.666, 0)), IF((I28+J28)=2, IF(I28=0, 0.166, IF(I28=1, 0.5, IF(I28=2, 0.833, 0))), (I28/(I28+J28)))), 0) -> 0.33333333 | BF28: =(AJ28-(SMALL(AJ:AJ, 1)))/((LARGE(AJ:AJ, 1))-(SMALL(AJ:AJ, 1))) -> 0.25216746 | BG28: =1-(AK28-SMALL(AK:AK,1))/(LARGE(AK:AK,1)-SMALL(AK:AK,1)) -> 0.34097111 | BH28: =(AM28-SMALL(AM:AM,1))/(LARGE(AM:AM,1)-SMALL(AM:AM,1)) -> 0.16951145 | BI28: =1-(AO28-SMALL(AO:AO,1))/(LARGE(AO:AO,1)-SMALL(AO:AO,1)) -> 0.90113153 | BJ28: =(AP28+ABS(MIN(AP:AP)))/(MAX(AP:AP)+ABS(MIN(AP:AP))) -> 0.55522274 | BK28: =AVERAGE(AQ28/MAX(AQ:AQ), SQRT(AQ28/MAX(AQ:AQ))) -> 0.24610624 | BL28: =AVERAGE(AT28/MAX(AT:AT), (AT28-SMALL(AT:AT,1))/(LARGE(AT:AT,1)-SMALL(AT:AT,1))) -> 0.40999839 | BM28: =IFERROR(AX28/MAX(AX:AX), 0) -> 0.11111111 | BN28: 5 | BO28: =BN28+AX28 -> 19 | BP28: 16 | BQ28: =BO28+BP28 -> 35 | BR28: 1.3333333 | BS28: 0.39634547 | BT28: 1 | BU28: 4.9120001 | BV28: 0.25216746 | BW28: 0.34097111 | BX28: =IF(A28<17, SoC!O$3, IF(A28<33, SoC!O$4, IF(A28<49, SoC!O$5, IF(A28<65, SoC!O$6, IF(A28<81, SoC!O$7, IF(A28<97, SoC!O$8, SoC!O$9)))))) -> 1.1481544 | BY28: =SQRT(BS28) -> 0.62955974 | BZ28: =IF(BY28<(15/30), "F", IF(BY28<(18/30), "F+", IF(BY28<(19/30), "D-", IF(BY28<(20/30), "D", IF(BY28<(21/30), "D+", IF(BY28<(22/30), "C-", IF(BY28<(23/30), "C", IF(BY28<(24/30), "C+", IF(BY28<(25/30), "B-", IF(BY28<(26/30), "B", IF(BY28<(27/30), "B+", IF(BY28<(28/30), "A-", IF(BY28<(29/30), "A", "A+"))))))))))))) -> D- | CA28: =(((BS28-$CA$1)/0.15)*3)+((BU28-$BZ$1)/2) -> -3.249621 | CB28: =CF28-CE28 -> 0 | CC28: 24 | CD28: Pacifidlog Town | CE28: 78 | CF28: 78 | CG28: 79 | CH28: 78 | CI28: 78 | CJ28: 78 | CK28: 78 | CL28: 78 | CM28: 79 | CN28: 80 | CO28: 81 | CP28: 76 | CQ28: 76 | CR28: 88 | CS28: 88 | CT28: 97 | CU28: 96 | CV28: 98 | CW28: 96 | CX28: 93 | CY28: 98 | CZ28: 109 | DA28: 108 | DB28: 95 | DC28: 111 | DD28: 112 | DE28: 104 | DF28: 106 | DG28: 89
