Workbook

Sheet AutoScoreboard
C1: Score | D1: DSCR | E1: Off/Def | F1: Fatigue | G1: Climate | H1: DEX | N1: DEX | O1: Climate | P1: Fatigue | Q1: Off/Def | R1: DSCR | S1: Score
A2: AGG | I2: SEASON FOUR WORLD CHAMPIONSHIP | U2: Legs
A3: PLAYOFFS | C3: =INDEX(Rankings!BK2:'Rankings'!BK129, (J4), 1) -> 0.84947088 | D3: =INDEX(Rankings!BJ2:'Rankings'!BJ129, (J4), 1) -> 6.5982005 | E3: =INDEX(Rankings!BH2:BH129,J4,1)-INDEX(Rankings!BI2:BI129,L4,1) -> -0.41986277 | F3: =INDEX(Rankings!BE2:'Rankings'!BE129, (J4), 1) -> 161.84375 | G3: =INDEX(Rankings!BF2:'Rankings'!BF129, (J4), 1) -> 1 | H3: =INDEX(Rankings!A2:'Rankings'!A129, (J4), 1) -> 109 | I3: WORLD CHAMPIONSHIP - Lumiose City wins 2-0 | N3: =INDEX(Rankings!A2:'Rankings'!A129, (L4), 1) -> 72 | O3: =INDEX(Rankings!BF2:'Rankings'!BF129, (L4), 1) -> 0.33333333 | P3: =INDEX(Rankings!BE2:'Rankings'!BE129, (L4), 1) -> 115 | Q3: =INDEX(Rankings!BH2:BH129,L4,1)-INDEX(Rankings!BI2:BI129,J4,1) -> -0.14116615 | R3: =INDEX(Rankings!BJ2:'Rankings'!BJ129, (L4), 1) -> 7.5280955 | S3: =INDEX(Rankings!BK2:'Rankings'!BK129, (L4), 1) -> 0.99722768 | U3: Cup
C4: =INDEX(Rankings!C2:'Rankings'!C129, (J4), 1) -> Hulbury | J4: 10 | K4: =Q22*IF(Q22>0, 1+(F3-P3)*0.005, 1-(F3-P3)*0.005)*IF(Q22>0, S22, 1/S22) -> 17.028751 | L4: 1 | M4: =INDEX(Rankings!C2:'Rankings'!C129, (L4), 1) -> Lumiose City | U4: Stage
K5: =(((1-(((AVERAGE(J4,L4)*(IF(AND(J4<32, L4<32), 0.875, IF(OR(J4<32, L4<32), 1, IF(AND(J4>64, L4>64), 1.25, 1.125)))))+(IF(H26>0, G26, G27)))*(1-IF(A2="AGG", 0.06, 0)-IF(A3="WCS", 0.08, 0)-IF(A3="MRL", 0.06, 0)-IF(A3="UTL", 0.04, 0)-IF(A3="CONF", 0.1, 0)-IF(A3="PLAYOFFS", 0.12, 0))/150))*100)+(IF(G178>2, G178-2, 0)))*(1+(0.01*(A14-4)))*(1-(0.0025*T24))*IF(A13<3, 0.98, IF(A13=4, 1.02, IF(A13=5, 0.99, 1))) -> 89.526493 | U5: Neutral
J6: =IF(ISBLANK(K6), "", K6+G9) -> 39 | K6: 20 | L6: =IF(ISBLANK(K7), "", K7+M9) -> 57
D7: =CONCATENATE("(#", INDEX(Rankings!BY2:'Rankings'!BY129, (J4), 1), ", ", INDEX(Rankings!I2:'Rankings'!I129, (J4), 1), "-", INDEX(Rankings!J2:'Rankings'!J129, (J4), 1), ") ", INDEX(Rankings!F2:'Rankings'!F129, (J4), 1), "-", INDEX(Rankings!G2:'Rankings'!G129, (J4), 1)) -> (#1, 9-0) 11-1 | E7: =INDEX(Rankings!B2:'Rankings'!B129, (J4), 1) -> Dynamax | F7: =IF(K4<=-0.5, CONCATENATE("[+", ROUND(-K4, 0), "]"), "[--]") -> [--] | G7: =IF(A3="WCS",CONCATENATE(INDEX(Rankings!BR2:'Rankings'!BR129,(J4),1)," (",INDEX(Rankings!BS2:'Rankings'!BS129,(J4),1)," Region)"), IF(OR(A3="MRL", A3="UTL"), CONCATENATE(INDEX(Rankings!BT2:'Rankings'!BT129,(J4),1), " Group ", INDEX(Rankings!BU2:'Rankings'!BU129,(J4),1), " - #", INDEX(Rankings!BV2:'Rankings'!BV129,(J4),1)), INDEX(Rankings!BW2:'Rankings'!BW129,(J4),1))) -> - | I7: =IFERROR(IF(SQRT(R26/100)<1, AVERAGE(SQRT(R26/100), R26/100)*100, ((R26-100)/100+10)^2),0) -> 19.3107 | K7: 21 | M7: =IFERROR(IF(SQRT(R27/100)<1, AVERAGE(SQRT(R27/100), R27/100)*100, ((R27-100)/100+10)^2),0) -> 99.465774 | N7: =IF(A3="WCS",CONCATENATE(INDEX(Rankings!BR2:'Rankings'!BR129,(L4),1)," (",INDEX(Rankings!BS2:'Rankings'!BS129,(L4),1)," Region)"), IF(OR(A3="MRL", A3="UTL"), CONCATENATE(INDEX(Rankings!BT2:'Rankings'!BT129,(L4),1), " Group ", INDEX(Rankings!BU2:'Rankings'!BU129,(L4),1), " - #", INDEX(Rankings!BV2:'Rankings'!BV129,(L4),1)), INDEX(Rankings!BW2:'Rankings'!BW129,(L4),1))) -> S4 Kalosite Champion | P7: =IF(K4>=0.5, CONCATENATE("[+", ROUND(K4, 0), "]"), "[--]") -> [+17] | Q7: =INDEX(Rankings!B2:'Rankings'!B129, (L4), 1) -> Kalosite | R7: =CONCATENATE(INDEX(Rankings!F2:'Rankings'!F129, (L4), 1), "-", INDEX(Rankings!G2:'Rankings'!G129, (L4), 1), " (", INDEX(Rankings!I2:'Rankings'!I129, (L4), 1), "-", INDEX(Rankings!J2:'Rankings'!J129, (L4), 1), ", #", INDEX(Rankings!BY2:'Rankings'!BY129, (L4), 1), ")") -> 11-1 (8-1, #2)
C8: =INDEX(Rankings!BL2:BL129, (J4)) -> 2082 | D8: =CONCATENATE(INDEX(Rankings!F2:'Rankings'!F129, (J4), 1)+INDEX(Rankings!L2:'Rankings'!L129, (J4), 1), "-", INDEX(Rankings!G2:'Rankings'!G129, (J4), 1)+INDEX(Rankings!M2:'Rankings'!M129, (J4), 1)) -> 27-16 | E8: Overall | G8: =IF(A3="WCS", "", INDEX(Rankings!BX2:'Rankings'!BX129, (J4), 1)) -> - | J8: =IF(K13=0, "", IF(K13=1, "1st",IF(K13=2, "2nd",IF(K13=3, "1st", IF(K13=4, "2nd", IF(K13=5, "3rd", IF(K13>5, CONCATENATE(K13-2,"th")))))))) | K8: =IF(K13=0,IF(G178=2,"Final",IF(G178>2,CONCATENATE("Final/",IF(G178=3,"",G178-2),"OT"))),IF(T180="GOOD",IF(K13<3,"HALF","Overtime"),"Duplicate")) -> Final | N8: =IF(A3="WCS", "", INDEX(Rankings!BX2:'Rankings'!BX129, (L4), 1)) -> S4 WCS Champion | Q8: Overall | R8: =CONCATENATE(INDEX(Rankings!F2:'Rankings'!F129, (L4), 1)+INDEX(Rankings!L2:'Rankings'!L129, (L4), 1), "-", INDEX(Rankings!G2:'Rankings'!G129, (L4), 1)+INDEX(Rankings!M2:'Rankings'!M129, (L4), 1)) -> 43-6 | S8: =INDEX(Rankings!BL2:BL129, (L4)) -> 2303
C9: =IF(C171<>0, C171, "") | D9: =IF(D171<>0, D171, "") | E9: =IF(E171<>0, E171, "") -> 3*37 | F9: =IF(F171<>0, F171, "") -> 2*6 | G9: =SUM(G198:J203) -> 19 | M9: =SUM(L198:O203) -> 36 | P9: =IF(P171<>0, P171, "") -> 3*8! | Q9: =IF(Q171<>0, Q171, "") -> 1*44 | R9: =IF(R171<>0, R171, "") | S9: =IF(S171<>0, S171, "")
C10: =IF(C172<>0, C172, "") | D10: =IF(D172<>0, D172, "") | E10: =IF(E172<>0, E172, "") -> 3*48 | F10: =IF(F172<>0, F172, "") -> 1*10 | J10: =J178 -> 624 | L10: 0 | P10: =IF(P172<>0, P172, "") -> 2*21 | Q10: =IF(Q172<>0, Q172, "") -> 1*50+2 | R10: =IF(R172<>0, R172, "") | S10: =IF(S172<>0, S172, "")
A11: =IF(A13=1, "Tuesday", IF(A13=2, "Thursday", IF(A13=3, "Saturday", IF(A13=4, "Sunday", "Friday")))) -> Thursday | C11: =IF(C173<>0, C173, "") | D11: =IF(D173<>0, D173, "") | E11: =IF(E173<>0, E173, "") -> 1*50+7 | F11: =IF(F173<>0, F173, "") -> 1*13 | P11: =IF(P173<>0, P173, "") -> 1*25+6! | Q11: =IF(Q173<>0, Q173, "") -> 2*50+4 | R11: =IF(R173<>0, R173, "") | S11: =IF(S173<>0, S173, "") | U11: Day
A12: =IF(A14=1, "12:00p", IF(A14=2, "1:15p", IF(A14=3, "2:30p", IF(A14=4, "3:45p", IF(A14=5, "5:00p", IF(A14=6, "6:15p", IF(A14=7, "7:30p", "8:45p"))))))) -> 8:45p | C12: =IF(C174<>0, C174, "") | D12: =IF(D174<>0, D174, "") | E12: =IF(E174<>0, E174, "") -> 2*50+10 | F12: =IF(F174<>0, F174, "") -> 1*19! | P12: =IF(P174<>0, P174, "") -> 2*25+11 | Q12: =IF(Q174<>0, Q174, "") -> 4*50+12$ | R12: =IF(R174<>0, R174, "") | S12: =IF(S174<>0, S174, "") | U12: Time
A13: 2 | C13: =IF(C175<>0, C175, "") | D13: =IF(D175<>0, D175, "") | E13: =IF(E175<>0, E175, "") | F13: =IF(F175<>0, F175, "") -> 2*22 | J13: 247 | K13: =IF(L13="FINAL", 0, ROUNDDOWN(J13/100, 0)) -> 0 | L13: =K178 -> FINAL | P13: =IF(P175<>0, P175, "") -> 1*29 | Q13: =IF(Q175<>0, Q175, "") | R13: =IF(R175<>0, R175, "") | S13: =IF(S175<>0, S175, "") | U13: TRSSF
A14: 8 | C14: =IF(C176<>0, C176, "") | D14: =IF(D176<>0, D176, "") | E14: =IF(E176<>0, E176, "") | F14: =IF(F176<>0, F176, "") -> 1*24 | K14: =IF(K13=0, "", (CONCATENATE(IF(K13=1,IF(J10<251,ROUNDUP(J10/10,0),CONCATENATE("25+",ROUNDUP((J10-250)/10,0))),IF(K13=2,IF(J10<501,ROUNDUP(J10/10,0),CONCATENATE("50+",ROUNDUP((J10-500)/10,0))),IF(K13>2,IF(J10<(301+(100*K13)),ROUNDUP(J10/10,0),CONCATENATE((K13+3),"0+",ROUNDUP((J10-(300+(K13*100)))/10, 0)))))), "'"))) | L14: =IF(L178/10<0, 0, L178/10) -> 57.5 | P14: =IF(P176<>0, P176, "") -> 1*39 | Q14: =IF(Q176<>0, Q176, "") | R14: =IF(R176<>0, R176, "") | S14: =IF(S176<>0, S176, "") | U14: 1-8
A15: =IF(A179=0, "CHANGE", "") -> CHANGE | C15: =IF($I$178=C180, IF($H$178=2, ">>>>", "<<<<"), "") | D15: =IF($I$178=D180, IF($H$178=2, ">>>>", "<<<<"), "") | E15: =IF($I$178=E180, IF($H$178=2, ">>>>", "<<<<"), "") | F15: =IF($I$178=F180, IF($H$178=2, ">>>>", "<<<<"), "") | G15: =IF($I$178=G180, IF($H$178=2, ">>>>", "<<<<"), "") | H15: =IF($I$178=H180, IF($H$178=2, ">>>>", "<<<<"), "") -> <<<< | I15: =IF($I$178=I180, IF($H$178=2, ">>>>", "<<<<"), "") | J15: =IF($I$178=J180, IF($H$178=2, ">>>>", "<<<<"), "") | ... S15: =IF($I$178=S180, IF($H$178=2, ">>>>", "<<<<"), "")
B16: GOAL | C16: X | D16: X | E16: =CONCATENATE(Cards!E1, "|", Cards!F1) -> 3|4 | F16: =CONCATENATE(Cards!E2, "|", Cards!F2) -> 2|3 | G16: =CONCATENATE(Cards!E3, "|", Cards!F3) -> 2|2 | H16: =CONCATENATE(Cards!E4, "|", Cards!F4) -> 2|2 | I16: =CONCATENATE(Cards!E5, "|", Cards!F5) -> 1|1 | J16: =CONCATENATE(Cards!E6, "|", Cards!F6) -> 1|1 | K16: =CONCATENATE(Cards!E7, "|", Cards!F7) -> 1|1 | L16: =CONCATENATE(Cards!E8, "|", Cards!F8) -> 1|1 | M16: =CONCATENATE(Cards!E9, "|", Cards!F9) -> 1|1 | N16: =CONCATENATE(Cards!E10, "|", Cards!F10) -> 2|2 | O16: =CONCATENATE(Cards!E11, "|", Cards!F11) -> 2|2 | P16: =CONCATENATE(Cards!E12, "|", Cards!F12) -> 2|3 | Q16: =CONCATENATE(Cards!E13, "|", Cards!F13) -> 3|4 | R16: X | S16: X | T16: GOAL
F17: * | G17: K | H17: Q | I17: J | K17: =IF(J13=100, "RESET", "9*9") -> 9*9 | M17: J | N17: Q | O17: K | P17: *
B19: REGIONAL WEATHER | E19: Elo Win% | F19: K-Value | G19: Elo Change | J19: =IFERROR(VLOOKUP(VLOOKUP(J13-1, Cards!AK:AP, 5, FALSE), A190:B202, 2, FALSE), "") -> J | K19: =IFERROR(VLOOKUP(VLOOKUP(J13-1, Cards!AK:AP, 6, FALSE), A190:B202, 2, FALSE), "") -> 7 | N19: Rating | O19: Home Adv | P19: Climate | Q19: Eye Test | R19: ELO | S19: Game
B20: Indigo | C20: =CONCATENATE(IF(M184<(15/30), "F", IF(M184<(18/30), "F+", IF(M184<(19/30), "D-", IF(M184<(20/30), "D", IF(M184<(21/30), "D+", IF(M184<(22/30), "C-", IF(M184<(23/30), "C", IF(M184<(24/30), "C+", IF(M184<(25/30), "B-", IF(M184<(26/30), "B", IF(M184<(27/30), "B+", IF(M184<(28/30), "A-", IF(M184<(29/30), "A", "A+"))))))))))))), " ", ROUND(M184*100,0)) -> C+ 77 | E20: =1/(10^(-(C8-S8-(O20*100))/400)+1)*100 -> 13.612852 | F20: =(24+IF(OR(A3="WCS",A3="MRL",A3="UTL",A3="CONF"),8,IF(A3="PLAYOFFS",16,0))+IF(S22>1,8,0))+(ABS(H26)-4) -> 61 | G20: =ROUNDUP(IF(G9>M9, (1-(E20/100))*F20, (1-(E21/100))*F20),0) -> 9 | L20: =IFERROR(J10-VLOOKUP(K21, A205:B217, 2, FALSE), "") -> 620 | N20: =(((S3-C3)/0.15)*3) -> 2.9551361 | O20: =IF(OR(A3="WCS", A3="CONF", A3="PLAYOFFS"), 1, IF(OR(A3="MRL", A3="UTL"), 0.75, 0.5)) -> 1 | P20: =INDEX(M184:M191,L194)*((ABS(O3-G3)/3)+(1/3)) -> 0.39588071 | Q20: =((R3-D3)/2) -> 0.46494751 | R20: =(E21-E20)/50 -> 1.4554859 | S20: Spread | W20: Favorite
B21: Delta | C21: =CONCATENATE(IF(M185<(15/30), "F", IF(M185<(18/30), "F+", IF(M185<(19/30), "D-", IF(M185<(20/30), "D", IF(M185<(21/30), "D+", IF(M185<(22/30), "C-", IF(M185<(23/30), "C", IF(M185<(24/30), "C+", IF(M185<(25/30), "B-", IF(M185<(26/30), "B", IF(M185<(27/30), "B+", IF(M185<(28/30), "A-", IF(M185<(29/30), "A", "A+"))))))))))))), " ", ROUND(M185*100,0)) -> D- 62 | E21: =1/(10^(-(S8-C8+(O20*100))/400)+1)*100 -> 86.387148 | J21: =IFERROR(VLOOKUP(VLOOKUP(J13, Cards!AK:AP, 5, FALSE), A190:B202, 2, FALSE), "") -> 2 | K21: =IFERROR(VLOOKUP(VLOOKUP(J13, Cards!AK:AP, 6, FALSE), A190:B202, 2, FALSE), "") -> 4 | N21: =IF(K4>=0, M4, C4) -> Lumiose City | P21: WCS Seed | Q21: Raw Sprd | R21: Fatigue | S21: Playoffs | W21: Difference
B22: Lily Valley | C22: =CONCATENATE(IF(M186<(15/30), "F", IF(M186<(18/30), "F+", IF(M186<(19/30), "D-", IF(M186<(20/30), "D", IF(M186<(21/30), "D+", IF(M186<(22/30), "C-", IF(M186<(23/30), "C", IF(M186<(24/30), "C+", IF(M186<(25/30), "B-", IF(M186<(26/30), "B", IF(M186<(27/30), "B+", IF(M186<(28/30), "A-", IF(M186<(29/30), "A", "A+"))))))))))))), " ", ROUND(M186*100,0)) -> C 76 | L22: =J10 -> 624 | N22: =CONCATENATE("favored by ", IF(K4>0, ROUND(K4, 2), ROUND(-K4, 2))) -> favored by 17.03 | P22: =IF(A3="WCS", (MID(INDEX(Rankings!BR2:'Rankings'!BR129, (L4), 1), 2, 2)-MID(INDEX(Rankings!BR2:'Rankings'!BR129, (J4), 1), 2, 2))/-4, "-") -> - | Q22: =(SUM(N20:R20)+IF(P22="-", 0, P22)) -> 6.2714502 | R22: =1+(F3-P3)*0.005 -> 1.2342187 | S22: 2.2 | W22: Overtime
B23: Vertress | C23: =CONCATENATE(IF(M187<(15/30), "F", IF(M187<(18/30), "F+", IF(M187<(19/30), "D-", IF(M187<(20/30), "D", IF(M187<(21/30), "D+", IF(M187<(22/30), "C-", IF(M187<(23/30), "C", IF(M187<(24/30), "C+", IF(M187<(25/30), "B-", IF(M187<(26/30), "B", IF(M187<(27/30), "B+", IF(M187<(28/30), "A-", IF(M187<(29/30), "A", "A+"))))))))))))), " ", ROUND(M187*100,0)) -> C 74 | T23: Mins Late | W23: ATS
B24: Kalosite | C24: =CONCATENATE(IF(M188<(15/30), "F", IF(M188<(18/30), "F+", IF(M188<(19/30), "D-", IF(M188<(20/30), "D", IF(M188<(21/30), "D+", IF(M188<(22/30), "C-", IF(M188<(23/30), "C", IF(M188<(24/30), "C+", IF(M188<(25/30), "B-", IF(M188<(26/30), "B", IF(M188<(27/30), "B+", IF(M188<(28/30), "A-", IF(M188<(29/30), "A", "A+"))))))))))))), " ", ROUND(M188*100,0)) -> C- 71 | E24: DYNAMAX SCORE CALCULATION | S24: Game Time | T24: 1 | W24: Stoppage
B25: Lanakila | C25: =CONCATENATE(IF(M189<(15/30), "F", IF(M189<(18/30), "F+", IF(M189<(19/30), "D-", IF(M189<(20/30), "D", IF(M189<(21/30), "D+", IF(M189<(22/30), "C-", IF(M189<(23/30), "C", IF(M189<(24/30), "C+", IF(M189<(25/30), "B-", IF(M189<(26/30), "B", IF(M189<(27/30), "B+", IF(M189<(28/30), "A-", IF(M189<(29/30), "A", "A+"))))))))))))), " ", ROUND(M189*100,0)) -> C 75 | E25: Away | F25: Home | G25: Favorite | H25: Difference | I25: Overtime? | J25: ATS | K25: !#$+ | L25: MOV/SEC | M25: LEAD | N25: LEAD SIZE | O25: Goal Diff. | P25: Goal Avg. | Q25: Multiplier | R25: Raw DSCR | S25: =Cards!BL1 -> 75 | W25: Aces/KRs
B26: Dynamax | C26: =CONCATENATE(IF(M190<(15/30), "F", IF(M190<(18/30), "F+", IF(M190<(19/30), "D-", IF(M190<(20/30), "D", IF(M190<(21/30), "D+", IF(M190<(22/30), "C-", IF(M190<(23/30), "C", IF(M190<(24/30), "C+", IF(M190<(25/30), "B-", IF(M190<(26/30), "B", IF(M190<(27/30), "B+", IF(M190<(28/30), "A-", IF(M190<(29/30), "A", "A+"))))))))))))), " ", ROUND(M190*100,0)) -> D 66 | E26: =C4 -> Hulbury | G26: =-G27 -> -17.028751 | H26: =G9-M9 -> -17 | I26: =IF(ROUNDDOWN(J13/100, 0)>2, -G26, 0) -> 0 | J26: =IF(AND(G26>0, H26>0, G26>H26), H26/G26, IF(AND(G26<0, H26<0, H26>G26), 3*(1-(H26/G26)), IF(AND(G26<0, H26<G26), -(H26/G26), IF(AND(G26>0, H26>0, H26>G26), 1+(H26/G26), IF(AND(G26<0, H26>0), -G26+(0.5*(H26+G26)), IF(AND(G26>0, H26<0), -G26+(0.25*H26), 0))))))/1.5 -> 0.003376784 | K26: =SUM(C182:F187) -> 5 | L26: =IFERROR(Cards!CC1*3,0) -> 1.4583127 | M26: =IFERROR(Cards!BP2*2,0) -> 0.24210526 | N26: =IFERROR(IF(Cards!BO1>0, Cards!BO1, 0),0) -> 0 | O26: =IF(AND(H26>0, (H26-G26)>0), IF((COUNT(C182:F187)-COUNT(P182:S187))<0, (COUNT(C182:F187)-COUNT(P182:S187))*-1, (COUNT(C182:F187)-COUNT(P182:S187))*0.25), 0) -> 0 | P26: =IFERROR(SUM(C190:F195)/COUNT(C182:F187),0) -> 1.7 | Q26: =IFERROR((G9/M9)*(S3+1), G9*(S3+1)) -> 1.0540924 | R26: =IFERROR(IF(((SUM(I26:P26)-IF(J26>G9,J26-G9,0)+IF(J26<-M9,-M9-J26, 0))*Q26)<0, 0, ((SUM(I26:P26)-IF(J26>G9,J26-G9,0)+IF(J26<-M9,-M9-J26, 0))*Q26)),0) -> 8.8583761 | T26: Next Block | W26: Time Led
B27: Phoenix | C27: =CONCATENATE(IF(M191<(15/30), "F", IF(M191<(18/30), "F+", IF(M191<(19/30), "D-", IF(M191<(20/30), "D", IF(M191<(21/30), "D+", IF(M191<(22/30), "C-", IF(M191<(23/30), "C", IF(M191<(24/30), "C+", IF(M191<(25/30), "B-", IF(M191<(26/30), "B", IF(M191<(27/30), "B+", IF(M191<(28/30), "A-", IF(M191<(29/30), "A", "A+"))))))))))))), " ", ROUND(M191*100,0)) -> F+ 58 | E27: =M4 -> Lumiose City | G27: =K4 -> 17.028751 | H27: =M9-G9 -> 17 | I27: =IF(ROUNDDOWN(J13/100, 0)>2, -G27, 0) -> 0 | J27: =IF(AND(G27>0, H27>0, G27>H27), H27/G27, IF(AND(G27<0, H27<0, H27>G27), 3*(1-(H27/G27)), IF(AND(G27<0, H27<G27), -(H27/G27), IF(AND(G27>0, H27>0, H27>G27), 1+(H27/G27), IF(AND(G27<0, H27>0), -G27+(0.5*(H27+G27)), IF(AND(G27>0, H27<0), -G27+(0.25*H27), 0))))))/1.5 -> 0.66554107 | K27: =SUM(P182:S187) -> 16 | L27: =IFERROR(Cards!CC2*3,0) -> 1.5416873 | M27: =IFERROR(Cards!BQ2*2,0) -> 1.7578947 | N27: =IFERROR(IF(Cards!BO1<0, -Cards!BO1, 0),0) -> 6.5684211 | O27: =IF(AND(H27>0,(H27-G27)>0), IF((COUNT(P182:S187)-COUNT(C182:F187))<0, (COUNT(P182:S187)-COUNT(C182:F187))*-1, (COUNT(P182:S187)-COUNT(C182:F187))*0.25), 0) -> 0 | P27: =IFERROR(SUM(P190:S195)/COUNT(P182:S187),0) -> 1.8 | Q27: =IFERROR((M9/G9)*(C3+1), M9*(C3+1)) -> 3.5042606 | R27: =IFERROR(IF(((SUM(I27:P27)-IF(J27>M9,J27-M9,0)+IF(J27<-G9,-G9-J27, 0))*Q27)<0, 0, ((SUM(I27:P27)-IF(J27>M9,J27-M9,0)+IF(J27<-G9,-G9-J27, 0))*Q27)),0) -> 99.288123 | T27: 0 | W27: Avg Led By
W28: ToP
G29: FIRST HALF | I29: SECOND HALF | K29: FIRST OVERTIME | M29: SECOND OVERTIME | O29: THIRD OVERTIME | Q29: FOURTH OVERTIME | S29: FIFTH OVERTIME
A30: Regulation | B30: 1 | C30: =IF($J$13=100, RAND(), "") | D30: =IF($J$13=100, RAND(), "") | E30: =IFERROR(RANK(C30, $C$30:$D$55),"") | F30: =IFERROR(RANK(D30, $C$30:$D$55),"") | G30: 52 | H30: 38 | I30: 51 | J30: 16 | W30: 1
B31: 2 | C31: =IF($J$13=100, RAND(), "") | D31: =IF($J$13=100, RAND(), "") | E31: =IFERROR(RANK(C31, $C$30:$D$55),"") | F31: =IFERROR(RANK(D31, $C$30:$D$55),"") | G31: 17 | H31: 23 | I31: 37 | J31: 47 | W31: 1
B32: 3 | C32: =IF($J$13=100, RAND(), "") | D32: =IF($J$13=100, RAND(), "") | E32: =IFERROR(RANK(C32, $C$30:$D$55),"") | F32: =IFERROR(RANK(D32, $C$30:$D$55),"") | G32: 9 | H32: 16 | I32: 19 | J32: 1 | W32: 1
B33: 4 | C33: =IF($J$13=100, RAND(), "") | D33: =IF($J$13=100, RAND(), "") | E33: =IFERROR(RANK(C33, $C$30:$D$55),"") | F33: =IFERROR(RANK(D33, $C$30:$D$55),"") | G33: 28 | H33: 40 | I33: 36 | J33: 43 | W33: 1
B34: 5 | C34: =IF($J$13=100, RAND(), "") | D34: =IF($J$13=100, RAND(), "") | E34: =IFERROR(RANK(C34, $C$30:$D$55),"") | F34: =IFERROR(RANK(D34, $C$30:$D$55),"") | G34: 26 | H34: 25 | I34: 45 | J34: 13 | W34: 1
B35: 6 | C35: =IF($J$13=100, RAND(), "") | D35: =IF($J$13=100, RAND(), "") | E35: =IFERROR(RANK(C35, $C$30:$D$55),"") | F35: =IFERROR(RANK(D35, $C$30:$D$55),"") | G35: 45 | H35: 39 | I35: 33 | J35: 21 | W35: 1
B36: 7 | C36: =IF($J$13=100, RAND(), "") | D36: =IF($J$13=100, RAND(), "") | E36: =IFERROR(RANK(C36, $C$30:$D$55),"") | F36: =IFERROR(RANK(D36, $C$30:$D$55),"") | G36: 8 | H36: 31 | I36: 46 | J36: 11 | W36: 1
B37: 8 | C37: =IF($J$13=100, RAND(), "") | D37: =IF($J$13=100, RAND(), "") | E37: =IFERROR(RANK(C37, $C$30:$D$55),"") | F37: =IFERROR(RANK(D37, $C$30:$D$55),"") | G37: 27 | H37: 13 | I37: 44 | J37: 7 | W37: 1
B38: 9 | C38: =IF($J$13=100, RAND(), "") | D38: =IF($J$13=100, RAND(), "") | E38: =IFERROR(RANK(C38, $C$30:$D$55),"") | F38: =IFERROR(RANK(D38, $C$30:$D$55),"") | G38: 33 | H38: 6 | I38: 6 | J38: 18 | W38: 1
B39: 10 | C39: =IF($J$13=100, RAND(), "") | D39: =IF($J$13=100, RAND(), "") | E39: =IFERROR(RANK(C39, $C$30:$D$55),"") | F39: =IFERROR(RANK(D39, $C$30:$D$55),"") | G39: 49 | H39: 4 | I39: 14 | J39: 41 | W39: 1
B40: 11 | C40: =IF($J$13=100, RAND(), "") | D40: =IF($J$13=100, RAND(), "") | E40: =IFERROR(RANK(C40, $C$30:$D$55),"") | F40: =IFERROR(RANK(D40, $C$30:$D$55),"") | G40: 7 | H40: 37 | I40: 40 | J40: 27 | W40: 1
B41: 12 | C41: =IF($J$13=100, RAND(), "") | D41: =IF($J$13=100, RAND(), "") | E41: =IFERROR(RANK(C41, $C$30:$D$55),"") | F41: =IFERROR(RANK(D41, $C$30:$D$55),"") | G41: 30 | H41: 3 | I41: 31 | J41: 22 | W41: 1
B42: 13 | C42: =IF($J$13=100, RAND(), "") | D42: =IF($J$13=100, RAND(), "") | E42: =IFERROR(RANK(C42, $C$30:$D$55),"") | F42: =IFERROR(RANK(D42, $C$30:$D$55),"") | G42: 15 | H42: 1 | I42: 5 | J42: 10 | W42: 1
... B55: 26 | C55: =IF($J$13=100, RAND(), "") | D55: =IF($J$13=100, RAND(), "") | E55: =IFERROR(RANK(C55, $C$30:$D$55),"") | F55: =IFERROR(RANK(D55, $C$30:$D$55),"") | G55: 43 | H55: 22 | I55: 34 | J55: 29 | W55: 1
B56: 27 | C56: =IF($J$13=100, RAND(), "") | D56: =IF($J$13=100, RAND(), "") | E56: =IFERROR(RANK(C56, $C$56:$D$81),"") | F56: =IFERROR(RANK(D56, $C$56:$D$81),"") | G56: 45 | H56: 3 | I56: 36 | J56: 5 | W56: 1
B57: 28 | C57: =IF($J$13=100, RAND(), "") | D57: =IF($J$13=100, RAND(), "") | E57: =IFERROR(RANK(C57, $C$56:$D$81),"") | F57: =IFERROR(RANK(D57, $C$56:$D$81),"") | G57: 40 | H57: 21 | I57: 2 | J57: 13 | W57: 1
B58: 29 | C58: =IF($J$13=100, RAND(), "") | D58: =IF($J$13=100, RAND(), "") | E58: =IFERROR(RANK(C58, $C$56:$D$81),"") | F58: =IFERROR(RANK(D58, $C$56:$D$81),"") | G58: 6 | H58: 12 | I58: 7 | J58: 49 | W58: 1
B59: 30 | C59: =IF($J$13=100, RAND(), "") | D59: =IF($J$13=100, RAND(), "") | E59: =IFERROR(RANK(C59, $C$56:$D$81),"") | F59: =IFERROR(RANK(D59, $C$56:$D$81),"") | G59: 44 | H59: 7 | I59: 33 | J59: 32 | W59: 1
B60: 31 | C60: =IF($J$13=100, RAND(), "") | D60: =IF($J$13=100, RAND(), "") | E60: =IFERROR(RANK(C60, $C$56:$D$81),"") | F60: =IFERROR(RANK(D60, $C$56:$D$81),"") | G60: 14 | H60: 39 | I60: 46 | J60: 1 | W60: 1
B61: 32 | C61: =IF($J$13=100, RAND(), "") | D61: =IF($J$13=100, RAND(), "") | E61: =IFERROR(RANK(C61, $C$56:$D$81),"") | F61: =IFERROR(RANK(D61, $C$56:$D$81),"") | G61: 11 | H61: 2 | I61: 29 | J61: 45 | W61: 1
B62: 33 | C62: =IF($J$13=100, RAND(), "") | D62: =IF($J$13=100, RAND(), "") | E62: =IFERROR(RANK(C62, $C$56:$D$81),"") | F62: =IFERROR(RANK(D62, $C$56:$D$81),"") | G62: 30 | H62: 10 | I62: 44 | J62: 39 | W62: 1
B63: 34 | C63: =IF($J$13=100, RAND(), "") | D63: =IF($J$13=100, RAND(), "") | E63: =IFERROR(RANK(C63, $C$56:$D$81),"") | F63: =IFERROR(RANK(D63, $C$56:$D$81),"") | G63: 32 | H63: 28 | I63: 23 | J63: 10 | W63: 1
B64: 35 | C64: =IF($J$13=100, RAND(), "") | D64: =IF($J$13=100, RAND(), "") | E64: =IFERROR(RANK(C64, $C$56:$D$81),"") | F64: =IFERROR(RANK(D64, $C$56:$D$81),"") | G64: 18 | H64: 16 | I64: 8 | J64: 47 | W64: 1
B65: 36 | C65: =IF($J$13=100, RAND(), "") | D65: =IF($J$13=100, RAND(), "") | E65: =IFERROR(RANK(C65, $C$56:$D$81),"") | F65: =IFERROR(RANK(D65, $C$56:$D$81),"") | G65: 9 | H65: 36 | I65: 19 | J65: 24 | W65: 1
B66: 37 | C66: =IF($J$13=100, RAND(), "") | D66: =IF($J$13=100, RAND(), "") | E66: =IFERROR(RANK(C66, $C$56:$D$81),"") | F66: =IFERROR(RANK(D66, $C$56:$D$81),"") | G66: 23 | H66: 24 | I66: 9 | J66: 41 | W66: 1
B67: 38 | C67: =IF($J$13=100, RAND(), "") | D67: =IF($J$13=100, RAND(), "") | E67: =IFERROR(RANK(C67, $C$56:$D$81),"") | F67: =IFERROR(RANK(D67, $C$56:$D$81),"") | G67: 19 | H67: 29 | I67: 37 | J67: 16 | W67: 1
... B81: 52 | C81: =IF($J$13=100, RAND(), "") | D81: =IF($J$13=100, RAND(), "") | E81: =IFERROR(RANK(C81, $C$56:$D$81),"") | F81: =IFERROR(RANK(D81, $C$56:$D$81),"") | G81: 48 | H81: 4 | I81: 28 | J81: 20 | W81: 1
B82: 53 | C82: =IF($J$13=100, RAND(), "") | D82: =IF($J$13=100, RAND(), "") | E82: =IFERROR(RANK(C82, $C$82:$D$107),"") | F82: =IFERROR(RANK(D82, $C$82:$D$107),"") | G82: 27 | H82: 35 | I82: 38 | J82: 19 | W82: 1
B83: 54 | C83: =IF($J$13=100, RAND(), "") | D83: =IF($J$13=100, RAND(), "") | E83: =IFERROR(RANK(C83, $C$82:$D$107),"") | F83: =IFERROR(RANK(D83, $C$82:$D$107),"") | G83: 47 | H83: 32 | I83: 39 | J83: 51 | W83: 1
B84: 55 | C84: =IF($J$13=100, RAND(), "") | D84: =IF($J$13=100, RAND(), "") | E84: =IFERROR(RANK(C84, $C$82:$D$107),"") | F84: =IFERROR(RANK(D84, $C$82:$D$107),"") | G84: 48 | H84: 29 | I84: 34 | J84: 10 | W84: 1
B85: 56 | C85: =IF($J$13=100, RAND(), "") | D85: =IF($J$13=100, RAND(), "") | E85: =IFERROR(RANK(C85, $C$82:$D$107),"") | F85: =IFERROR(RANK(D85, $C$82:$D$107),"") | G85: 40 | H85: 3 | I85: 29 | J85: 26 | W85: 1
B86: 57 | C86: =IF($J$13=100, RAND(), "") | D86: =IF($J$13=100, RAND(), "") | E86: =IFERROR(RANK(C86, $C$82:$D$107),"") | F86: =IFERROR(RANK(D86, $C$82:$D$107),"") | G86: 7 | H86: 19 | I86: 52 | J86: 28 | W86: 1
B87: 58 | C87: =IF($J$13=100, RAND(), "") | D87: =IF($J$13=100, RAND(), "") | E87: =IFERROR(RANK(C87, $C$82:$D$107),"") | F87: =IFERROR(RANK(D87, $C$82:$D$107),"") | G87: 51 | H87: 52 | I87: 45 | J87: 47 | W87: 1
B88: 59 | C88: =IF($J$13=100, RAND(), "") | D88: =IF($J$13=100, RAND(), "") | E88: =IFERROR(RANK(C88, $C$82:$D$107),"") | F88: =IFERROR(RANK(D88, $C$82:$D$107),"") | G88: 28 | H88: 33 | I88: 30 | J88: 21 | W88: 1
B89: 60 | C89: =IF($J$13=100, RAND(), "") | D89: =IF($J$13=100, RAND(), "") | E89: =IFERROR(RANK(C89, $C$82:$D$107),"") | F89: =IFERROR(RANK(D89, $C$82:$D$107),"") | G89: 25 | H89: 37 | I89: 36 | J89: 4 | W89: 1
B90: 61 | C90: =IF($J$13=100, RAND(), "") | D90: =IF($J$13=100, RAND(), "") | E90: =IFERROR(RANK(C90, $C$82:$D$107),"") | F90: =IFERROR(RANK(D90, $C$82:$D$107),"") | G90: 15 | H90: 23 | I90: 6 | J90: 2 | W90: 1
B91: 62 | C91: =IF($J$13=100, RAND(), "") | D91: =IF($J$13=100, RAND(), "") | E91: =IFERROR(RANK(C91, $C$82:$D$107),"") | F91: =IFERROR(RANK(D91, $C$82:$D$107),"") | G91: 13 | H91: 17 | I91: 13 | J91: 25 | W91: 1
B92: 63 | C92: =IF($J$13=100, RAND(), "") | D92: =IF($J$13=100, RAND(), "") | E92: =IFERROR(RANK(C92, $C$82:$D$107),"") | F92: =IFERROR(RANK(D92, $C$82:$D$107),"") | G92: 4 | H92: 41 | I92: 24 | J92: 3 | W92: 1
B93: 64 | C93: =IF($J$13=100, RAND(), "") | D93: =IF($J$13=100, RAND(), "") | E93: =IFERROR(RANK(C93, $C$82:$D$107),"") | F93: =IFERROR(RANK(D93, $C$82:$D$107),"") | G93: 24 | H93: 12 | I93: 18 | J93: 44 | W93: 1
... B107: 78 | C107: =IF($J$13=100, RAND(), "") | D107: =IF($J$13=100, RAND(), "") | E107: =IFERROR(RANK(C107, $C$82:$D$107),"") | F107: =IFERROR(RANK(D107, $C$82:$D$107),"") | G107: 50 | H107: 14 | I107: 48 | J107: 46 | W107: 1
W108: AGG OT
A109: Overtime | B109: 1 | C109: =IF(INT($J$13/100)>=3, RAND(), "") | D109: =IF(INT($J$13/100)>=3, RAND(), "") | E109: =IFERROR(RANK(C109, $C$109:$D$134),"") | F109: =IFERROR(RANK(D109, $C$109:$D$134),"") | W109: Playoff
B110: 2 | C110: =IF(INT($J$13/100)>=3, RAND(), "") | D110: =IF(INT($J$13/100)>=3, RAND(), "") | E110: =IFERROR(RANK(C110, $C$109:$D$134),"") | F110: =IFERROR(RANK(D110, $C$109:$D$134),"")
B111: 3 | C111: =IF(INT($J$13/100)>=3, RAND(), "") | D111: =IF(INT($J$13/100)>=3, RAND(), "") | E111: =IFERROR(RANK(C111, $C$109:$D$134),"") | F111: =IFERROR(RANK(D111, $C$109:$D$134),"")
B112: 4 | C112: =IF(INT($J$13/100)>=3, RAND(), "") | D112: =IF(INT($J$13/100)>=3, RAND(), "") | E112: =IFERROR(RANK(C112, $C$109:$D$134),"") | F112: =IFERROR(RANK(D112, $C$109:$D$134),"")
B113: 5 | C113: =IF(INT($J$13/100)>=3, RAND(), "") | D113: =IF(INT($J$13/100)>=3, RAND(), "") | E113: =IFERROR(RANK(C113, $C$109:$D$134),"") | F113: =IFERROR(RANK(D113, $C$109:$D$134),"")
B114: 6 | C114: =IF(INT($J$13/100)>=3, RAND(), "") | D114: =IF(INT($J$13/100)>=3, RAND(), "") | E114: =IFERROR(RANK(C114, $C$109:$D$134),"") | F114: =IFERROR(RANK(D114, $C$109:$D$134),"")
B115: 7 | C115: =IF(INT($J$13/100)>=3, RAND(), "") | D115: =IF(INT($J$13/100)>=3, RAND(), "") | E115: =IFERROR(RANK(C115, $C$109:$D$134),"") | F115: =IFERROR(RANK(D115, $C$109:$D$134),"")
B116: 8 | C116: =IF(INT($J$13/100)>=3, RAND(), "") | D116: =IF(INT($J$13/100)>=3, RAND(), "") | E116: =IFERROR(RANK(C116, $C$109:$D$134),"") | F116: =IFERROR(RANK(D116, $C$109:$D$134),"")
B117: 9 | C117: =IF(INT($J$13/100)>=3, RAND(), "") | D117: =IF(INT($J$13/100)>=3, RAND(), "") | E117: =IFERROR(RANK(C117, $C$109:$D$134),"") | F117: =IFERROR(RANK(D117, $C$109:$D$134),"")
B118: 10 | C118: =IF(INT($J$13/100)>=3, RAND(), "") | D118: =IF(INT($J$13/100)>=3, RAND(), "") | E118: =IFERROR(RANK(C118, $C$109:$D$134),"") | F118: =IFERROR(RANK(D118, $C$109:$D$134),"")
B119: 11 | C119: =IF(INT($J$13/100)>=3, RAND(), "") | D119: =IF(INT($J$13/100)>=3, RAND(), "") | E119: =IFERROR(RANK(C119, $C$109:$D$134),"") | F119: =IFERROR(RANK(D119, $C$109:$D$134),"")
B120: 12 | C120: =IF(INT($J$13/100)>=3, RAND(), "") | D120: =IF(INT($J$13/100)>=3, RAND(), "") | E120: =IFERROR(RANK(C120, $C$109:$D$134),"") | F120: =IFERROR(RANK(D120, $C$109:$D$134),"")
B121: 13 | C121: =IF(INT($J$13/100)>=3, RAND(), "") | D121: =IF(INT($J$13/100)>=3, RAND(), "") | E121: =IFERROR(RANK(C121, $C$109:$D$134),"") | F121: =IFERROR(RANK(D121, $C$109:$D$134),"")
... B134: 26 | C134: =IF(INT($J$13/100)>=3, RAND(), "") | D134: =IF(INT($J$13/100)>=3, RAND(), "") | E134: =IFERROR(RANK(C134, $C$109:$D$134),"") | F134: =IFERROR(RANK(D134, $C$109:$D$134),"")
B135: 27 | C135: =IF(INT($J$13/100)>=3, RAND(), "") | D135: =IF(INT($J$13/100)>=3, RAND(), "") | E135: =IFERROR(RANK(C135, $C$135:$D$160),"") | F135: =IFERROR(RANK(D135, $C$135:$D$160),"")
B136: 28 | C136: =IF(INT($J$13/100)>=3, RAND(), "") | D136: =IF(INT($J$13/100)>=3, RAND(), "") | E136: =IFERROR(RANK(C136, $C$135:$D$160),"") | F136: =IFERROR(RANK(D136, $C$135:$D$160),"")
B137: 29 | C137: =IF(INT($J$13/100)>=3, RAND(), "") | D137: =IF(INT($J$13/100)>=3, RAND(), "") | E137: =IFERROR(RANK(C137, $C$135:$D$160),"") | F137: =IFERROR(RANK(D137, $C$135:$D$160),"")
B138: 30 | C138: =IF(INT($J$13/100)>=3, RAND(), "") | D138: =IF(INT($J$13/100)>=3, RAND(), "") | E138: =IFERROR(RANK(C138, $C$135:$D$160),"") | F138: =IFERROR(RANK(D138, $C$135:$D$160),"")
B139: 31 | C139: =IF(INT($J$13/100)>=3, RAND(), "") | D139: =IF(INT($J$13/100)>=3, RAND(), "") | E139: =IFERROR(RANK(C139, $C$135:$D$160),"") | F139: =IFERROR(RANK(D139, $C$135:$D$160),"")
B140: 32 | C140: =IF(INT($J$13/100)>=3, RAND(), "") | D140: =IF(INT($J$13/100)>=3, RAND(), "") | E140: =IFERROR(RANK(C140, $C$135:$D$160),"") | F140: =IFERROR(RANK(D140, $C$135:$D$160),"")
B141: 33 | C141: =IF(INT($J$13/100)>=3, RAND(), "") | D141: =IF(INT($J$13/100)>=3, RAND(), "") | E141: =IFERROR(RANK(C141, $C$135:$D$160),"") | F141: =IFERROR(RANK(D141, $C$135:$D$160),"")
B142: 34 | C142: =IF(INT($J$13/100)>=3, RAND(), "") | D142: =IF(INT($J$13/100)>=3, RAND(), "") | E142: =IFERROR(RANK(C142, $C$135:$D$160),"") | F142: =IFERROR(RANK(D142, $C$135:$D$160),"")
B143: 35 | C143: =IF(INT($J$13/100)>=3, RAND(), "") | D143: =IF(INT($J$13/100)>=3, RAND(), "") | E143: =IFERROR(RANK(C143, $C$135:$D$160),"") | F143: =IFERROR(RANK(D143, $C$135:$D$160),"")
B144: 36 | C144: =IF(INT($J$13/100)>=3, RAND(), "") | D144: =IF(INT($J$13/100)>=3, RAND(), "") | E144: =IFERROR(RANK(C144, $C$135:$D$160),"") | F144: =IFERROR(RANK(D144, $C$135:$D$160),"")
B145: 37 | C145: =IF(INT($J$13/100)>=3, RAND(), "") | D145: =IF(INT($J$13/100)>=3, RAND(), "") | E145: =IFERROR(RANK(C145, $C$135:$D$160),"") | F145: =IFERROR(RANK(D145, $C$135:$D$160),"")
B146: 38 | C146: =IF(INT($J$13/100)>=3, RAND(), "") | D146: =IF(INT($J$13/100)>=3, RAND(), "") | E146: =IFERROR(RANK(C146, $C$135:$D$160),"") | F146: =IFERROR(RANK(D146, $C$135:$D$160),"")
... B159: 51 | C159: =IF(INT($J$13/100)>=3, RAND(), "") | D159: =IF(INT($J$13/100)>=3, RAND(), "") | E159: =IFERROR(RANK(C159, $C$135:$D$160),"") | F159: =IFERROR(RANK(D159, $C$135:$D$160),"")
B160: 52 | C160: =IF(INT($J$13/100)>=3, RAND(), "") | D160: =IF(INT($J$13/100)>=3, RAND(), "") | E160: =IFERROR(RANK(C160, $C$135:$D$160),"") | F160: =IFERROR(RANK(D160, $C$135:$D$160),"") | W160: Multi 0.0
C171: =IFERROR(VLOOKUP(H171, Cards!$BB:$BD, 3, FALSE), ) -> 0 | D171: =IFERROR(VLOOKUP(I171, Cards!$BB:$BD, 3, FALSE), ) -> 0 | E171: =IFERROR(VLOOKUP(J171, Cards!$BB:$BD, 3, FALSE), ) -> 3*37 | F171: =IFERROR(VLOOKUP(K171, Cards!$BB:$BD, 3, FALSE), ) -> 2*6 | H171: 19 | I171: 13 | J171: 7 | K171: 1 | L171: 7 | M171: 13 | N171: 19 | P171: =IFERROR(VLOOKUP(K171, Cards!$BC:$BE, 3, FALSE), ) -> 3*8! | Q171: =IFERROR(VLOOKUP(L171, Cards!$BC:$BE, 3, FALSE), ) -> 1*44 | R171: =IFERROR(VLOOKUP(M171, Cards!$BC:$BE, 3, FALSE), ) -> 0 | S171: =IFERROR(VLOOKUP(N171, Cards!$BC:$BE, 3, FALSE), ) -> 0
C172: =IFERROR(VLOOKUP(H172, Cards!$BB:$BD, 3, FALSE), ) -> 0 | D172: =IFERROR(VLOOKUP(I172, Cards!$BB:$BD, 3, FALSE), ) -> 0 | E172: =IFERROR(VLOOKUP(J172, Cards!$BB:$BD, 3, FALSE), ) -> 3*48 | F172: =IFERROR(VLOOKUP(K172, Cards!$BB:$BD, 3, FALSE), ) -> 1*10 | H172: 20 | I172: 14 | J172: 8 | K172: 2 | L172: 8 | M172: 14 | N172: 20 | P172: =IFERROR(VLOOKUP(K172, Cards!$BC:$BE, 3, FALSE), ) -> 2*21 | Q172: =IFERROR(VLOOKUP(L172, Cards!$BC:$BE, 3, FALSE), ) -> 1*50+2 | R172: =IFERROR(VLOOKUP(M172, Cards!$BC:$BE, 3, FALSE), ) -> 0 | S172: =IFERROR(VLOOKUP(N172, Cards!$BC:$BE, 3, FALSE), ) -> 0
C173: =IFERROR(VLOOKUP(H173, Cards!$BB:$BD, 3, FALSE), ) -> 0 | D173: =IFERROR(VLOOKUP(I173, Cards!$BB:$BD, 3, FALSE), ) -> 0 | E173: =IFERROR(VLOOKUP(J173, Cards!$BB:$BD, 3, FALSE), ) -> 1*50+7 | F173: =IFERROR(VLOOKUP(K173, Cards!$BB:$BD, 3, FALSE), ) -> 1*13 | H173: 21 | I173: 15 | J173: 9 | K173: 3 | L173: 9 | M173: 15 | N173: 21 | P173: =IFERROR(VLOOKUP(K173, Cards!$BC:$BE, 3, FALSE), ) -> 1*25+6! | Q173: =IFERROR(VLOOKUP(L173, Cards!$BC:$BE, 3, FALSE), ) -> 2*50+4 | R173: =IFERROR(VLOOKUP(M173, Cards!$BC:$BE, 3, FALSE), ) -> 0 | S173: =IFERROR(VLOOKUP(N173, Cards!$BC:$BE, 3, FALSE), ) -> 0
...

Sheet Archive
B1: =IF(AutoScoreboard!I195="W", AutoScoreboard!J195, AutoScoreboard!J196) -> HW!109+36-19^10(17.03)[90]{99.5}2312 | C1: =IF(AutoScoreboard!H26>0, AutoScoreboard!G26, AutoScoreboard!G27) -> 17.028751 | D1: =AutoScoreboard!G20 -> 9 | E1: =AutoScoreboard!K5 -> 89.526493 | F1: =IF(AutoScoreboard!H26>0, "A", "H") -> H | G1: =IF(AutoScoreboard!H26>0, AutoScoreboard!J4, AutoScoreboard!L4) -> 1 | H1: =IF(AutoScoreboard!H26>0, AutoScoreboard!C4, AutoScoreboard!M4) -> Lumiose City | I1: =IF(AutoScoreboard!H26>0, AutoScoreboard!G9, AutoScoreboard!M9) -> 36 | J1: =IF(AutoScoreboard!H26>0, AutoScoreboard!M9, AutoScoreboard!G9) -> 19 | K1: =IF(AutoScoreboard!H26>0, AutoScoreboard!M4, AutoScoreboard!C4) -> Hulbury | L1: =IF(AutoScoreboard!H26>0, AutoScoreboard!L4, AutoScoreboard!J4) -> 10 | M1: =IF(AutoScoreboard!H26>0, CONCATENATE("[", AutoScoreboard!M178, "-", AutoScoreboard!N178, "]"), CONCATENATE("[", AutoScoreboard!N178, "-", AutoScoreboard!M178, "]")) -> [10-10] | N1: =IF(AutoScoreboard!H26>0,CONCATENATE("{",ROUND(AutoScoreboard!I7,1),"-",ROUND(AutoScoreboard!M7,1),"}"),CONCATENATE("{",ROUND(AutoScoreboard!M7,1),"-",ROUND(AutoScoreboard!I7,1),"}")) -> {99.5-19.3} | O1: =IF(MAX(AutoScoreboard!I7,AutoScoreboard!M7)>100, "MAX", IF(AutoScoreboard!H26>0, IF(AutoScoreboard!M7>AutoScoreboard!I7, "INVT", ""), IF(AutoScoreboard!I7>AutoScoreboard!M7, "INVT", ""))) | P1: CONCATENATE(H, " leads ", I, "-", J) | Q1: =IF(AutoScoreboard!I195="L", AutoScoreboard!J195, AutoScoreboard!J196) -> AL!72+19-36^10(-17.03)[90]{19.3}2073
A2: D1 8/14 | B2: Matchday One (Sat) | C2: 7.4959961 | D2: 11 | E2: 22.571369 | F2: A | G2: 64 | H2: Oreburgh City | I2: 26 | J2: 13 | K2: Canalave City | L2: 128 | M2: [11-5] | N2: {72.8-16.9}
C3: 11.414909 | D3: 19 | E3: 40.94108 | F3: H | G3: 38 | H3: Gateon Port | I3: 36 | J3: 12 | K3: Ringtown | L3: 126 | M3: [8-7] | N3: {105.8-12.9} | O3: MAX | P3: Phoenix Conference debut
C4: 1.0434648 | D4: 13 | E4: -3.9534332 | F4: H | G4: 125 | H4: Dendemille Town | I4: 26 | J4: 18 | K4: Santalune City | L4: 123 | M4: [12-9] | N4: {59.9-16.7} | P4: First ever negative game rating
A5: D2 8/15 | C5: 5.3122666 | D5: 8 | E5: 6.3373923 | F5: H | G5: 92 | H5: Crown Tundra | I5: 21 | J5: 13 | K5: Isle of Armor | L5: 124 | M5: [9-8] | N5: {51.4-21.5}
C6: 10.022209 | D6: 21 | E6: 46.397879 | F6: A | G6: 17 | H6: Aqua Resort | I6: 32 | J6: 15 | K6: Pueltown | L6: 122 | M6: [8-7] | N6: {88-15.2}
C7: 1.9901923 | D7: 15 | E7: 8.9762484 | F7: A | G7: 94 | H7: Azalea Town | I7: 35 | J7: 20 | K7: Ecruteak City | L7: 121 | M7: [13-9] | N7: {99-19.5}
C8: 4.0880599 | D8: 12 | E8: 10.475361 | F8: H | G8: 88 | H8: Seafolk Village | I8: 32 | J8: 13 | K8: Hau'oli City | L8: 120 | M8: [12-9] | N8: {108.5-8.3} | O8: MAX
C9: -2.2892498 | D9: 12 | E9: 16.731048 | F9: H | G9: 119 | H9: Viridian City | I9: 21 | J9: 17 | K9: Cerulean City | L9: 84 | M9: [13-4] | N9: {41.6-30.7} | P9: Viridian: GW 4pt! @ 55:00
C10: 8.6171013 | D10: 8 | E10: 37.02242 | F10: A | G10: 34 | H10: Ultra Megalopolis | I10: 19 | J10: 14 | K10: Vast Poni Canyon | L10: 118 | M10: [4-7] | N10: {51.6-33.1}
C11: -1.703801 | D11: 14 | E11: 4.8796073 | F11: A | G11: 115 | H11: Verdanturf Town | I11: 19 | J11: 18 | K11: Petalburg City | L11: 116 | M11: [12-9] | N11: {30.6-34.1} | O11: INVT | P11: Verdanturf: GW 1pt+1 @ 61:10
C12: 3.4913331 | D12: 7 | E12: 18.390117 | F12: A | G12: 76 | H12: Saffron City | I12: 23 | J12: 19 | K12: Pewter City | L12: 114 | M12: [9-11] | N12: {48.2-27.9}
C13: 1.9376096 | D13: 12 | E13: 6.9975837 | F13: H | G13: 107 | H13: Fight Area | I13: 25 | J13: 20 | K13: Hearthome City | L13: 113 | M13: [11-9] | N13: {57.3-20}
C14: 4.8901478 | D14: 9 | E14: 17.573235 | F14: H | G14: 78 | H14: Oldale Town | I14: 13 | J14: 8 | K14: Lavaridge Town | L14: 112 | M14: [5-6] | N14: {52.4-16.4}
C15: 4.6999066 | D15: 14 | E15: 33.899312 | F15: A | G15: 56 | H15: Lilycove City | I15: 29 | J15: 16 | K15: Mossdeep City | L15: 111 | M15: [12-8] | N15: {82.6-14.5}
C16: 4.547775 | D16: 11 | E16: 20.402991 | F16: H | G16: 74 | H16: Tapu Village | I16: 26 | J16: 16 | K16: Konikoni City | L16: 110 | M16: [12-11] | N16: {86.7-25.4}
C17: -0.88287991 | D17: 13 | E17: 19.656477 | F17: H | G17: 109 | H17: Stow-on-Side | I17: 16 | J17: 10 | K17: Circhester Bay | L17: 85 | M17: [8-4] | N17: {62.1-15.6}
C18: 2.1524544 | D18: 10 | E18: 37.081011 | F18: H | G18: 68 | H18: Vientown | I18: 12 | J18: 10 | K18: Tilt Village | L18: 80 | M18: [6-7] | N18: {35.2-21.9} | P18: jump to 80
C19: 4.9102456 | D19: 9 | E19: 50.728768 | F19: H | G19: 45 | H19: Anville Town | I19: 20 | J19: 13 | K19: Icirrus City | L19: 79 | M19: [9-7] | N19: {57.2-20.1}
C20: 3.3985468 | D20: 11 | E20: 46.211924 | F20: H | G20: 61 | H20: Accumula Town | I20: 19 | J20: 11 | K20: Opelucid City | L20: 77 | M20: [12-9] | N20: {68.1-17.9}
C21: -6.7401436 | D21: 14 | E21: 72.15288 | F21: A | G21: 75 | H21: Cocona Village | I21: 25 | J21: 22 | K21: Haruba Village | L21: 22 | M21: [12-6] | N21: {81.9-21.3} | P21: Cocona: GW 2pt+1 @ 55:20
A22: D3 8/16 | C22: 2.443103 | D22: 13 | E22: 58.438403 | F22: A | G22: 36 | H22: Floaroma City | I22: 19 | J22: 15 | K22: Jubilife City | L22: 72 | M22: [7-9] | N22: {55.9-36.6}
C23: -2.0456759 | D23: 17 | E23: 38.597104 | F23: A | G23: 81 | H23: Aquacorde Town | I23: 19 | J23: 9 | K23: Snowbelle City | L23: 71 | M23: [9-4] | N23: {100.3-5.6} | O23: MAX
C24: 3.1249536 | D24: 10 | E24: 66.560556 | F24: A | G24: 27 | H24: Snowpoint City | I24: 23 | J24: 22 | K24: Sandgem Town | L24: 70 | M24: [9-12] | N24: {38.3-40.1} | O24: INVT | P24: Snowpoint: GW 1pt @ 58:50
C25: 3.5589893 | D25: 9 | E25: 55.592387 | F25: H | G25: 46 | H25: Floccesy Town | I25: 20 | J25: 12 | K25: Nimbasa City | L25: 69 | M25: [11-6] | N25: {61.2-30.8}
C26: 4.8464537 | D26: 7 | E26: 32.722102 | F26: H | G26: 67 | H26: Mistralton City | I26: 17 | J26: 16 | K26: Driftveil City | L26: 89 | M26: [8-7] | N26: {35.8-31.1}
C27: 0.28952858 | D27: 10 | E27: 59.616452 | F27: H | G27: 66 | H27: Mount Hokulani | I27: 21 | J27: 14 | K27: Paniola Town | L27: 50 | M27: [13-6] | N27: {96.6-0} | P27: OT - 14[9-6]
C28: 0.62259632 | D28: 13 | E28: 56.608734 | F28: A | G28: 54 | H28: Coumarine City | I28: 16 | J28: 12 | K28: Ambrette Town | L28: 65 | M28: [9-7] | N28: {43.5-11.5} | P28: Coumarine: GW 4pt! @ 56:40
C29: -6.3081687 | D29: 20 | E29: 78.491609 | F29: A | G29: 63 | H29: Heahea City | I29: 21 | J29: 14 | K29: Malie City | L29: 21 | M29: [12-5] | N29: {66.5-7.1}
C30: -3.7116903 | D30: 16 | E30: 77.99897 | F30: H | G30: 59 | H30: Nacrene City | I30: 21 | J30: 18 | K30: Humilau City | L30: 20 | M30: [12-7] | N30: {49.2-17.6}
C31: 4.8617422 | D31: 10 | E31: 44.7967 | F31: H | G31: 55 | H31: Striaton City | I31: 25 | J31: 14 | K31: Lacunosa Town | L31: 87 | M31: [14-7] | N31: {101.1-11.9} | O31: MAX
C32: -5.6952756 | D32: 17 | E32: 46.786244 | F32: A | G32: 102 | H32: Kiloude City | I32: 21 | J32: 17 | K32: Anistar City | L32: 53 | M32: [11-5] | N32: {62.6-17.3}
C33: 3.4804404 | D33: 10 | E33: 76.547026 | F33: A | G33: 18 | H33: Violet City | I33: 15 | J33: 14 | K33: Goldenrod City | L33: 52 | M33: [8-8] | N33: {32.3-36.2} | O33: INVT
A34: D4 8/17 | B34: Matchday One (Sun) | C34: 2.6262248 | D34: 13 | E34: 12.385304 | F34: H | G34: 97 | H34: Ballonlea | I34: 23 | J34: 10 | K34: City of Circhester | L34: 108 | M34: [13-5] | N34: {100.1-13.3} | O34: MAX | P34: jump back
C35: 6.7137419 | D35: 10 | E35: 36.457742 | F35: H | G35: 49 | H35: Cyllage City | I35: 30 | J35: 15 | K35: Camphrier Town | L35: 105 | M35: [11-8] | N35: {90.7-27.6}
C36: -6.0097243 | D36: 17 | E36: 47.778788 | F36: H | G36: 104 | H36: Exeggutor Island | I36: 24 | J36: 17 | K36: Iki Town | L36: 42 | M36: [11-6] | N36: {78.8-12.3}
C37: -10.080826 | D37: 23 | E37: 62.465039 | F37: A | G37: 103 | H37: Turffield | I37: 24 | J37: 17 | K37: Postwick | L37: 23 | M37: [15-5] | N37: {66.7-10.2}
A38: D5 8/22 | C38: -1.384003 | D38: 15 | E38: 16.829215 | F38: A | G38: 100 | H38: Aether Paradise | I38: 15 | J38: 7 | K38: Po Town | L38: 101 | M38: [8-3] | N38: {85.4-11.2}
C39: 8.0684749 | D39: 17 | E39: 51.895263 | F39: H | G39: 26 | H39: Pyrite Town | I39: 32 | J39: 13 | K39: Wintown | L39: 99 | M39: [8-9] | N39: {103.6-15} | O39: MAX
C40: -5.9655316 | D40: 20 | E40: 62.697481 | F40: H | G40: 91 | H40: Sunyshore City | I40: 22 | J40: 15 | K40: Celestic Town | L40: 29 | M40: [13-5] | N40: {88.9-12.6}
C41: -4.1570146 | D41: 10 | E41: 54.043416 | F41: H | G41: 86 | H41: Phenac City | I41: 16 | J41: 14 | K41: Summerland | L41: 41 | M41: [9-7] | N41: {41.8-20.9}
A42: D6 9/4 | C42: -5.0024001 | D42: 15 | E42: 55.428598 | F42: A | G42: 83 | H42: Spikemuth | I42: 27 | J42: 26 | K42: Wyndon South | L42: 44 | M42: [13-9] | N42: {56.2-23.4} | P42: Spikemuth: GW 4pt! @ 63:90
C43: -4.5510483 | D43: 17 | E43: 65.703692 | F43: H | G43: 82 | H43: Sootopolis City | I43: 20 | J43: 13 | K43: Fortree City | L43: 28 | M43: [12-6] | N43: {74.2-4.1}
C44: 1.1719927 | D44: 10 | E44: 61.472735 | F44: H | G44: 51 | H44: Twinleaf Town | I44: 18 | J44: 14 | K44: Eterna City | L44: 48 | M44: [11-8] | N44: {63.7-21.6}
C45: -0.89871518 | D45: 15 | E45: 69.150652 | F45: A | G45: 39 | H45: Hammerlocke | I45: 16 | J45: 13 | K45: Wyndon North | L45: 43 | M45: [8-8] | N45: {48.3-30.8}
C46: 0.53697314 | D46: 14 | E46: 78.308685 | F46: A | G46: 24 | H46: Hulbury | I46: 15 | J46: 10 | K46: Wedgehurst | L46: 40 | M46: [8-5] | N46: {73-18.4}
C47: 0.47747379 | D47: 8 | E47: 75.554751 | F47: H | G47: 37 | H47: Geosenge Town | I47: 18 | J47: 16 | K47: Laverre City | L47: 32 | M47: [10-9] | N47: {42-28.7} | P47: OT - 15[8-8]
C48: -0.49889377 | D48: 15 | E48: 81.920933 | F48: H | G48: 35 | H48: Fuchsia City | I48: 22 | J48: 10 | K48: Vermilion City | L48: 19 | M48: [12-5] | N48: {106-19.1} | O48: MAX
A49: D7 9/5 | C49: -1.7991809 | D49: 13 | E49: 84.866121 | F49: A | G49: 25 | H49: Fallarbor Town | I49: 21 | J49: 17 | K49: Littleroot Town | L49: 31 | M49: [10-8] | N49: {63.3-24.1} | P49: Littleroot: GT 3pt! @ 60:70, Fallarbor: GW 4pt$ @ 62:80
C50: 9.1138522 | D50: 28 | E50: 54.309623 | F50: A | G50: 12 | H50: Fall City | I50: 38 | J50: 9 | K50: Agate Village | L50: 106 | M50: [10-6] | N50: {136.2-10.5} | O50: MAX
C51: 7.1793212 | D51: 12 | E51: 71.178652 | F51: H | G51: 11 | H51: Boyleland | I51: 22 | J51: 14 | K51: Dolce Island | L51: 60 | M51: [8-9] | N51: {74.9-28.5}
C52: 9.2470737 | D52: 4 | E52: 63.838149 | F52: H | G52: 16 | H52: Cianwood City | I52: 13 | J52: 9 | K52: Mahogany Town | L52: 73 | M52: [4-6] | N52: {35.1-23}
C53: 2.9324206 | D53: 15 | E53: 84.482715 | F53: H | G53: 15 | H53: Dewford Town | I53: 23 | J53: 12 | K53: Rustboro City | L53: 30 | M53: [9-6] | N53: {77.2-23.3}
A54: D8 9/11 | C54: 9.7914547 | D54: 13 | E54: 61.341811 | F54: A | G54: 10 | H54: Slateport City | I54: 33 | J54: 7 | K54: Pacifidlog Town | L54: 90 | M54: [12-5] | N54: {134-8.2} | O54: MAX
C55: 5.08304 | D55: 9 | E55: 84.943533 | F55: H | G55: 7 | H55: Veilstone City | I55: 13 | J55: 7 | K55: Solaceon Town | L55: 33 | M55: [6-5] | N55: {53.2-15.8}
C56: 10.961702 | D56: 4 | E56: 59.186043 | F56: A | G56: 8 | H56: Vaniville Town | I56: 20 | J56: 19 | K56: Couriway Town | L56: 96 | M56: [4-11] | N56: {23.9-37} | O56: INVT | P56: Underperformance (8/11), Vaniville: GW 4pt+2 @ 59:40
C57: 8.4095397 | D57: 6 | E57: 73.841513 | F57: H | G57: 9 | H57: Castelia City | I57: 21 | J57: 12 | K57: Undella Town | L57: 57 | M57: [6-7] | N57: {62-16.8}
C58: 7.1132519 | D58: 7 | E58: 73.395567 | F58: H | G58: 14 | H58: Olivine City | I58: 13 | J58: 9 | K58: Blackthorn City | L58: 58 | M58: [4-6] | N58: {37.8-21.7}
C59: 17.895181 | D59: 3 | E59: 45.391976 | F59: H | G59: 5 | H59: South Lakes | I59: 35 | J59: 14 | K59: Motostoke | L59: 127 | M59: [9-9] | N59: {88.7-13.4} | P59: Underperformance (15/18), Largest Spread on Record
A60: D9 9/16 | C60: 5.8708321 | D60: 14 | E60: 78.368695 | F60: H | G60: 13 | H60: Ever Grande City | I60: 22 | J60: 2 | K60: Mauville City | L60: 47 | M60: [10-2] | N60: {215.9-3.5} | O60: MAX
C61: 10.596031 | D61: 7 | E61: 61.047392 | F61: A | G61: 6 | H61: Virbank City | I61: 29 | J61: 10 | K61: Aspertia City | L61: 95 | M61: [9-7] | N61: {94.8-15.7}
C62: 16.867103 | D62: 5 | E62: 59.718809 | F62: H | G62: 1 | H62: Cinnabar Island | I62: 39 | J62: 15 | K62: Celadon City | L62: 93 | M62: [11-8] | N62: {106.1-17.7} | O62: MAX
C63: 13.974126 | D63: 5 | E63: 59.644606 | F63: A | G63: 2 | H63: Lumiose City | I63: 32 | J63: 9 | K63: Shalour City | L63: 98 | M63: [7-6] | N63: {90.5-13.7} | P63: Underperformance (13/14)
C64: 8.811507 | D64: 5 | E64: 75.385742 | F64: A | G64: 4 | H64: Kala'e Bay | I64: 27 | J64: 23 | K64: Poni Meadow | L64: 62 | M64: [9-12] | N64: {42.8-48.8} | O64: INVT | P64: Kala'e: GW 3pt#+1 @ 63:60
C65: 17.601659 | D65: 2 | E65: 50.196183 | F65: H | G65: 3 | H65: Resort Area | I65: 33 | J65: 13 | K65: Pastoria City | L65: 117 | M65: [10-9] | N65: {82.3-17.7}
A66: D10 9/23 | B66: Matchday Two (Sat) | C66: 13.454374 | D66: 4 | E66: 44.002838 | F66: A | G66: 9 | H66: Veilstone City | I66: 26 | J66: 15 | K66: Canalave City | L66: 128 | M66: [7-7] | N66: {36-31}
C67: 3.138171 | D67: 15 | E67: 6.8623161 | F67: A | G67: 91 | H67: Tilt Village | I67: 25 | J67: 18 | K67: Ringtown | L67: 127 | M67: [9-10] | N67: {44.7-34.6}
C68: 11.149941 | D68: 5 | E68: 39.349705 | F68: H | G68: 30 | H68: Hammerlocke | I68: 17 | J68: 15 | K68: Motostoke | L68: 126 | M68: [4-7] | N68: {28.6-30.7} | O68: INVT | P68: Underperformance (8/11), Hammerlocke: GW 4pt+2 @ 58:80
C69: -1.5038624 | D69: 19 | E69: 1.780831 | F69: H | G69: 125 | H69: Hau'oli City | I69: 21 | J69: 4 | K69: Konikoni City | L69: 113 | M69: [13-2] | N69: {129.4-0} | O69: MAX
A70: D11 9/25 | C70: 7.4151943 | D70: 5 | E70: 11.897073 | F70: H | G70: 75 | H70: Spikemuth | I70: 23 | J70: 21 | K70: Isle of Armor | L70: 124 | M70: [9-9] | N70: {39.9-27}
C71: -3.393387 | D71: 33 | E71: 5.8920128 | F71: A | G71: 123 | H71: Santalune City | I71: 34 | J71: 3 | K71: Camphrier Town | L71: 108 | M71: [16-1] | N71: {307.7-0} | O71: MAX
C72: 0.32144182 | D72: 16 | E72: 2.6483247 | F72: A | G72: 111 | H72: Pewter City | I72: 19 | J72: 13 | K72: Ecruteak City | L72: 122 | M72: [8-7] | N72: {58.7-4.3}
C73: -1.5737721 | D73: 12 | E73: 0.61986444 | F73: A | G73: 121 | H73: Pueltown | I73: 19 | J73: 18 | K73: Agate Village | L73: 120 | M73: [9-8] | N73: {37.3-33.5}
C74: -2.1189806 | D74: 18 | E74: 7.5860272 | F74: A | G74: 106 | H74: Pacifidlog Town | I74: 23 | J74: 12 | K74: Petalburg City | L74: 119 | M74: [10-7] | N74: {88-11.9}
C75: 10.255634 | D75: 5 | E75: 45.371282 | F75: H | G75: 24 | H75: Snowpoint City | I75: 21 | J75: 16 | K75: Pastoria City | L75: 118 | M75: [5-11] | N75: {51.7-26.7}
C76: 5.5334289 | D76: 10 | E76: 30.379187 | F76: H | G76: 58 | H76: Eterna City | I76: 26 | J76: 15 | K76: Hearthome City | L76: 117 | M76: [10-8] | N76: {87.2-8.9}
C77: 6.3616418 | D77: 7 | E77: 31.317566 | F77: A | G77: 55 | H77: Mount Hokulani | I77: 14 | J77: 9 | K77: Vast Poni Canyon | L77: 116 | M77: [6-7] | N77: {50.8-24.4}
C78: 2.294708 | D78: 9 | E78: 23.053528 | F78: A | G78: 66 | H78: Mauville City | I78: 20 | J78: 14 | K78: Lavaridge Town | L78: 115 | M78: [11-7] | N78: {69.9-16.2}
C79: 2.9258741 | D79: 14 | E79: 15.132751 | F79: A | G79: 85 | H79: Turffield | I79: 22 | J79: 15 | K79: City of Circhester | L79: 114 | M79: [10-9] | N79: {41.7-19.2}
C80: 13.443291 | D80: 7 | E80: 49.37114 | F80: H | G80: 13 | H80: Dewford Town | I80: 38 | J80: 13 | K80: Mossdeep City | L80: 112 | M80: [13-6] | N80: {111.3-14.3} | O80: MAX
C81: -8.6074828 | D81: 18 | E81: 49.488322 | F81: A | G81: 110 | H81: Dendemille Town | I81: 24 | J81: 22 | K81: Cyllage City | L81: 40 | M81: [15-6] | N81: {57-20.3}
A82: D12 9/26 | C82: -0.94567252 | D82: 14 | E82: 64.266753 | F82: H | G82: 80 | H82: Phenac City | I82: 26 | J82: 14 | K82: Haruba Village | L82: 31 | M82: [12-7] | N82: {90.9-20.3} | P82: jump to 80
C83: -0.16863049 | D83: 10 | E83: 33.780211 | F83: H | G83: 81 | H83: Jubilife City | I83: 12 | J83: 6 | K83: Sunyshore City | L83: 79 | M83: [6-4] | N83: {53.2-7.3}
C84: -0.11187856 | D84: 15 | E84: 48.429082 | F84: H | G84: 78 | H84: Ambrette Town | I84: 15 | J84: 7 | K84: Anistar City | L84: 61 | M84: [8-4] | N84: {85.3-13.6}
C85: -1.4581812 | D85: 12 | E85: 39.897001 | F85: A | G85: 71 | H85: Saffron City | I85: 22 | J85: 17 | K85: Azalea Town | L85: 77 | M85: [12-8] | N85: {47.4-24.4}
C86: -0.87428831 | D86: 17 | E86: 41.819516 | F86: A | G86: 67 | H86: Tapu Village | I86: 18 | J86: 9 | K86: Seafolk Village | L86: 76 | M86: [11-6] | N86: {61.9-16.9}
C87: 10.305197 | D87: 4 | E87: 68.812466 | F87: A | G87: 3 | H87: Resort Area | I87: 23 | J87: 13 | K87: Sandgem Town | L87: 74 | M87: [7-8] | N87: {58.3-25.1}
C88: 7.2036158 | D88: 9 | E88: 68.541541 | F88: A | G88: 11 | H88: Ever Grande City | I88: 18 | J88: 14 | K88: Oldale Town | L88: 73 | M88: [7-8] | N88: {41.8-24}
C89: 1.9296839 | D89: 17 | E89: 24.489751 | F89: A | G89: 72 | H89: Dolce Island | I89: 24 | J89: 15 | K89: Wintown | L89: 107 | M89: [11-6] | N89: {71.5-16.6}
A90: D13 10/7 | C90: 1.7011492 | D90: 8 | E90: 59.730628 | F90: H | G90: 39 | H90: Littleroot Town | I90: 9 | J90: 8 | K90: Sootopolis City | L90: 70 | M90: [5-5] | N90: {24.8-31.5} | O90: INVT
C91: -10.445277 | D91: 24 | E91: 85.795757 | F91: A | G91: 69 | H91: Aquacorde Town | I91: 12 | J91: 7 | K91: Lumiose City | L91: 2 | M91: [8-2] | N91: {84.4-0} | P91: DISASTER LOSS (4/10)
C92: 1.4813299 | D92: 12 | E92: 68.679487 | F92: A | G92: 29 | H92: Vermilion City | I92: 15 | J92: 7 | K92: Blackthorn City | L92: 68 | M92: [9-3] | N92: {91.2-15.9}
C93: 7.7266126 | D93: 10 | E93: 66.794393 | F93: H | G93: 25 | H93: Ultra Megalopolis | I93: 23 | J93: 16 | K93: Paniola Town | L93: 65 | M93: [8-7] | N93: {45.5-26.1}
A94: D14 10/8 | C94: 6.6117105 | D94: 11 | E94: 69.255881 | F94: H | G94: 23 | H94: Gateon Port | I94: 19 | J94: 14 | K94: Vientown | L94: 64 | M94: [6-8] | N94: {50.2-35.8}
C95: 0.49332041 | D95: 17 | E95: 58.417965 | F95: A | G95: 53 | H95: Accumula Town | I95: 16 | J95: 7 | K95: Mistralton City | L95: 63 | M95: [9-5] | N95: {97.5-6.8}
C96: -0.47627556 | D96: 10 | E96: 48.170218 | F96: A | G96: 62 | H96: Undella Town | I96: 15 | J96: 13 | K96: Nimbasa City | L96: 82 | M96: [8-8] | N96: {35.7-31}
C97: -0.71719637 | D97: 13 | E97: 68.617256 | F97: A | G97: 32 | H97: Malie City | I97: 23 | J97: 17 | K97: Poni Meadow | L97: 60 | M97: [10-8] | N97: {47.3-29.6}
B98: Matchday Two (Sun) | C98: -6.2395341 | D98: 15 | E98: 21.818232 | F98: A | G98: 109 | H98: Po Town | I98: 22 | J98: 20 | K98: Exeggutor Island | L98: 87 | M98: [11-8] | N98: {49.7-26.9} | P98: jump back
C99: -0.88945831 | D99: 19 | E99: 20.37935 | F99: A | G99: 86 | H99: Snowbelle City | I99: 21 | J99: 9 | K99: Shalour City | L99: 105 | M99: [10-4] | N99: {81-16.3}
C100: 10.633246 | D100: 6 | E100: 54.233834 | F100: A | G100: 7 | H100: Slateport City | I100: 20 | J100: 15 | K100: Verdanturf Town | L100: 104 | M100: [6-9] | N100: {35.4-37.4} | O100: INVT
...

Sheet Rankings
A1: DEX | B1: =Archive!B1 -> HW!109+36-19^10(17.03)[90]{99.5}2312 | C1: =Archive!Q1 -> AL!72+19-36^10(-17.03)[90]{19.3}2073 | D1: GmCde | E1: =ROUNDDOWN((128-COUNTIF(D:D, "-"))/2, 0) -> 0 | F1: SeW | G1: SeL | I1: CfW | J1: CfL | L1: ExW | M1: ExL | O1: PF | P1: PA | Q1: PD | R1: GLS | S1: SOS | T1: SPRD | U1: EXP | V1: DSCR | X1: Gms | Y1: STR | Z1: StrMod | AA1: VicAvg | AB1: ExAv | AC1: D-Avg | AD1: EXP | AE1: D-Sqrt | AG1: M/U | AH1: WCS | AI1: CC | AJ1: PO | AK1: Bonus | AL1: TOT | AN1: Rank | AO1: PR | AP1: RkCh | AQ1: TOTAL | AR1: Wins | AS1: CfW | AT1: PF | AU1: PA | AV1: GlAv | AW1: SOS | AX1: SOV | AY1: EYE | AZ1: DSCR | BA1: ELO | BB1: Cups | BC1: EX | BE1: Fatig | BF1: Climate | BG1: CfStr | BH1: PF | BI1: PA | BJ1: =AVERAGE(BJ2:BJ129) -> 6.5011206 | BK1: =AVERAGE(BK2:BK129) -> 0.51705232 | BL1: ELO | BN1: Sqrt | BO1: Grade | BP1: <avg< | BR1: WCS Seed | BS1: WCS Reg | BT1: MRL/UTL | BU1: M/U Grp | BV1: M/U Rnk | BW1: Accolade | BX1: Accolade | CA1: Team Name | CB1: W25 F | CC1: W24 | CD1: W23 | CE1: W22 | CF1: W21 | CG1: MW21 | CH1: W20 | CI1: W19 | CJ1: W18 | CK1: W17 | CL1: W16 | CM1: MW16 | CN1: W15 | CO1: MW15 | CP1: W14 | CQ1: MW14 | CR1: W13 | CS1: MW13 | CT1: W12 | CU1: MW12 | CV1: W11 | CW1: MW11 | CX1: W10 | CY1: MW10 | CZ1: W9 | DA1: MW9 | DB1: W8 | DC1: W7 | DD1: MW7 | DE1: W6 | DF1: MW5 | DG1: W5 | DH1: MW5 | DI1: W4 | DJ1: MW4 | DK1: W3 | DL1: W2 | DM1: W1 | DN1: Start
A2: 72 | B2: Kalosite | C2: Lumiose City | D2: - | E2: 1 | F2: =VLOOKUP($A2, Calcs!$A$3:'Calcs'!$ALW$130, 95, FALSE)+VLOOKUP($A2, Calcs!$A$3:'Calcs'!$ALW$130, 97, FALSE) -> 11 | G2: =VLOOKUP($A2, Calcs!$A$3:'Calcs'!$ALW$130, 96, FALSE)+VLOOKUP($A2, Calcs!$A$3:'Calcs'!$ALW$130, 98, FALSE) -> 1 | H2: * | I2: =VLOOKUP($A2, Calcs!$A$3:'Calcs'!$ALW$130, 99, FALSE)+VLOOKUP($A2, Calcs!$A$3:'Calcs'!$ALW$130, 101, FALSE) -> 8 | J2: =VLOOKUP($A2, Calcs!$A$3:'Calcs'!$ALW$130, 100, FALSE)+VLOOKUP($A2, Calcs!$A$3:'Calcs'!$ALW$130, 102, FALSE) -> 1 | L2: =VLOOKUP($A2, Calcs!$A$3:'Calcs'!$ALW$130, 119, FALSE) -> 32 | M2: =VLOOKUP($A2, Calcs!$A$3:'Calcs'!$ALW$130, 120, FALSE) -> 5 | N2: M | O2: =VLOOKUP($A2, Calcs!$A$3:'Calcs'!$ALW$130, 302, FALSE)/X2 -> 20.677778 | P2: =VLOOKUP($A2, Calcs!$A$3:'Calcs'!$ALW$130, 394, FALSE)/X2 -> 11.844444 | Q2: =O2-P2 -> 8.8333333 | R2: =O2/(VLOOKUP($A2,Calcs!$A$3:'Calcs'!$ALW$130,485,FALSE)/X2) -> 2.9010133 | S2: =VLOOKUP($A2, Calcs!$A$3:'Calcs'!$ALW$130, 210, FALSE)/X2 -> 0.66473541 | T2: =VLOOKUP($A2, Calcs!$A$3:'Calcs'!$ALW$130, 576, FALSE)/X2 -> 6.8290556 | U2: =VLOOKUP($A2, Calcs!$A$3:'Calcs'!$ALW$130, 667, FALSE)/X2 -> 65.25 | V2: =VLOOKUP($A2, Calcs!$A$3:'Calcs'!$ALW$130, 758, FALSE)/X2 -> 56.672222 | X2: =VLOOKUP($A2, Calcs!$A$3:'Calcs'!$ALW$130, 9, FALSE) -> 30 | Y2: =-(T2-MAX(T:T))*S2 -> 0.67319135 | Z2: =(S2)*(BG2) -> 0.67910287 | AA2: =Q2-T2 -> 2.0042778 | AB2: =U2 -> 65.25 | AC2: =V2 -> 56.672222 | AD2: =IFERROR((AVERAGE((Q2-MIN(Q:Q))*AB2, SQRT((Q2-MIN(Q:Q))*AB2))/100)*BG2, 0) -> 8.9414523 | AE2: =IFERROR(IF(SQRT(AC2)>10, 10, SQRT(AC2)), 0) -> 7.5280955 | AG2: 48 | AH2: 80 | AI2: 55 | AJ2: 150 | AL2: =SUM(AG2:AJ2) -> 333 | AN2: 1 | AO2: =_xlfn.RANK.EQ(AQ2,AQ:AQ, 0) -> 1 | AP2: =AN2-AO2 -> 0 | AQ2: =((AR2*2.4)+(AS2*1.6)+(AT2*1)+(AU2*1)+(AV2*0.75)+(AW2*1)+(AX2*1)+(AY2*0.75)+(AZ2*1)+(BA2*0.75)+(BB2*0.75)+(BC2/LARGE(BC:BC,1))*(0/12))/(11+(20/24)) -> 0.99743601 | AR2: =IFERROR(IF((F2+G2)=1, IF(F2=0, 0.333, IF(F2=1, 0.666, 0)), IF((F2+G2)=2, IF(F2=0, 0.166, IF(F2=1, 0.5, IF(F2=2, 0.833, 0))), (F2+(L2/6))/(F2+G2))), 0) -> 1.3611111 | AS2: =IFERROR(IF((I2+J2)=1, IF(I2=0, 0.333, IF(I2=1, 0.666, 0)), IF((I2+J2)=2, IF(I2=0, 0.166, IF(I2=1, 0.5, IF(I2=2, 0.833, 0))), (I2/(I2+J2)))), 0) -> 0.88888889 | AT2: =(O2-(SMALL(O:O, 1)))/((LARGE(O:O, 1))-(SMALL(O:O, 1))) -> 0.85883385 | AU2: =1-(P2-(SMALL(P:P, 1)))/((LARGE(P:P, 1))-(SMALL(P:P, 1))) -> 0.95279593 | AV2: =(R2-(SMALL(R:R, 1)))/((LARGE(R:R, 1))-(SMALL(R:R, 1))) -> 0.90873632 | AW2: =(Z2-(SMALL(Z:Z, 1)))/((LARGE(Z:Z, 1))-(SMALL(Z:Z, 1))) -> 0.91495722 | AX2: =(AA2+ABS(MIN(AA:AA)))/(MAX(AA:AA)+ABS(MIN(AA:AA))) -> 0.77322969 | AY2: =AVERAGE(AD2/MAX(AD:AD), SQRT(AD2/MAX(AD:AD))) -> 0.90335216 | AZ2: =AVERAGE(AE2/MAX(AE:AE), (AE2-SMALL(AE:AE,1))/(LARGE(AE:AE,1)-SMALL(AE:AE,1))) -> 0.75522085 | BA2: =(BL2-MIN($BL$2:$BL$129))/(MAX($BL$2:$BL$129)-MIN($BL$2:$BL$129)) -> 1 | BB2: =IFERROR(AL2/MAX(AL:AL), 0) -> 1 | BC2: 370 | BE2: =VLOOKUP($A2, Calcs!$A$3:'Calcs'!$ALW$130, 845, FALSE) -> 115 | BF2: 0.33333333 | BG2: =IF(A2<17, SoC!P$3, IF(A2<33, SoC!P$4, IF(A2<49, SoC!P$5, IF(A2<65, SoC!P$6, IF(A2<81, SoC!P$7, IF(A2<97, SoC!P$8, SoC!P$9)))))) -> 1.0216138 | BH2: 0.85883385 | BI2: 0.95279593 | BJ2: 7.5280955 | BK2: 0.99722768 | BL2: =VLOOKUP($A2, Calcs!$A$3:'Calcs'!$BAA$130, 1025, FALSE) -> 2303 | BM2: 11.5 | BN2: =SQRT(BK2) -> 0.99861288 | BO2: =IF(BN2<(15/30), "F", IF(BN2<(18/30), "F+", IF(BN2<(19/30), "D-", IF(BN2<(20/30), "D", IF(BN2<(21/30), "D+", IF(BN2<(22/30), "C-", IF(BN2<(23/30), "C", IF(BN2<(24/30), "C+", IF(BN2<(25/30), "B-", IF(BN2<(26/30), "B", IF(BN2<(27/30), "B+", IF(BN2<(28/30), "A-", IF(BN2<(29/30), "A", "A+"))))))))))))) -> A+ | BP2: =(((BK2-$BK$1)/0.15)*3)+((BJ2-$BJ$1)/2) -> 10.116995 | BQ2: B | BR2: #1 | BS2: =IF(BQ2="A","Platinum",IF(BQ2="B","Prism",IF(BQ2="C","Hakuna",IF(BQ2="D","Wild",IF(BQ2="E","Crystal",IF(BQ2="F","Gray",IF(BQ2="G","Emerald",IF(BQ2="H","Mystery")))))))) -> Prism | BT2: MRL | BU2: A | BV2: =IF(BT2="MRL", VLOOKUP(C2, Master!BL:BP, 5, FALSE), IF(BT2="UTL", VLOOKUP(C2, Ultra!BL:BP, 5, FALSE), "")) -> 1 | BW2: S4 Kalosite Champion | BX2: S4 WCS Champion | BY2: =MATCH(A2, Standings!$X$3:$X$18, 0) -> 2 | BZ2: 0.95589642 | CA2: Lumiose City | CB2: 1 | CC2: 1 | CD2: 1 | CE2: 1 | CF2: 1 | CG2: 1 | CH2: 1 | CI2: 1 | CJ2: 1 | CK2: 1 | CL2: 1 | CM2: 1 | CN2: 1 | CO2: 1 | CP2: 1 | CQ2: 1 | CR2: 1 | CS2: 1 | CT2: 1 | CU2: 1 | CV2: 1 | CW2: 1 | CX2: 2 | CY2: 2 | CZ2: 2 | DA2: 3 | DB2: 3 | DC2: 3 | DD2: 3 | DE2: 3 | DF2: 4 | DG2: 4 | DH2: 6 | DI2: 6 | DJ2: 10 | DK2: 10 | DL2: 12 | DM2: 2 | DN2: 2
A3: 42 | B3: Lily Valley | C3: Resort Area | D3: - | E3: 2 | F3: =VLOOKUP($A3, Calcs!$A$3:'Calcs'!$ALW$130, 95, FALSE)+VLOOKUP($A3, Calcs!$A$3:'Calcs'!$ALW$130, 97, FALSE) -> 12 | G3: =VLOOKUP($A3, Calcs!$A$3:'Calcs'!$ALW$130, 96, FALSE)+VLOOKUP($A3, Calcs!$A$3:'Calcs'!$ALW$130, 98, FALSE) -> 0 | H3: * | I3: =VLOOKUP($A3, Calcs!$A$3:'Calcs'!$ALW$130, 99, FALSE)+VLOOKUP($A3, Calcs!$A$3:'Calcs'!$ALW$130, 101, FALSE) -> 9 | J3: =VLOOKUP($A3, Calcs!$A$3:'Calcs'!$ALW$130, 100, FALSE)+VLOOKUP($A3, Calcs!$A$3:'Calcs'!$ALW$130, 102, FALSE) -> 0 | L3: =VLOOKUP($A3, Calcs!$A$3:'Calcs'!$ALW$130, 119, FALSE) -> 20 | M3: =VLOOKUP($A3, Calcs!$A$3:'Calcs'!$ALW$130, 120, FALSE) -> 8 | N3: M | O3: =VLOOKUP($A3, Calcs!$A$3:'Calcs'!$ALW$130, 302, FALSE)/X3 -> 21.513158 | P3: =VLOOKUP($A3, Calcs!$A$3:'Calcs'!$ALW$130, 394, FALSE)/X3 -> 12.710526 | Q3: =O3-P3 -> 8.8026316 | R3: =O3/(VLOOKUP($A3,Calcs!$A$3:'Calcs'!$ALW$130,485,FALSE)/X3) -> 2.9118433 | S3: =VLOOKUP($A3, Calcs!$A$3:'Calcs'!$ALW$130, 210, FALSE)/X3 -> 0.65438847 | T3: =VLOOKUP($A3, Calcs!$A$3:'Calcs'!$ALW$130, 576, FALSE)/X3 -> 7.8417763 | U3: =VLOOKUP($A3, Calcs!$A$3:'Calcs'!$ALW$130, 667, FALSE)/X3 -> 68.184211 | V3: =VLOOKUP($A3, Calcs!$A$3:'Calcs'!$ALW$130, 758, FALSE)/X3 -> 59.393421 | X3: =VLOOKUP($A3, Calcs!$A$3:'Calcs'!$ALW$130, 9, FALSE) -> 25.333333 | Y3: =-(T3-MAX(T:T))*S3 -> 0 | Z3: =(S3)*(BG3) -> 0.63706474 | AA3: =Q3-T3 -> 0.96085526 | AB3: =U3 -> 68.184211 | AC3: =V3 -> 59.393421 | AD3: =IFERROR((AVERAGE((Q3-MIN(Q:Q))*AB3, SQRT((Q3-MIN(Q:Q))*AB3))/100)*BG3, 0) -> 8.8888567 | AE3: =IFERROR(IF(SQRT(AC3)>10, 10, SQRT(AC3)), 0) -> 7.7067127 | AG3: 36 | AH3: 60 | AI3: 60 | AJ3: 80 | AL3: =SUM(AG3:AJ3) -> 236 | AN3: 2 | AO3: =_xlfn.RANK.EQ(AQ3,AQ:AQ, 0) -> 2 | AP3: =AN3-AO3 -> 0 | AQ3: =((AR3*2.4)+(AS3*1.6)+(AT3*1)+(AU3*1)+(AV3*0.75)+(AW3*1)+(AX3*1)+(AY3*0.75)+(AZ3*1)+(BA3*0.75)+(BB3*0.75)+(BC3/LARGE(BC:BC,1))*(0/12))/(11+(20/24)) -> 0.95125388 | AR3: =IFERROR(IF((F3+G3)=1, IF(F3=0, 0.333, IF(F3=1, 0.666, 0)), IF((F3+G3)=2, IF(F3=0, 0.166, IF(F3=1, 0.5, IF(F3=2, 0.833, 0))), (F3+(L3/6))/(F3+G3))), 0) -> 1.2777778 | AS3: =IFERROR(IF((I3+J3)=1, IF(I3=0, 0.333, IF(I3=1, 0.666, 0)), IF((I3+J3)=2, IF(I3=0, 0.166, IF(I3=1, 0.5, IF(I3=2, 0.833, 0))), (I3/(I3+J3)))), 0) -> 1 | AT3: =(O3-(SMALL(O:O, 1)))/((LARGE(O:O, 1))-(SMALL(O:O, 1))) -> 0.92478967 | AU3: =1-(P3-(SMALL(P:P, 1)))/((LARGE(P:P, 1))-(SMALL(P:P, 1))) -> 0.90133533 | AV3: =(R3-(SMALL(R:R, 1)))/((LARGE(R:R, 1))-(SMALL(R:R, 1))) -> 0.91659299 | AW3: =(Z3-(SMALL(Z:Z, 1)))/((LARGE(Z:Z, 1))-(SMALL(Z:Z, 1))) -> 0.77787687 | AX3: =(AA3+ABS(MIN(AA:AA)))/(MAX(AA:AA)+ABS(MIN(AA:AA))) -> 0.69571098 | AY3: =AVERAGE(AD3/MAX(AD:AD), SQRT(AD3/MAX(AD:AD))) -> 0.89941009 | AZ3: =AVERAGE(AE3/MAX(AE:AE), (AE3-SMALL(AE:AE,1))/(LARGE(AE:AE,1)-SMALL(AE:AE,1))) -> 0.78034254 | BA3: =(BL3-MIN($BL$2:$BL$129))/(MAX($BL$2:$BL$129)-MIN($BL$2:$BL$129)) -> 0.82166446 | BB3: =IFERROR(AL3/MAX(AL:AL), 0) -> 0.70870871 | BC3: 356 | BE3: =VLOOKUP($A3, Calcs!$A$3:'Calcs'!$ALW$130, 845, FALSE) -> 100.375 | BF3: 0.66666667 | BG3: =IF(A3<17, SoC!P$3, IF(A3<33, SoC!P$4, IF(A3<49, SoC!P$5, IF(A3<65, SoC!P$6, IF(A3<81, SoC!P$7, IF(A3<97, SoC!P$8, SoC!P$9)))))) -> 0.97352684 | BH3: 0.92478967 | BI3: 0.90133533 | BJ3: 7.7067127 | BK3: 0.95123167 | BL3: =VLOOKUP($A3, Calcs!$A$3:'Calcs'!$BAA$130, 1025, FALSE) -> 2168 | BM3: 10 | BN3: =SQRT(BK3) -> 0.97531106 | BO3: =IF(BN3<(15/30), "F", IF(BN3<(18/30), "F+", IF(BN3<(19/30), "D-", IF(BN3<(20/30), "D", IF(BN3<(21/30), "D+", IF(BN3<(22/30), "C-", IF(BN3<(23/30), "C", IF(BN3<(24/30), "C+", IF(BN3<(25/30), "B-", IF(BN3<(26/30), "B", IF(BN3<(27/30), "B+", IF(BN3<(28/30), "A-", IF(BN3<(29/30), "A", "A+"))))))))))))) -> A+ | BP3: =(((BK3-$BK$1)/0.15)*3)+((BJ3-$BJ$1)/2) -> 9.2863829 | BQ3: A | BR3: #1 | BS3: =IF(BQ3="A","Platinum",IF(BQ3="B","Prism",IF(BQ3="C","Hakuna",IF(BQ3="D","Wild",IF(BQ3="E","Crystal",IF(BQ3="F","Gray",IF(BQ3="G","Emerald",IF(BQ3="H","Mystery")))))))) -> Platinum | BT3: MRL | BU3: C | BV3: =IF(BT3="MRL", VLOOKUP(C3, Master!BL:BP, 5, FALSE), IF(BT3="UTL", VLOOKUP(C3, Ultra!BL:BP, 5, FALSE), "")) -> 1 | BW3: S4 Lily Valley Champ | BX3: S3 World Champion | BY3: =MATCH(A3, Standings!$N$3:$N$18, 0) -> 1 | BZ3: 0.94989296 | CA3: Resort Area | CB3: 2 | CC3: 2 | CD3: 2 | CE3: 2 | CF3: 2 | CG3: 2 | CH3: 2 | CI3: 2 | CJ3: 2 | CK3: 2 | CL3: 2 | CM3: 2 | CN3: 2 | CO3: 2 | CP3: 2 | CQ3: 2 | CR3: 2 | CS3: 2 | CT3: 2 | CU3: 2 | CV3: 2 | CW3: 2 | CX3: 1 | CY3: 1 | CZ3: 1 | DA3: 1 | DB3: 2 | DC3: 1 | DD3: 1 | DE3: 1 | DF3: 2 | DG3: 2 | DH3: 4 | DI3: 5 | DJ3: 4 | DK3: 5 | DL3: 1 | DM3: 3 | DN3: 3
A4: 48 | B4: Lily Valley | C4: Solaceon Town | D4: - | E4: 5 | F4: =VLOOKUP($A4, Calcs!$A$3:'Calcs'!$ALW$130, 95, FALSE)+VLOOKUP($A4, Calcs!$A$3:'Calcs'!$ALW$130, 97, FALSE) -> 11 | G4: =VLOOKUP($A4, Calcs!$A$3:'Calcs'!$ALW$130, 96, FALSE)+VLOOKUP($A4, Calcs!$A$3:'Calcs'!$ALW$130, 98, FALSE) -> 1 | I4: =VLOOKUP($A4, Calcs!$A$3:'Calcs'!$ALW$130, 99, FALSE)+VLOOKUP($A4, Calcs!$A$3:'Calcs'!$ALW$130, 101, FALSE) -> 8 | J4: =VLOOKUP($A4, Calcs!$A$3:'Calcs'!$ALW$130, 100, FALSE)+VLOOKUP($A4, Calcs!$A$3:'Calcs'!$ALW$130, 102, FALSE) -> 1 | L4: =VLOOKUP($A4, Calcs!$A$3:'Calcs'!$ALW$130, 119, FALSE) -> 26 | M4: =VLOOKUP($A4, Calcs!$A$3:'Calcs'!$ALW$130, 120, FALSE) -> 8 | N4: M | O4: =VLOOKUP($A4, Calcs!$A$3:'Calcs'!$ALW$130, 302, FALSE)/X4 -> 20.591463 | P4: =VLOOKUP($A4, Calcs!$A$3:'Calcs'!$ALW$130, 394, FALSE)/X4 -> 12.810976 | Q4: =O4-P4 -> 7.7804878 | R4: =O4/(VLOOKUP($A4,Calcs!$A$3:'Calcs'!$ALW$130,485,FALSE)/X4) -> 2.6507064 | S4: =VLOOKUP($A4, Calcs!$A$3:'Calcs'!$ALW$130, 210, FALSE)/X4 -> 0.6185194 | T4: =VLOOKUP($A4, Calcs!$A$3:'Calcs'!$ALW$130, 576, FALSE)/X4 -> 5.1310366 | U4: =VLOOKUP($A4, Calcs!$A$3:'Calcs'!$ALW$130, 667, FALSE)/X4 -> 63.262195 | V4: =VLOOKUP($A4, Calcs!$A$3:'Calcs'!$ALW$130, 758, FALSE)/X4 -> 58.256707 | X4: =VLOOKUP($A4, Calcs!$A$3:'Calcs'!$ALW$130, 9, FALSE) -> 27.333333 | Y4: =-(T4-MAX(T:T))*S4 -> 1.6766451 | Z4: =(S4)*(BG4) -> 0.60214524 | AA4: =Q4-T4 -> 2.6494512 | AB4: =U4 -> 63.262195 | AC4: =V4 -> 58.256707 | AD4: =IFERROR((AVERAGE((Q4-MIN(Q:Q))*AB4, SQRT((Q4-MIN(Q:Q))*AB4))/100)*BG4, 0) -> 7.935815 | AE4: =IFERROR(IF(SQRT(AC4)>10, 10, SQRT(AC4)), 0) -> 7.6326082 | AG4: 50 | AH4: 50 | AI4: 45 | AJ4: 105 | AL4: =SUM(AG4:AJ4) -> 250 | AN4: 3 | AO4: =_xlfn.RANK.EQ(AQ4,AQ:AQ, 0) -> 3 | AP4: =AN4-AO4 -> 0 | AQ4: =((AR4*2.4)+(AS4*1.6)+(AT4*1)+(AU4*1)+(AV4*0.75)+(AW4*1)+(AX4*1)+(AY4*0.75)+(AZ4*1)+(BA4*0.75)+(BB4*0.75)+(BC4/LARGE(BC:BC,1))*(0/12))/(11+(20/24)) -> 0.91257611 | AR4: =IFERROR(IF((F4+G4)=1, IF(F4=0, 0.333, IF(F4=1, 0.666, 0)), IF((F4+G4)=2, IF(F4=0, 0.166, IF(F4=1, 0.5, IF(F4=2, 0.833, 0))), (F4+(L4/6))/(F4+G4))), 0) -> 1.2777778 | AS4: =IFERROR(IF((I4+J4)=1, IF(I4=0, 0.333, IF(I4=1, 0.666, 0)), IF((I4+J4)=2, IF(I4=0, 0.166, IF(I4=1, 0.5, IF(I4=2, 0.833, 0))), (I4/(I4+J4)))), 0) -> 0.88888889 | AT4: =(O4-(SMALL(O:O, 1)))/((LARGE(O:O, 1))-(SMALL(O:O, 1))) -> 0.85201907 | AU4: =1-(P4-(SMALL(P:P, 1)))/((LARGE(P:P, 1))-(SMALL(P:P, 1))) -> 0.89536687 | AV4: =(R4-(SMALL(R:R, 1)))/((LARGE(R:R, 1))-(SMALL(R:R, 1))) -> 0.72715056 | AW4: =(Z4-(SMALL(Z:Z, 1)))/((LARGE(Z:Z, 1))-(SMALL(Z:Z, 1))) -> 0.66400934 | AX4: =(AA4+ABS(MIN(AA:AA)))/(MAX(AA:AA)+ABS(MIN(AA:AA))) -> 0.82116139 | AY4: =AVERAGE(AD4/MAX(AD:AD), SQRT(AD4/MAX(AD:AD))) -> 0.82723469 | AZ4: =AVERAGE(AE4/MAX(AE:AE), (AE4-SMALL(AE:AE,1))/(LARGE(AE:AE,1)-SMALL(AE:AE,1))) -> 0.76992007 | BA4: =(BL4-MIN($BL$2:$BL$129))/(MAX($BL$2:$BL$129)-MIN($BL$2:$BL$129)) -> 0.77146631 | BB4: =IFERROR(AL4/MAX(AL:AL), 0) -> 0.75075075 | BC4: 167 | BE4: =VLOOKUP($A4, Calcs!$A$3:'Calcs'!$ALW$130, 845, FALSE) -> 112 | BF4: -1 | BG4: =IF(A4<17, SoC!P$3, IF(A4<33, SoC!P$4, IF(A4<49, SoC!P$5, IF(A4<65, SoC!P$6, IF(A4<81, SoC!P$7, IF(A4<97, SoC!P$8, SoC!P$9)))))) -> 0.97352684 | BH4: 0.85201907 | BI4: 0.89536687 | BJ4: 7.6326082 | BK4: 0.91255549 | BL4: =VLOOKUP($A4, Calcs!$A$3:'Calcs'!$BAA$130, 1025, FALSE) -> 2130 | BM4: 11.2 | BN4: =SQRT(BK4) -> 0.9552777 | BO4: =IF(BN4<(15/30), "F", IF(BN4<(18/30), "F+", IF(BN4<(19/30), "D-", IF(BN4<(20/30), "D", IF(BN4<(21/30), "D+", IF(BN4<(22/30), "C-", IF(BN4<(23/30), "C", IF(BN4<(24/30), "C+", IF(BN4<(25/30), "B-", IF(BN4<(26/30), "B", IF(BN4<(27/30), "B+", IF(BN4<(28/30), "A-", IF(BN4<(29/30), "A", "A+"))))))))))))) -> A | BP4: =(((BK4-$BK$1)/0.15)*3)+((BJ4-$BJ$1)/2) -> 8.475807 | BQ4: C | BR4: #2 | BS4: =IF(BQ4="A","Platinum",IF(BQ4="B","Prism",IF(BQ4="C","Hakuna",IF(BQ4="D","Wild",IF(BQ4="E","Crystal",IF(BQ4="F","Gray",IF(BQ4="G","Emerald",IF(BQ4="H","Mystery")))))))) -> Hakuna | BT4: UTL | BU4: C | BV4: =IF(BT4="MRL", VLOOKUP(C4, Master!BL:BP, 5, FALSE), IF(BT4="UTL", VLOOKUP(C4, Ultra!BL:BP, 5, FALSE), "")) -> 1 | BW4: - | BX4: S4 UTL Champion | BY4: =MATCH(A4, Standings!$N$3:$N$18, 0) -> 2 | BZ4: 0.6777043 | CA4: Solaceon Town | CB4: 3 | CC4: 3 | CD4: 3 | CE4: 3 | CF4: 4 | CG4: 4 | CH4: 4 | CI4: 4 | CJ4: 5 | CK4: 4 | CL4: 4 | CM4: 4 | CN4: 4 | CO4: 4 | CP4: 4 | CQ4: 3 | CR4: 4 | CS4: 5 | CT4: 5 | CU4: 6 | CV4: 6 | CW4: 7 | CX4: 8 | CY4: 11 | CZ4: 10 | DA4: 10 | DB4: 11 | DC4: 12 | DD4: 23 | DE4: 20 | DF4: 20 | DG4: 19 | DH4: 20 | DI4: 21 | DJ4: 21 | DK4: 25 | DL4: 24 | DM4: 37 | DN4: 33
A5: 13 | B5: Indigo | C5: Cinnabar Island | D5: - | E5: 3 | F5: =VLOOKUP($A5, Calcs!$A$3:'Calcs'!$ALW$130, 95, FALSE)+VLOOKUP($A5, Calcs!$A$3:'Calcs'!$ALW$130, 97, FALSE) -> 10 | G5: =VLOOKUP($A5, Calcs!$A$3:'Calcs'!$ALW$130, 96, FALSE)+VLOOKUP($A5, Calcs!$A$3:'Calcs'!$ALW$130, 98, FALSE) -> 2 | H5: * | I5: =VLOOKUP($A5, Calcs!$A$3:'Calcs'!$ALW$130, 99, FALSE)+VLOOKUP($A5, Calcs!$A$3:'Calcs'!$ALW$130, 101, FALSE) -> 8 | J5: =VLOOKUP($A5, Calcs!$A$3:'Calcs'!$ALW$130, 100, FALSE)+VLOOKUP($A5, Calcs!$A$3:'Calcs'!$ALW$130, 102, FALSE) -> 1 | L5: =VLOOKUP($A5, Calcs!$A$3:'Calcs'!$ALW$130, 119, FALSE) -> 15 | M5: =VLOOKUP($A5, Calcs!$A$3:'Calcs'!$ALW$130, 120, FALSE) -> 11 | N5: M | O5: =VLOOKUP($A5, Calcs!$A$3:'Calcs'!$ALW$130, 302, FALSE)/X5 -> 22.089041 | P5: =VLOOKUP($A5, Calcs!$A$3:'Calcs'!$ALW$130, 394, FALSE)/X5 -> 13.917808 | Q5: =O5-P5 -> 8.1712329 | R5: =O5/(VLOOKUP($A5,Calcs!$A$3:'Calcs'!$ALW$130,485,FALSE)/X5) -> 2.9833488 | S5: =VLOOKUP($A5, Calcs!$A$3:'Calcs'!$ALW$130, 210, FALSE)/X5 -> 0.65494912 | T5: =VLOOKUP($A5, Calcs!$A$3:'Calcs'!$ALW$130, 576, FALSE)/X5 -> 5.9035616 | U5: =VLOOKUP($A5, Calcs!$A$3:'Calcs'!$ALW$130, 667, FALSE)/X5 -> 77.609589 | V5: =VLOOKUP($A5, Calcs!$A$3:'Calcs'!$ALW$130, 758, FALSE)/X5 -> 64.516438 | X5: =VLOOKUP($A5, Calcs!$A$3:'Calcs'!$ALW$130, 9, FALSE) -> 24.333333 | Y5: =-(T5-MAX(T:T))*S5 -> 1.269432 | Z5: =(S5)*(BG5) -> 0.6625266 | AA5: =Q5-T5 -> 2.2676712 | AB5: =U5 -> 77.609589 | AC5: =V5 -> 64.516438 | AD5: =IFERROR((AVERAGE((Q5-MIN(Q:Q))*AB5, SQRT((Q5-MIN(Q:Q))*AB5))/100)*BG5, 0) -> 10.24711 | AE5: =IFERROR(IF(SQRT(AC5)>10, 10, SQRT(AC5)), 0) -> 8.0322125 | AG5: 36 | AH5: 70 | AI5: 60 | AJ5: 50 | AL5: =SUM(AG5:AJ5) -> 216 | AN5: 4 | AO5: =_xlfn.RANK.EQ(AQ5,AQ:AQ, 0) -> 4 | AP5: =AN5-AO5 -> 0 | AQ5: =((AR5*2.4)+(AS5*1.6)+(AT5*1)+(AU5*1)+(AV5*0.75)+(AW5*1)+(AX5*1)+(AY5*0.75)+(AZ5*1)+(BA5*0.75)+(BB5*0.75)+(BC5/LARGE(BC:BC,1))*(0/12))/(11+(20/24)) -> 0.89976669 | AR5: =IFERROR(IF((F5+G5)=1, IF(F5=0, 0.333, IF(F5=1, 0.666, 0)), IF((F5+G5)=2, IF(F5=0, 0.166, IF(F5=1, 0.5, IF(F5=2, 0.833, 0))), (F5+(L5/6))/(F5+G5))), 0) -> 1.0416667 | AS5: =IFERROR(IF((I5+J5)=1, IF(I5=0, 0.333, IF(I5=1, 0.666, 0)), IF((I5+J5)=2, IF(I5=0, 0.166, IF(I5=1, 0.5, IF(I5=2, 0.833, 0))), (I5/(I5+J5)))), 0) -> 0.88888889 | AT5: =(O5-(SMALL(O:O, 1)))/((LARGE(O:O, 1))-(SMALL(O:O, 1))) -> 0.97025741 | AU5: =1-(P5-(SMALL(P:P, 1)))/((LARGE(P:P, 1))-(SMALL(P:P, 1))) -> 0.82960141 | AV5: =(R5-(SMALL(R:R, 1)))/((LARGE(R:R, 1))-(SMALL(R:R, 1))) -> 0.96846683 | AW5: =(Z5-(SMALL(Z:Z, 1)))/((LARGE(Z:Z, 1))-(SMALL(Z:Z, 1))) -> 0.86090435 | AX5: =(AA5+ABS(MIN(AA:AA)))/(MAX(AA:AA)+ABS(MIN(AA:AA))) -> 0.79279791 | AY5: =AVERAGE(AD5/MAX(AD:AD), SQRT(AD5/MAX(AD:AD))) -> 1 | AZ5: =AVERAGE(AE5/MAX(AE:AE), (AE5-SMALL(AE:AE,1))/(LARGE(AE:AE,1)-SMALL(AE:AE,1))) -> 0.82612258 | BA5: =(BL5-MIN($BL$2:$BL$129))/(MAX($BL$2:$BL$129)-MIN($BL$2:$BL$129)) -> 0.64332893 | BB5: =IFERROR(AL5/MAX(AL:AL), 0) -> 0.64864865 | BC5: 380 | BE5: =VLOOKUP($A5, Calcs!$A$3:'Calcs'!$ALW$130, 845, FALSE) -> 85.375 | BF5: 1.6666667 | BG5: =IF(A5<17, SoC!P$3, IF(A5<33, SoC!P$4, IF(A5<49, SoC!P$5, IF(A5<65, SoC!P$6, IF(A5<81, SoC!P$7, IF(A5<97, SoC!P$8, SoC!P$9)))))) -> 1.0115696 | BH5: 0.97025741 | BI5: 0.82960141 | BJ5: 8.0322125 | BK5: 0.89976634 | BL5: =VLOOKUP($A5, Calcs!$A$3:'Calcs'!$BAA$130, 1025, FALSE) -> 2033 | BM5: 8.5 | BN5: =SQRT(BK5) -> 0.94856014 | BO5: =IF(BN5<(15/30), "F", IF(BN5<(18/30), "F+", IF(BN5<(19/30), "D-", IF(BN5<(20/30), "D", IF(BN5<(21/30), "D+", IF(BN5<(22/30), "C-", IF(BN5<(23/30), "C", IF(BN5<(24/30), "C+", IF(BN5<(25/30), "B-", IF(BN5<(26/30), "B", IF(BN5<(27/30), "B+", IF(BN5<(28/30), "A-", IF(BN5<(29/30), "A", "A+"))))))))))))) -> A | BP5: =(((BK5-$BK$1)/0.15)*3)+((BJ5-$BJ$1)/2) -> 8.4198263 | BQ5: E | BR5: #1 | BS5: =IF(BQ5="A","Platinum",IF(BQ5="B","Prism",IF(BQ5="C","Hakuna",IF(BQ5="D","Wild",IF(BQ5="E","Crystal",IF(BQ5="F","Gray",IF(BQ5="G","Emerald",IF(BQ5="H","Mystery")))))))) -> Crystal | BT5: MRL | BU5: C | BV5: =IF(BT5="MRL", VLOOKUP(C5, Master!BL:BP, 5, FALSE), IF(BT5="UTL", VLOOKUP(C5, Ultra!BL:BP, 5, FALSE), "")) -> 2 | BW5: S4 Indigo Champion | BX5: - | BY5: =MATCH(A5, Standings!$D$3:$D$18, 0) -> 1 | BZ5: 0.99815419 | CA5: Cinnabar Island | CB5: 4 | CC5: 4 | CD5: 4 | CE5: 4 | CF5: 5 | CG5: 3 | CH5: 3 | CI5: 3 | CJ5: 3 | CK5: 3 | CL5: 3 | CM5: 3 | CN5: 3 | CO5: 3 | CP5: 3 | CQ5: 4 | CR5: 3 | CS5: 4 | CT5: 3 | CU5: 3 | CV5: 4 | CW5: 6 | CX5: 6 | CY5: 4 | CZ5: 7 | DA5: 4 | DB5: 4 | DC5: 7 | DD5: 10 | DE5: 9 | DF5: 12 | DG5: 8 | DH5: 11 | DI5: 9 | DJ5: 16 | DK5: 13 | DL5: 7 | DM5: 1 | DN5: 1
A6: 56 | B6: Vertress | C6: Virbank City | D6: - | E6: 6 | F6: =VLOOKUP($A6, Calcs!$A$3:'Calcs'!$ALW$130, 95, FALSE)+VLOOKUP($A6, Calcs!$A$3:'Calcs'!$ALW$130, 97, FALSE) -> 10 | G6: =VLOOKUP($A6, Calcs!$A$3:'Calcs'!$ALW$130, 96, FALSE)+VLOOKUP($A6, Calcs!$A$3:'Calcs'!$ALW$130, 98, FALSE) -> 2 | I6: =VLOOKUP($A6, Calcs!$A$3:'Calcs'!$ALW$130, 99, FALSE)+VLOOKUP($A6, Calcs!$A$3:'Calcs'!$ALW$130, 101, FALSE) -> 7 | J6: =VLOOKUP($A6, Calcs!$A$3:'Calcs'!$ALW$130, 100, FALSE)+VLOOKUP($A6, Calcs!$A$3:'Calcs'!$ALW$130, 102, FALSE) -> 2 | L6: =VLOOKUP($A6, Calcs!$A$3:'Calcs'!$ALW$130, 119, FALSE) -> 24 | M6: =VLOOKUP($A6, Calcs!$A$3:'Calcs'!$ALW$130, 120, FALSE) -> 11 | N6: M | O6: =VLOOKUP($A6, Calcs!$A$3:'Calcs'!$ALW$130, 302, FALSE)/X6 -> 19.935294 | P6: =VLOOKUP($A6, Calcs!$A$3:'Calcs'!$ALW$130, 394, FALSE)/X6 -> 12.376471 | Q6: =O6-P6 -> 7.5588235 | R6: =O6/(VLOOKUP($A6,Calcs!$A$3:'Calcs'!$ALW$130,485,FALSE)/X6) -> 2.6643082 | S6: =VLOOKUP($A6, Calcs!$A$3:'Calcs'!$ALW$130, 210, FALSE)/X6 -> 0.62287076 | T6: =VLOOKUP($A6, Calcs!$A$3:'Calcs'!$ALW$130, 576, FALSE)/X6 -> 5.0307059 | U6: =VLOOKUP($A6, Calcs!$A$3:'Calcs'!$ALW$130, 667, FALSE)/X6 -> 68.705882 | V6: =VLOOKUP($A6, Calcs!$A$3:'Calcs'!$ALW$130, 758, FALSE)/X6 -> 61.031176 | X6: =VLOOKUP($A6, Calcs!$A$3:'Calcs'!$ALW$130, 9, FALSE) -> 28.333333 | Y6: =-(T6-MAX(T:T))*S6 -> 1.7509336 | Z6: =(S6)*(BG6) -> 0.6684169 | AA6: =Q6-T6 -> 2.5281176 | AB6: =U6 -> 68.705882 | AC6: =V6 -> 61.031176 | AD6: =IFERROR((AVERAGE((Q6-MIN(Q:Q))*AB6, SQRT((Q6-MIN(Q:Q))*AB6))/100)*BG6, 0) -> 9.4083205 | AE6: =IFERROR(IF(SQRT(AC6)>10, 10, SQRT(AC6)), 0) -> 7.8122453 | AG6: 60 | AH6: 60 | AI6: 35 | AJ6: 70 | AL6: =SUM(AG6:AJ6) -> 225 | AN6: 5 | AO6: =_xlfn.RANK.EQ(AQ6,AQ:AQ, 0) -> 5 | AP6: =AN6-AO6 -> 0 | AQ6: =((AR6*2.4)+(AS6*1.6)+(AT6*1)+(AU6*1)+(AV6*0.75)+(AW6*1)+(AX6*1)+(AY6*0.75)+(AZ6*1)+(BA6*0.75)+(BB6*0.75)+(BC6/LARGE(BC:BC,1))*(0/12))/(11+(20/24)) -> 0.8961922 | AR6: =IFERROR(IF((F6+G6)=1, IF(F6=0, 0.333, IF(F6=1, 0.666, 0)), IF((F6+G6)=2, IF(F6=0, 0.166, IF(F6=1, 0.5, IF(F6=2, 0.833, 0))), (F6+(L6/6))/(F6+G6))), 0) -> 1.1666667 | AS6: =IFERROR(IF((I6+J6)=1, IF(I6=0, 0.333, IF(I6=1, 0.666, 0)), IF((I6+J6)=2, IF(I6=0, 0.166, IF(I6=1, 0.5, IF(I6=2, 0.833, 0))), (I6/(I6+J6)))), 0) -> 0.77777778 | AT6: =(O6-(SMALL(O:O, 1)))/((LARGE(O:O, 1))-(SMALL(O:O, 1))) -> 0.80021249 | AU6: =1-(P6-(SMALL(P:P, 1)))/((LARGE(P:P, 1))-(SMALL(P:P, 1))) -> 0.92118416 | AV6: =(R6-(SMALL(R:R, 1)))/((LARGE(R:R, 1))-(SMALL(R:R, 1))) -> 0.73701798 | AW6: =(Z6-(SMALL(Z:Z, 1)))/((LARGE(Z:Z, 1))-(SMALL(Z:Z, 1))) -> 0.88011179 | AX6: =(AA6+ABS(MIN(AA:AA)))/(MAX(AA:AA)+ABS(MIN(AA:AA))) -> 0.81214718 | AY6: =AVERAGE(AD6/MAX(AD:AD), SQRT(AD6/MAX(AD:AD))) -> 0.93817103 | AZ6: =AVERAGE(AE6/MAX(AE:AE), (AE6-SMALL(AE:AE,1))/(LARGE(AE:AE,1)-SMALL(AE:AE,1))) -> 0.79518521 | BA6: =(BL6-MIN($BL$2:$BL$129))/(MAX($BL$2:$BL$129)-MIN($BL$2:$BL$129)) -> 0.78467635 | BB6: =IFERROR(AL6/MAX(AL:AL), 0) -> 0.67567568 | BC6: 318 | BE6: =VLOOKUP($A6, Calcs!$A$3:'Calcs'!$ALW$130, 845, FALSE) -> 184.5 | BF6: 1.3333333 | BG6: =IF(A6<17, SoC!P$3, IF(A6<33, SoC!P$4, IF(A6<49, SoC!P$5, IF(A6<65, SoC!P$6, IF(A6<81, SoC!P$7, IF(A6<97, SoC!P$8, SoC!P$9)))))) -> 1.0731229 | BH6: 0.80021249 | BI6: 0.92118416 | BJ6: 7.8122453 | BK6: 0.89620059 | BL6: =VLOOKUP($A6, Calcs!$A$3:'Calcs'!$BAA$130, 1025, FALSE) -> 2140 | BM6: 18.5 | BN6: =SQRT(BK6) -> 0.94667872 | BO6: =IF(BN6<(15/30), "F", IF(BN6<(18/30), "F+", IF(BN6<(19/30), "D-", IF(BN6<(20/30), "D", IF(BN6<(21/30), "D+", IF(BN6<(22/30), "C-", IF(BN6<(23/30), "C", IF(BN6<(24/30), "C+", IF(BN6<(25/30), "B-", IF(BN6<(26/30), "B", IF(BN6<(27/30), "B+", IF(BN6<(28/30), "A-", IF(BN6<(29/30), "A", "A+"))))))))))))) -> A | BP6: =(((BK6-$BK$1)/0.15)*3)+((BJ6-$BJ$1)/2) -> 8.2385277 | BQ6: F | BR6: #1 | BS6: =IF(BQ6="A","Platinum",IF(BQ6="B","Prism",IF(BQ6="C","Hakuna",IF(BQ6="D","Wild",IF(BQ6="E","Crystal",IF(BQ6="F","Gray",IF(BQ6="G","Emerald",IF(BQ6="H","Mystery")))))))) -> Gray | BT6: MRL | BU6: F | BV6: =IF(BT6="MRL", VLOOKUP(C6, Master!BL:BP, 5, FALSE), IF(BT6="UTL", VLOOKUP(C6, Ultra!BL:BP, 5, FALSE), "")) -> 2 | BW6: - | BX6: S4 MRL Champion | BY6: =MATCH(A6, Standings!$N$21:$N$36, 0) -> 5 | BZ6: 0.84842567 | CA6: Virbank City | CB6: 5 | CC6: 5 | CD6: 5 | CE6: 5 | CF6: 3 | CG6: 5 | CH6: 5 | CI6: 5 | CJ6: 6 | CK6: 5 | CL6: 5 | CM6: 5 | CN6: 5 | CO6: 5 | CP6: 6 | CQ6: 8 | CR6: 8 | CS6: 10 | CT6: 12 | CU6: 13 | CV6: 16 | CW6: 16 | CX6: 16 | CY6: 16 | CZ6: 17 | DA6: 21 | DB6: 22 | DC6: 22 | DD6: 12 | DE6: 12 | DF6: 10 | DG6: 9 | DH6: 13 | DI6: 14 | DJ6: 20 | DK6: 17 | DL6: 3 | DM6: 6 | DN6: 6
A7: 125 | B7: Phoenix | C7: Aqua Resort | D7: - | E7: 7 | F7: =VLOOKUP($A7, Calcs!$A$3:'Calcs'!$ALW$130, 95, FALSE)+VLOOKUP($A7, Calcs!$A$3:'Calcs'!$ALW$130, 97, FALSE) -> 11 | G7: =VLOOKUP($A7, Calcs!$A$3:'Calcs'!$ALW$130, 96, FALSE)+VLOOKUP($A7, Calcs!$A$3:'Calcs'!$ALW$130, 98, FALSE) -> 1 | I7: =VLOOKUP($A7, Calcs!$A$3:'Calcs'!$ALW$130, 99, FALSE)+VLOOKUP($A7, Calcs!$A$3:'Calcs'!$ALW$130, 101, FALSE) -> 8 | J7: =VLOOKUP($A7, Calcs!$A$3:'Calcs'!$ALW$130, 100, FALSE)+VLOOKUP($A7, Calcs!$A$3:'Calcs'!$ALW$130, 102, FALSE) -> 1 | L7: =VLOOKUP($A7, Calcs!$A$3:'Calcs'!$ALW$130, 119, FALSE) -> 20 | M7: =VLOOKUP($A7, Calcs!$A$3:'Calcs'!$ALW$130, 120, FALSE) -> 16 | N7: M | O7: =VLOOKUP($A7, Calcs!$A$3:'Calcs'!$ALW$130, 302, FALSE)/X7 -> 18.531792 | P7: =VLOOKUP($A7, Calcs!$A$3:'Calcs'!$ALW$130, 394, FALSE)/X7 -> 11.809249 | Q7: =O7-P7 -> 6.7225434 | R7: =O7/(VLOOKUP($A7,Calcs!$A$3:'Calcs'!$ALW$130,485,FALSE)/X7) -> 2.6343468 | S7: =VLOOKUP($A7, Calcs!$A$3:'Calcs'!$ALW$130, 210, FALSE)/X7 -> 0.66211149 | T7: =VLOOKUP($A7, Calcs!$A$3:'Calcs'!$ALW$130, 576, FALSE)/X7 -> 3.5275145 | U7: =VLOOKUP($A7, Calcs!$A$3:'Calcs'!$ALW$130, 667, FALSE)/X7 -> 62.445087 | V7: =VLOOKUP($A7, Calcs!$A$3:'Calcs'!$ALW$130, 758, FALSE)/X7 -> 58.939884 | X7: =VLOOKUP($A7, Calcs!$A$3:'Calcs'!$ALW$130, 9, FALSE) -> 28.833333 | Y7: =-(T7-MAX(T:T))*S7 -> 2.8565223 | Z7: =(S7)*(BG7) -> 0.63855167 | AA7: =Q7-T7 -> 3.1950289 | AB7: =U7 -> 62.445087 | AC7: =V7 -> 58.939884 | AD7: =IFERROR((AVERAGE((Q7-MIN(Q:Q))*AB7, SQRT((Q7-MIN(Q:Q))*AB7))/100)*BG7, 0) -> 7.4386259 | AE7: =IFERROR(IF(SQRT(AC7)>10, 10, SQRT(AC7)), 0) -> 7.6772316 | AG7: 45 | AH7: 40 | AI7: 50 | AJ7: 105 | AL7: =SUM(AG7:AJ7) -> 240 | AN7: 6 | AO7: =_xlfn.RANK.EQ(AQ7,AQ:AQ, 0) -> 6 | AP7: =AN7-AO7 -> 0 | AQ7: =((AR7*2.4)+(AS7*1.6)+(AT7*1)+(AU7*1)+(AV7*0.75)+(AW7*1)+(AX7*1)+(AY7*0.75)+(AZ7*1)+(BA7*0.75)+(BB7*0.75)+(BC7/LARGE(BC:BC,1))*(0/12))/(11+(20/24)) -> 0.89034353 | AR7: =IFERROR(IF((F7+G7)=1, IF(F7=0, 0.333, IF(F7=1, 0.666, 0)), IF((F7+G7)=2, IF(F7=0, 0.166, IF(F7=1, 0.5, IF(F7=2, 0.833, 0))), (F7+(L7/6))/(F7+G7))), 0) -> 1.1944444 | AS7: =IFERROR(IF((I7+J7)=1, IF(I7=0, 0.333, IF(I7=1, 0.666, 0)), IF((I7+J7)=2, IF(I7=0, 0.166, IF(I7=1, 0.5, IF(I7=2, 0.833, 0))), (I7/(I7+J7)))), 0) -> 0.88888889 | AT7: =(O7-(SMALL(O:O, 1)))/((LARGE(O:O, 1))-(SMALL(O:O, 1))) -> 0.6894017 | AU7: =1-(P7-(SMALL(P:P, 1)))/((LARGE(P:P, 1))-(SMALL(P:P, 1))) -> 0.95488719 | AV7: =(R7-(SMALL(R:R, 1)))/((LARGE(R:R, 1))-(SMALL(R:R, 1))) -> 0.71528239 | AW7: =(Z7-(SMALL(Z:Z, 1)))/((LARGE(Z:Z, 1))-(SMALL(Z:Z, 1))) -> 0.78272554 | AX7: =(AA7+ABS(MIN(AA:AA)))/(MAX(AA:AA)+ABS(MIN(AA:AA))) -> 0.86169384 | AY7: =AVERAGE(AD7/MAX(AD:AD), SQRT(AD7/MAX(AD:AD))) -> 0.78896811 | AZ7: =AVERAGE(AE7/MAX(AE:AE), (AE7-SMALL(AE:AE,1))/(LARGE(AE:AE,1)-SMALL(AE:AE,1))) -> 0.77619615 | BA7: =(BL7-MIN($BL$2:$BL$129))/(MAX($BL$2:$BL$129)-MIN($BL$2:$BL$129)) -> 0.68428005 | BB7: =IFERROR(AL7/MAX(AL:AL), 0) -> 0.72072072 | BC7: 105 | BE7: =VLOOKUP($A7, Calcs!$A$3:'Calcs'!$ALW$130, 845, FALSE) -> 106 | BF7: 1.3333333 | BG7: =IF(A7<17, SoC!P$3, IF(A7<33, SoC!P$4, IF(A7<49, SoC!P$5, IF(A7<65, SoC!P$6, IF(A7<81, SoC!P$7, IF(A7<97, SoC!P$8, SoC!P$9)))))) -> 0.96441715 | BH7: 0.6894017 | BI7: 0.95488719 | BJ7: 7.6772316 | BK7: 0.8902247 | BL7: =VLOOKUP($A7, Calcs!$A$3:'Calcs'!$BAA$130, 1025, FALSE) -> 2064 | BM7: 10.6 | BN7: =SQRT(BK7) -> 0.94351719 | BO7: =IF(BN7<(15/30), "F", IF(BN7<(18/30), "F+", IF(BN7<(19/30), "D-", IF(BN7<(20/30), "D", IF(BN7<(21/30), "D+", IF(BN7<(22/30), "C-", IF(BN7<(23/30), "C", IF(BN7<(24/30), "C+", IF(BN7<(25/30), "B-", IF(BN7<(26/30), "B", IF(BN7<(27/30), "B+", IF(BN7<(28/30), "A-", IF(BN7<(29/30), "A", "A+"))))))))))))) -> A | BP7: =(((BK7-$BK$1)/0.15)*3)+((BJ7-$BJ$1)/2) -> 8.0515029 | BQ7: B | BR7: #7 | BS7: =IF(BQ7="A","Platinum",IF(BQ7="B","Prism",IF(BQ7="C","Hakuna",IF(BQ7="D","Wild",IF(BQ7="E","Crystal",IF(BQ7="F","Gray",IF(BQ7="G","Emerald",IF(BQ7="H","Mystery")))))))) -> Prism | BT7: UTL | BU7: E | BV7: =IF(BT7="MRL", VLOOKUP(C7, Master!BL:BP, 5, FALSE), IF(BT7="UTL", VLOOKUP(C7, Ultra!BL:BP, 5, FALSE), "")) -> 2 | BW7: - | BX7: - | BY7: =MATCH(A7, Standings!$AH$21:$AH$36, 0) -> 2 | BZ7: 0.76078885 | CA7: Aqua Resort | CB7: 6 | CC7: 6 | CD7: 6 | CE7: 6 | CF7: 6 | CG7: 7 | CH7: 6 | CI7: 6 | CJ7: 4 | CK7: 6 | CL7: 6 | CM7: 6 | CN7: 6 | CO7: 6 | CP7: 5 | CQ7: 7 | CR7: 7 | CS7: 7 | CT7: 6 | CU7: 7 | CV7: 7 | CW7: 8 | CX7: 7 | CY7: 10 | CZ7: 11 | DA7: 14 | DB7: 16 | DC7: 17 | DD7: 19 | DE7: 17 | DF7: 24 | DG7: 27 | DH7: 26 | DI7: 24 | DJ7: 23 | DK7: 26 | DL7: 23 | DM7: 16 | DN7: 17
A8: 58 | B8: Vertress | C8: Castelia City | D8: - | E8: 4 | F8: =VLOOKUP($A8, Calcs!$A$3:'Calcs'!$ALW$130, 95, FALSE)+VLOOKUP($A8, Calcs!$A$3:'Calcs'!$ALW$130, 97, FALSE) -> 10 | G8: =VLOOKUP($A8, Calcs!$A$3:'Calcs'!$ALW$130, 96, FALSE)+VLOOKUP($A8, Calcs!$A$3:'Calcs'!$ALW$130, 98, FALSE) -> 2 | H8: * | I8: =VLOOKUP($A8, Calcs!$A$3:'Calcs'!$ALW$130, 99, FALSE)+VLOOKUP($A8, Calcs!$A$3:'Calcs'!$ALW$130, 101, FALSE) -> 8 | J8: =VLOOKUP($A8, Calcs!$A$3:'Calcs'!$ALW$130, 100, FALSE)+VLOOKUP($A8, Calcs!$A$3:'Calcs'!$ALW$130, 102, FALSE) -> 1 | L8: =VLOOKUP($A8, Calcs!$A$3:'Calcs'!$ALW$130, 119, FALSE) -> 15 | M8: =VLOOKUP($A8, Calcs!$A$3:'Calcs'!$ALW$130, 120, FALSE) -> 6 | N8: M | O8: =VLOOKUP($A8, Calcs!$A$3:'Calcs'!$ALW$130, 302, FALSE)/X8 -> 21 | P8: =VLOOKUP($A8, Calcs!$A$3:'Calcs'!$ALW$130, 394, FALSE)/X8 -> 12.992248 | Q8: =O8-P8 -> 8.0077519 | R8: =O8/(VLOOKUP($A8,Calcs!$A$3:'Calcs'!$ALW$130,485,FALSE)/X8) -> 3.0268156 | S8: =VLOOKUP($A8, Calcs!$A$3:'Calcs'!$ALW$130, 210, FALSE)/X8 -> 0.58961012 | T8: =VLOOKUP($A8, Calcs!$A$3:'Calcs'!$ALW$130, 576, FALSE)/X8 -> 7.2611628 | U8: =VLOOKUP($A8, Calcs!$A$3:'Calcs'!$ALW$130, 667, FALSE)/X8 -> 66.953488 | V8: =VLOOKUP($A8, Calcs!$A$3:'Calcs'!$ALW$130, 758, FALSE)/X8 -> 60.84186 | X8: =VLOOKUP($A8, Calcs!$A$3:'Calcs'!$ALW$130, 9, FALSE) -> 21.5 | Y8: =-(T8-MAX(T:T))*S8 -> 0.34233561 | Z8: =(S8)*(BG8) -> 0.63272414 | AA8: =Q8-T8 -> 0.74658915 | AB8: =U8 -> 66.953488 | AC8: =V8 -> 60.84186 | AD8: =IFERROR((AVERAGE((Q8-MIN(Q:Q))*AB8, SQRT((Q8-MIN(Q:Q))*AB8))/100)*BG8, 0) -> 9.3344088 | AE8: =IFERROR(IF(SQRT(AC8)>10, 10, SQRT(AC8)), 0) -> 7.8001193 | AG8: 45 | AH8: 20 | AI8: 60 | AJ8: 60 | AL8: =SUM(AG8:AJ8) -> 185 | AN8: 7 | AO8: =_xlfn.RANK.EQ(AQ8,AQ:AQ, 0) -> 7 | AP8: =AN8-AO8 -> 0 | AQ8: =((AR8*2.4)+(AS8*1.6)+(AT8*1)+(AU8*1)+(AV8*0.75)+(AW8*1)+(AX8*1)+(AY8*0.75)+(AZ8*1)+(BA8*0.75)+(BB8*0.75)+(BC8/LARGE(BC:BC,1))*(0/12))/(11+(20/24)) -> 0.87222626 | AR8: =IFERROR(IF((F8+G8)=1, IF(F8=0, 0.333, IF(F8=1, 0.666, 0)), IF((F8+G8)=2, IF(F8=0, 0.166, IF(F8=1, 0.5, IF(F8=2, 0.833, 0))), (F8+(L8/6))/(F8+G8))), 0) -> 1.0416667 | AS8: =IFERROR(IF((I8+J8)=1, IF(I8=0, 0.333, IF(I8=1, 0.666, 0)), IF((I8+J8)=2, IF(I8=0, 0.166, IF(I8=1, 0.5, IF(I8=2, 0.833, 0))), (I8/(I8+J8)))), 0) -> 0.88888889 | AT8: =(O8-(SMALL(O:O, 1)))/((LARGE(O:O, 1))-(SMALL(O:O, 1))) -> 0.88427428 | AU8: =1-(P8-(SMALL(P:P, 1)))/((LARGE(P:P, 1))-(SMALL(P:P, 1))) -> 0.88459607 | AV8: =(R8-(SMALL(R:R, 1)))/((LARGE(R:R, 1))-(SMALL(R:R, 1))) -> 1 | AW8: =(Z8-(SMALL(Z:Z, 1)))/((LARGE(Z:Z, 1))-(SMALL(Z:Z, 1))) -> 0.76372279 | AX8: =(AA8+ABS(MIN(AA:AA)))/(MAX(AA:AA)+ABS(MIN(AA:AA))) -> 0.67979256 | AY8: =AVERAGE(AD8/MAX(AD:AD), SQRT(AD8/MAX(AD:AD))) -> 0.93267895 | AZ8: =AVERAGE(AE8/MAX(AE:AE), (AE8-SMALL(AE:AE,1))/(LARGE(AE:AE,1)-SMALL(AE:AE,1))) -> 0.79347974 | BA8: =(BL8-MIN($BL$2:$BL$129))/(MAX($BL$2:$BL$129)-MIN($BL$2:$BL$129)) -> 0.70277411 | BB8: =IFERROR(AL8/MAX(AL:AL), 0) -> 0.55555556 | BC8: 311 | BE8: =VLOOKUP($A8, Calcs!$A$3:'Calcs'!$ALW$130, 845, FALSE) -> 71.84375 | BF8: 0.66666667 | BG8: =IF(A8<17, SoC!P$3, IF(A8<33, SoC!P$4, IF(A8<49, SoC!P$5, IF(A8<65, SoC!P$6, IF(A8<81, SoC!P$7, IF(A8<97, SoC!P$8, SoC!P$9)))))) -> 1.0731229 | BH8: 0.88427428 | BI8: 0.88459607 | BJ8: 7.8001193 | BK8: 0.87224283 | BL8: =VLOOKUP($A8, Calcs!$A$3:'Calcs'!$BAA$130, 1025, FALSE) -> 2078 | BM8: 7.2 | BN8: =SQRT(BK8) -> 0.93393941 | BO8: =IF(BN8<(15/30), "F", IF(BN8<(18/30), "F+", IF(BN8<(19/30), "D-", IF(BN8<(20/30), "D", IF(BN8<(21/30), "D+", IF(BN8<(22/30), "C-", IF(BN8<(23/30), "C", IF(BN8<(24/30), "C+", IF(BN8<(25/30), "B-", IF(BN8<(26/30), "B", IF(BN8<(27/30), "B+", IF(BN8<(28/30), "A-", IF(BN8<(29/30), "A", "A+"))))))))))))) -> A | BP8: =(((BK8-$BK$1)/0.15)*3)+((BJ8-$BJ$1)/2) -> 7.7533094 | BQ8: E | BR8: #2 | BS8: =IF(BQ8="A","Platinum",IF(BQ8="B","Prism",IF(BQ8="C","Hakuna",IF(BQ8="D","Wild",IF(BQ8="E","Crystal",IF(BQ8="F","Gray",IF(BQ8="G","Emerald",IF(BQ8="H","Mystery")))))))) -> Crystal | BT8: MRL | BU8: E | BV8: =IF(BT8="MRL", VLOOKUP(C8, Master!BL:BP, 5, FALSE), IF(BT8="UTL", VLOOKUP(C8, Ultra!BL:BP, 5, FALSE), "")) -> 1 | BW8: S4 Vertress Champion | BX8: - | BY8: =MATCH(A8, Standings!$N$21:$N$36, 0) -> 1 | BZ8: 0.83142703 | CA8: Castelia City | CB8: 7 | CC8: 7 | CD8: 7 | CE8: 7 | CF8: 7 | CG8: 6 | CH8: 8 | CI8: 8 | CJ8: 8 | CK8: 8 | CL8: 8 | CM8: 8 | CN8: 7 | CO8: 7 | CP8: 7 | CQ8: 5 | CR8: 5 | CS8: 3 | CT8: 4 | CU8: 4 | CV8: 3 | CW8: 3 | CX8: 3 | CY8: 3 | CZ8: 3 | DA8: 2 | DB8: 1 | DC8: 2 | DD8: 2 | DE8: 2 | DF8: 1 | DG8: 1 | DH8: 2 | DI8: 4 | DJ8: 5 | DK8: 3 | DL8: 6 | DM8: 8 | DN8: 9
A9: 117 | B9: Phoenix | C9: Fall City | D9: - | E9: 9 | F9: =VLOOKUP($A9, Calcs!$A$3:'Calcs'!$ALW$130, 95, FALSE)+VLOOKUP($A9, Calcs!$A$3:'Calcs'!$ALW$130, 97, FALSE) -> 11 | G9: =VLOOKUP($A9, Calcs!$A$3:'Calcs'!$ALW$130, 96, FALSE)+VLOOKUP($A9, Calcs!$A$3:'Calcs'!$ALW$130, 98, FALSE) -> 1 | H9: * | I9: =VLOOKUP($A9, Calcs!$A$3:'Calcs'!$ALW$130, 99, FALSE)+VLOOKUP($A9, Calcs!$A$3:'Calcs'!$ALW$130, 101, FALSE) -> 9 | J9: =VLOOKUP($A9, Calcs!$A$3:'Calcs'!$ALW$130, 100, FALSE)+VLOOKUP($A9, Calcs!$A$3:'Calcs'!$ALW$130, 102, FALSE) -> 0 | L9: =VLOOKUP($A9, Calcs!$A$3:'Calcs'!$ALW$130, 119, FALSE) -> 18 | M9: =VLOOKUP($A9, Calcs!$A$3:'Calcs'!$ALW$130, 120, FALSE) -> 6 | N9: M | O9: =VLOOKUP($A9, Calcs!$A$3:'Calcs'!$ALW$130, 302, FALSE)/X9 -> 19.228571 | P9: =VLOOKUP($A9, Calcs!$A$3:'Calcs'!$ALW$130, 394, FALSE)/X9 -> 13.807143 | Q9: =O9-P9 -> 5.4214286 | R9: =O9/(VLOOKUP($A9,Calcs!$A$3:'Calcs'!$ALW$130,485,FALSE)/X9) -> 2.7109768 | S9: =VLOOKUP($A9, Calcs!$A$3:'Calcs'!$ALW$130, 210, FALSE)/X9 -> 0.63643515 | T9: =VLOOKUP($A9, Calcs!$A$3:'Calcs'!$ALW$130, 576, FALSE)/X9 -> 4.6870714 | U9: =VLOOKUP($A9, Calcs!$A$3:'Calcs'!$ALW$130, 667, FALSE)/X9 -> 68.692857 | V9: =VLOOKUP($A9, Calcs!$A$3:'Calcs'!$ALW$130, 758, FALSE)/X9 -> 51.951429 | X9: =VLOOKUP($A9, Calcs!$A$3:'Calcs'!$ALW$130, 9, FALSE) -> 23.333333 | Y9: =-(T9-MAX(T:T))*S9 -> 2.0077651 | Z9: =(S9)*(BG9) -> 0.61378897 | AA9: =Q9-T9 -> 0.73435714 | AB9: =U9 -> 68.692857 | AC9: =V9 -> 51.951429 | AD9: =IFERROR((AVERAGE((Q9-MIN(Q:Q))*AB9, SQRT((Q9-MIN(Q:Q))*AB9))/100)*BG9, 0) -> 7.7369426 | AE9: =IFERROR(IF(SQRT(AC9)>10, 10, SQRT(AC9)), 0) -> 7.2077339 | AG9: 36 | AH9: 50 | AI9: 60 | AJ9: 60 | AL9: =SUM(AG9:AJ9) -> 206 | AN9: 8 | AO9: =_xlfn.RANK.EQ(AQ9,AQ:AQ, 0) -> 8 | AP9: =AN9-AO9 -> 0 | AQ9: =((AR9*2.4)+(AS9*1.6)+(AT9*1)+(AU9*1)+(AV9*0.75)+(AW9*1)+(AX9*1)+(AY9*0.75)+(AZ9*1)+(BA9*0.75)+(BB9*0.75)+(BC9/LARGE(BC:BC,1))*(0/12))/(11+(20/24)) -> 0.86994823 | AR9: =IFERROR(IF((F9+G9)=1, IF(F9=0, 0.333, IF(F9=1, 0.666, 0)), IF((F9+G9)=2, IF(F9=0, 0.166, IF(F9=1, 0.5, IF(F9=2, 0.833, 0))), (F9+(L9/6))/(F9+G9))), 0) -> 1.1666667 | AS9: =IFERROR(IF((I9+J9)=1, IF(I9=0, 0.333, IF(I9=1, 0.666, 0)), IF((I9+J9)=2, IF(I9=0, 0.166, IF(I9=1, 0.5, IF(I9=2, 0.833, 0))), (I9/(I9+J9)))), 0) -> 1 | AT9: =(O9-(SMALL(O:O, 1)))/((LARGE(O:O, 1))-(SMALL(O:O, 1))) -> 0.74441457 | AU9: =1-(P9-(SMALL(P:P, 1)))/((LARGE(P:P, 1))-(SMALL(P:P, 1))) -> 0.8361769 | AV9: =(R9-(SMALL(R:R, 1)))/((LARGE(R:R, 1))-(SMALL(R:R, 1))) -> 0.77087389 | AW9: =(Z9-(SMALL(Z:Z, 1)))/((LARGE(Z:Z, 1))-(SMALL(Z:Z, 1))) -> 0.7019779 | AX9: =(AA9+ABS(MIN(AA:AA)))/(MAX(AA:AA)+ABS(MIN(AA:AA))) -> 0.67888381 | AY9: =AVERAGE(AD9/MAX(AD:AD), SQRT(AD9/MAX(AD:AD))) -> 0.8119825 | AZ9: =AVERAGE(AE9/MAX(AE:AE), (AE9-SMALL(AE:AE,1))/(LARGE(AE:AE,1)-SMALL(AE:AE,1))) -> 0.71016348 | BA9: =(BL9-MIN($BL$2:$BL$129))/(MAX($BL$2:$BL$129)-MIN($BL$2:$BL$129)) -> 0.76221929 | BB9: =IFERROR(AL9/MAX(AL:AL), 0) -> 0.61861862 | BC9: 121 | BE9: =VLOOKUP($A9, Calcs!$A$3:'Calcs'!$ALW$130, 845, FALSE) -> 79.15625 | BF9: 0.33333333 | BG9: =IF(A9<17, SoC!P$3, IF(A9<33, SoC!P$4, IF(A9<49, SoC!P$5, IF(A9<65, SoC!P$6, IF(A9<81, SoC!P$7, IF(A9<97, SoC!P$8, SoC!P$9)))))) -> 0.96441715 | BH9: 0.74441457 | BI9: 0.8361769 | BJ9: 7.2077339 | BK9: 0.86985628 | BL9: =VLOOKUP($A9, Calcs!$A$3:'Calcs'!$BAA$130, 1025, FALSE) -> 2123 | BM9: 7.9 | BN9: =SQRT(BK9) -> 0.93266086 | BO9: =IF(BN9<(15/30), "F", IF(BN9<(18/30), "F+", IF(BN9<(19/30), "D-", IF(BN9<(20/30), "D", IF(BN9<(21/30), "D+", IF(BN9<(22/30), "C-", IF(BN9<(23/30), "C", IF(BN9<(24/30), "C+", IF(BN9<(25/30), "B-", IF(BN9<(26/30), "B", IF(BN9<(27/30), "B+", IF(BN9<(28/30), "A-", IF(BN9<(29/30), "A", "A+"))))))))))))) -> A- | BP9: =(((BK9-$BK$1)/0.15)*3)+((BJ9-$BJ$1)/2) -> 7.4093858 | BQ9: H | BR9: #1 | BS9: =IF(BQ9="A","Platinum",IF(BQ9="B","Prism",IF(BQ9="C","Hakuna",IF(BQ9="D","Wild",IF(BQ9="E","Crystal",IF(BQ9="F","Gray",IF(BQ9="G","Emerald",IF(BQ9="H","Mystery")))))))) -> Mystery | BT9: MRL | BU9: B | BV9: =IF(BT9="MRL", VLOOKUP(C9, Master!BL:BP, 5, FALSE), IF(BT9="UTL", VLOOKUP(C9, Ultra!BL:BP, 5, FALSE), "")) -> 1 | BW9: S4 Phoenix Champion | BX9: - | BY9: =MATCH(A9, Standings!$AH$21:$AH$36, 0) -> 1 | BZ9: 0.79344128 | CA9: Fall City | CB9: 8 | CC9: 8 | CD9: 8 | CE9: 8 | CF9: 8 | CG9: 9 | CH9: 9 | CI9: 9 | CJ9: 9 | CK9: 9 | CL9: 10 | CM9: 10 | CN9: 11 | CO9: 10 | CP9: 9 | CQ9: 9 | CR9: 9 | CS9: 9 | CT9: 9 | CU9: 9 | CV9: 10 | CW9: 11 | CX9: 11 | CY9: 12 | CZ9: 14 | DA9: 13 | DB9: 12 | DC9: 13 | DD9: 16 | DE9: 18 | DF9: 17 | DG9: 18 | DH9: 21 | DI9: 23 | DJ9: 8 | DK9: 7 | DL9: 9 | DM9: 10 | DN9: 12
A10: 107 | B10: Dynamax | C10: South Lakes | D10: - | E10: 8 | F10: =VLOOKUP($A10, Calcs!$A$3:'Calcs'!$ALW$130, 95, FALSE)+VLOOKUP($A10, Calcs!$A$3:'Calcs'!$ALW$130, 97, FALSE) -> 10 | G10: =VLOOKUP($A10, Calcs!$A$3:'Calcs'!$ALW$130, 96, FALSE)+VLOOKUP($A10, Calcs!$A$3:'Calcs'!$ALW$130, 98, FALSE) -> 2 | I10: =VLOOKUP($A10, Calcs!$A$3:'Calcs'!$ALW$130, 99, FALSE)+VLOOKUP($A10, Calcs!$A$3:'Calcs'!$ALW$130, 101, FALSE) -> 8 | J10: =VLOOKUP($A10, Calcs!$A$3:'Calcs'!$ALW$130, 100, FALSE)+VLOOKUP($A10, Calcs!$A$3:'Calcs'!$ALW$130, 102, FALSE) -> 1 | L10: =VLOOKUP($A10, Calcs!$A$3:'Calcs'!$ALW$130, 119, FALSE) -> 15 | M10: =VLOOKUP($A10, Calcs!$A$3:'Calcs'!$ALW$130, 120, FALSE) -> 11 | N10: W | O10: =VLOOKUP($A10, Calcs!$A$3:'Calcs'!$ALW$130, 302, FALSE)/X10 -> 22.465753 | P10: =VLOOKUP($A10, Calcs!$A$3:'Calcs'!$ALW$130, 394, FALSE)/X10 -> 13.691781 | Q10: =O10-P10 -> 8.7739726 | R10: =O10/(VLOOKUP($A10,Calcs!$A$3:'Calcs'!$ALW$130,485,FALSE)/X10) -> 2.9737081 | S10: =VLOOKUP($A10, Calcs!$A$3:'Calcs'!$ALW$130, 210, FALSE)/X10 -> 0.59466156 | T10: =VLOOKUP($A10, Calcs!$A$3:'Calcs'!$ALW$130, 576, FALSE)/X10 -> 6.9688356 | U10: =VLOOKUP($A10, Calcs!$A$3:'Calcs'!$ALW$130, 667, FALSE)/X10 -> 71.678082 | V10: =VLOOKUP($A10, Calcs!$A$3:'Calcs'!$ALW$130, 758, FALSE)/X10 -> 67.653425 | X10: =VLOOKUP($A10, Calcs!$A$3:'Calcs'!$ALW$130, 9, FALSE) -> 24.333333 | Y10: =-(T10-MAX(T:T))*S10 -> 0.51910427 | Z10: =(S10)*(BG10) -> 0.5735018 | AA10: =Q10-T10 -> 1.805137 | AB10: =U10 -> 71.678082 | AC10: =V10 -> 67.653425 | AD10: =IFERROR((AVERAGE((Q10-MIN(Q:Q))*AB10, SQRT((Q10-MIN(Q:Q))*AB10))/100)*BG10, 0) -> 9.2415944 | AE10: =IFERROR(IF(SQRT(AC10)>10, 10, SQRT(AC10)), 0) -> 8.2251702 | AG10: 54 | AH10: 30 | AI10: 45 | AJ10: 50 | AL10: =SUM(AG10:AJ10) -> 179 | AN10: 9 | AO10: =_xlfn.RANK.EQ(AQ10,AQ:AQ, 0) -> 9 | AP10: =AN10-AO10 -> 0 | AQ10: =((AR10*2.4)+(AS10*1.6)+(AT10*1)+(AU10*1)+(AV10*0.75)+(AW10*1)+(AX10*1)+(AY10*0.75)+(AZ10*1)+(BA10*0.75)+(BB10*0.75)+(BC10/LARGE(BC:BC,1))*(0/12))/(11+(20/24)) -> 0.86834287 | AR10: =IFERROR(IF((F10+G10)=1, IF(F10=0, 0.333, IF(F10=1, 0.666, 0)), IF((F10+G10)=2, IF(F10=0, 0.166, IF(F10=1, 0.5, IF(F10=2, 0.833, 0))), (F10+(L10/6))/(F10+G10))), 0) -> 1.0416667 | AS10: =IFERROR(IF((I10+J10)=1, IF(I10=0, 0.333, IF(I10=1, 0.666, 0)), IF((I10+J10)=2, IF(I10=0, 0.166, IF(I10=1, 0.5, IF(I10=2, 0.833, 0))), (I10/(I10+J10)))), 0) -> 0.88888889 | AT10: =(O10-(SMALL(O:O, 1)))/((LARGE(O:O, 1))-(SMALL(O:O, 1))) -> 1 | AU10: =1-(P10-(SMALL(P:P, 1)))/((LARGE(P:P, 1))-(SMALL(P:P, 1))) -> 0.84303144 | AV10: =(R10-(SMALL(R:R, 1)))/((LARGE(R:R, 1))-(SMALL(R:R, 1))) -> 0.96147297 | AW10: =(Z10-(SMALL(Z:Z, 1)))/((LARGE(Z:Z, 1))-(SMALL(Z:Z, 1))) -> 0.57060719 | AX10: =(AA10+ABS(MIN(AA:AA)))/(MAX(AA:AA)+ABS(MIN(AA:AA))) -> 0.75843497 | AY10: =AVERAGE(AD10/MAX(AD:AD), SQRT(AD10/MAX(AD:AD))) -> 0.92577169 | AZ10: =AVERAGE(AE10/MAX(AE:AE), (AE10-SMALL(AE:AE,1))/(LARGE(AE:AE,1)-SMALL(AE:AE,1))) -> 0.85326118 | BA10: =(BL10-MIN($BL$2:$BL$129))/(MAX($BL$2:$BL$129)-MIN($BL$2:$BL$129)) -> 0.67899604 | BB10: =IFERROR(AL10/MAX(AL:AL), 0) -> 0.53753754 | BC10: 283 | BE10: =VLOOKUP($A10, Calcs!$A$3:'Calcs'!$ALW$130, 845, FALSE) -> 120 | BF10: -0.33333333 | BG10: =IF(A10<17, SoC!P$3, IF(A10<33, SoC!P$4, IF(A10<49, SoC!P$5, IF(A10<65, SoC!P$6, IF(A10<81, SoC!P$7, IF(A10<97, SoC!P$8, SoC!P$9)))))) -> 0.96441715 | BH10: 1 | BI10: 0.84303144 | BJ10: 8.2251702 | BK10: 0.86828752 | BL10: =VLOOKUP($A10, Calcs!$A$3:'Calcs'!$BAA$130, 1025, FALSE) -> 2060 | BM10: 12 | BN10: =SQRT(BK10) -> 0.93181947 | BO10: =IF(BN10<(15/30), "F", IF(BN10<(18/30), "F+", IF(BN10<(19/30), "D-", IF(BN10<(20/30), "D", IF(BN10<(21/30), "D+", IF(BN10<(22/30), "C-", IF(BN10<(23/30), "C", IF(BN10<(24/30), "C+", IF(BN10<(25/30), "B-", IF(BN10<(26/30), "B", IF(BN10<(27/30), "B+", IF(BN10<(28/30), "A-", IF(BN10<(29/30), "A", "A+"))))))))))))) -> A- | BP10: =(((BK10-$BK$1)/0.15)*3)+((BJ10-$BJ$1)/2) -> 7.8867287 | BQ10: D | BR10: #1 | BS10: =IF(BQ10="A","Platinum",IF(BQ10="B","Prism",IF(BQ10="C","Hakuna",IF(BQ10="D","Wild",IF(BQ10="E","Crystal",IF(BQ10="F","Gray",IF(BQ10="G","Emerald",IF(BQ10="H","Mystery")))))))) -> Wild | BT10: MRL | BU10: E | BV10: =IF(BT10="MRL", VLOOKUP(C10, Master!BL:BP, 5, FALSE), IF(BT10="UTL", VLOOKUP(C10, Ultra!BL:BP, 5, FALSE), "")) -> 2 | BW10: - | BX10: - | BY10: =MATCH(A10, Standings!$AH$3:$AH$18, 0) -> 4 | BZ10: 0.89541494 | CA10: South Lakes | CB10: 9 | CC10: 9 | CD10: 9 | CE10: 9 | CF10: 9 | CG10: 8 | CH10: 7 | CI10: 7 | CJ10: 7 | CK10: 7 | CL10: 7 | CM10: 7 | CN10: 8 | CO10: 11 | CP10: 11 | CQ10: 12 | CR10: 11 | CS10: 12 | CT10: 15 | CU10: 16 | CV10: 15 | CW10: 15 | CX10: 13 | CY10: 8 | CZ10: 6 | DA10: 8 | DB10: 9 | DC10: 9 | DD10: 14 | DE10: 13 | DF10: 3 | DG10: 3 | DH10: 1 | DI10: 2 | DJ10: 1 | DK10: 2 | DL10: 2 | DM10: 4 | DN10: 5
A11: 109 | B11: Dynamax | C11: Hulbury | D11: - | E11: 14 | F11: =VLOOKUP($A11, Calcs!$A$3:'Calcs'!$ALW$130, 95, FALSE)+VLOOKUP($A11, Calcs!$A$3:'Calcs'!$ALW$130, 97, FALSE) -> 11 | G11: =VLOOKUP($A11, Calcs!$A$3:'Calcs'!$ALW$130, 96, FALSE)+VLOOKUP($A11, Calcs!$A$3:'Calcs'!$ALW$130, 98, FALSE) -> 1 | I11: =VLOOKUP($A11, Calcs!$A$3:'Calcs'!$ALW$130, 99, FALSE)+VLOOKUP($A11, Calcs!$A$3:'Calcs'!$ALW$130, 101, FALSE) -> 9 | J11: =VLOOKUP($A11, Calcs!$A$3:'Calcs'!$ALW$130, 100, FALSE)+VLOOKUP($A11, Calcs!$A$3:'Calcs'!$ALW$130, 102, FALSE) -> 0 | L11: =VLOOKUP($A11, Calcs!$A$3:'Calcs'!$ALW$130, 119, FALSE) -> 16 | M11: =VLOOKUP($A11, Calcs!$A$3:'Calcs'!$ALW$130, 120, FALSE) -> 15 | N11: M | O11: =VLOOKUP($A11, Calcs!$A$3:'Calcs'!$ALW$130, 302, FALSE)/X11 -> 16.55 | P11: =VLOOKUP($A11, Calcs!$A$3:'Calcs'!$ALW$130, 394, FALSE)/X11 -> 11.05 | Q11: =O11-P11 -> 5.5 | R11: =O11/(VLOOKUP($A11,Calcs!$A$3:'Calcs'!$ALW$130,485,FALSE)/X11) -> 2.6801619 | S11: =VLOOKUP($A11, Calcs!$A$3:'Calcs'!$ALW$130, 210, FALSE)/X11 -> 0.62834133 | T11: =VLOOKUP($A11, Calcs!$A$3:'Calcs'!$ALW$130, 576, FALSE)/X11 -> 4.1270625 | U11: =VLOOKUP($A11, Calcs!$A$3:'Calcs'!$ALW$130, 667, FALSE)/X11 -> 50.225 | V11: =VLOOKUP($A11, Calcs!$A$3:'Calcs'!$ALW$130, 758, FALSE)/X11 -> 43.53625 | X11: =VLOOKUP($A11, Calcs!$A$3:'Calcs'!$ALW$130, 9, FALSE) -> 26.666667 | Y11: =-(T11-MAX(T:T))*S11 -> 2.3341082 | Z11: =(S11)*(BG11) -> 0.60598316 | AA11: =Q11-T11 -> 1.3729375 | AB11: =U11 -> 50.225 | AC11: =V11 -> 43.53625 | AD11: =IFERROR((AVERAGE((Q11-MIN(Q:Q))*AB11, SQRT((Q11-MIN(Q:Q))*AB11))/100)*BG11, 0) -> 5.6998393 | AE11: =IFERROR(IF(SQRT(AC11)>10, 10, SQRT(AC11)), 0) -> 6.5982005 | AG11: 42 | AH11: 30 | AI11: 50 | AJ11: 135 | AL11: =SUM(AG11:AJ11) -> 257 | AN11: 10 | AO11: =_xlfn.RANK.EQ(AQ11,AQ:AQ, 0) -> 10 | AP11: =AN11-AO11 -> 0 | AQ11: =((AR11*2.4)+(AS11*1.6)+(AT11*1)+(AU11*1)+(AV11*0.75)+(AW11*1)+(AX11*1)+(AY11*0.75)+(AZ11*1)+(BA11*0.75)+(BB11*0.75)+(BC11/LARGE(BC:BC,1))*(0/12))/(11+(20/24)) -> 0.84955635 | AR11: =IFERROR(IF((F11+G11)=1, IF(F11=0, 0.333, IF(F11=1, 0.666, 0)), IF((F11+G11)=2, IF(F11=0, 0.166, IF(F11=1, 0.5, IF(F11=2, 0.833, 0))), (F11+(L11/6))/(F11+G11))), 0) -> 1.1388889 | AS11: =IFERROR(IF((I11+J11)=1, IF(I11=0, 0.333, IF(I11=1, 0.666, 0)), IF((I11+J11)=2, IF(I11=0, 0.166, IF(I11=1, 0.5, IF(I11=2, 0.833, 0))), (I11/(I11+J11)))), 0) -> 1 | AT11: =(O11-(SMALL(O:O, 1)))/((LARGE(O:O, 1))-(SMALL(O:O, 1))) -> 0.53293316 | AU11: =1-(P11-(SMALL(P:P, 1)))/((LARGE(P:P, 1))-(SMALL(P:P, 1))) -> 1 | AV11: =(R11-(SMALL(R:R, 1)))/((LARGE(R:R, 1))-(SMALL(R:R, 1))) -> 0.74851914 | AW11: =(Z11-(SMALL(Z:Z, 1)))/((LARGE(Z:Z, 1))-(SMALL(Z:Z, 1))) -> 0.67652425 | AX11: =(AA11+ABS(MIN(AA:AA)))/(MAX(AA:AA)+ABS(MIN(AA:AA))) -> 0.72632569 | AY11: =AVERAGE(AD11/MAX(AD:AD), SQRT(AD11/MAX(AD:AD))) -> 0.65102644 | AZ11: =AVERAGE(AE11/MAX(AE:AE), (AE11-SMALL(AE:AE,1))/(LARGE(AE:AE,1)-SMALL(AE:AE,1))) -> 0.62443542 | BA11: =(BL11-MIN($BL$2:$BL$129))/(MAX($BL$2:$BL$129)-MIN($BL$2:$BL$129)) -> 0.70805812 | BB11: =IFERROR(AL11/MAX(AL:AL), 0) -> 0.77177177 | BC11: 179 | BE11: =VLOOKUP($A11, Calcs!$A$3:'Calcs'!$ALW$130, 845, FALSE) -> 161.84375 | BF11: 1 | BG11: =IF(A11<17, SoC!P$3, IF(A11<33, SoC!P$4, IF(A11<49, SoC!P$5, IF(A11<65, SoC!P$6, IF(A11<81, SoC!P$7, IF(A11<97, SoC!P$8, SoC!P$9)))))) -> 0.96441715 | BH11: 0.53293316 | BI11: 1 | BJ11: 6.5982005 | BK11: 0.84947088 | BL11: =VLOOKUP($A11, Calcs!$A$3:'Calcs'!$BAA$130, 1025, FALSE) -> 2082 | BM11: 16.2 | BN11: =SQRT(BK11) -> 0.92166744 | BO11: =IF(BN11<(15/30), "F", IF(BN11<(18/30), "F+", IF(BN11<(19/30), "D-", IF(BN11<(20/30), "D", IF(BN11<(21/30), "D+", IF(BN11<(22/30), "C-", IF(BN11<(23/30), "C", IF(BN11<(24/30), "C+", IF(BN11<(25/30), "B-", IF(BN11<(26/30), "B", IF(BN11<(27/30), "B+", IF(BN11<(28/30), "A-", IF(BN11<(29/30), "A", "A+"))))))))))))) -> A- | BP11: =(((BK11-$BK$1)/0.15)*3)+((BJ11-$BJ$1)/2) -> 6.696911 | BQ11: F | BR11: #3 | BS11: =IF(BQ11="A","Platinum",IF(BQ11="B","Prism",IF(BQ11="C","Hakuna",IF(BQ11="D","Wild",IF(BQ11="E","Crystal",IF(BQ11="F","Gray",IF(BQ11="G","Emerald",IF(BQ11="H","Mystery")))))))) -> Gray | BT11: MRL | BU11: D | BV11: =IF(BT11="MRL", VLOOKUP(C11, Master!BL:BP, 5, FALSE), IF(BT11="UTL", VLOOKUP(C11, Ultra!BL:BP, 5, FALSE), "")) -> 2 | BW11: - | BX11: - | BY11: =MATCH(A11, Standings!$AH$3:$AH$18, 0) -> 1 | BZ11: 0.71554019 | CA11: Hulbury | CB11: 10 | CC11: 10 | CD11: 11 | CE11: 11 | CF11: 12 | CG11: 12 | CH11: 12 | CI11: 12 | CJ11: 12 | CK11: 12 | CL11: 11 | CM11: 11 | CN11: 10 | CO11: 8 | CP11: 8 | CQ11: 10 | CR11: 10 | CS11: 8 | CT11: 8 | CU11: 10 | CV11: 8 | CW11: 9 | CX11: 9 | CY11: 9 | CZ11: 12 | DA11: 15 | DB11: 13 | DC11: 18 | DD11: 21 | DE11: 22 | DF11: 25 | DG11: 24 | DH11: 23 | DI11: 19 | DJ11: 12 | DK11: 8 | DL11: 14 | DM11: 19 | DN11: 24
A12: 87 | B12: Lanakila | C12: Kala'e Bay | D12: - | E12: 10 | F12: =VLOOKUP($A12, Calcs!$A$3:'Calcs'!$ALW$130, 95, FALSE)+VLOOKUP($A12, Calcs!$A$3:'Calcs'!$ALW$130, 97, FALSE) -> 10 | G12: =VLOOKUP($A12, Calcs!$A$3:'Calcs'!$ALW$130, 96, FALSE)+VLOOKUP($A12, Calcs!$A$3:'Calcs'!$ALW$130, 98, FALSE) -> 2 | H12: * | I12: =VLOOKUP($A12, Calcs!$A$3:'Calcs'!$ALW$130, 99, FALSE)+VLOOKUP($A12, Calcs!$A$3:'Calcs'!$ALW$130, 101, FALSE) -> 8 | J12: =VLOOKUP($A12, Calcs!$A$3:'Calcs'!$ALW$130, 100, FALSE)+VLOOKUP($A12, Calcs!$A$3:'Calcs'!$ALW$130, 102, FALSE) -> 1 | L12: =VLOOKUP($A12, Calcs!$A$3:'Calcs'!$ALW$130, 119, FALSE) -> 17 | M12: =VLOOKUP($A12, Calcs!$A$3:'Calcs'!$ALW$130, 120, FALSE) -> 6 | N12: M | O12: =VLOOKUP($A12, Calcs!$A$3:'Calcs'!$ALW$130, 302, FALSE)/X12 -> 20.684211 | P12: =VLOOKUP($A12, Calcs!$A$3:'Calcs'!$ALW$130, 394, FALSE)/X12 -> 13.909774 | Q12: =O12-P12 -> 6.7744361 | R12: =O12/(VLOOKUP($A12,Calcs!$A$3:'Calcs'!$ALW$130,485,FALSE)/X12) -> 2.8897059 | S12: =VLOOKUP($A12, Calcs!$A$3:'Calcs'!$ALW$130, 210, FALSE)/X12 -> 0.6057392 | T12: =VLOOKUP($A12, Calcs!$A$3:'Calcs'!$ALW$130, 576, FALSE)/X12 -> 7.1287218 | U12: =VLOOKUP($A12, Calcs!$A$3:'Calcs'!$ALW$130, 667, FALSE)/X12 -> 67.466165 | V12: =VLOOKUP($A12, Calcs!$A$3:'Calcs'!$ALW$130, 758, FALSE)/X12 -> 52.573684 | X12: =VLOOKUP($A12, Calcs!$A$3:'Calcs'!$ALW$130, 9, FALSE) -> 22.166667 | Y12: =-(T12-MAX(T:T))*S12 -> 0.43192507 | Z12: =(S12)*(BG12) -> 0.61577002 | AA12: =Q12-T12 -> -0.35428571 | AB12: =U12 -> 67.466165 | AC12: =V12 -> 52.573684 | AD12: =IFERROR((AVERAGE((Q12-MIN(Q:Q))*AB12, SQRT((Q12-MIN(Q:Q))*AB12))/100)*BG12, 0) -> 8.4812054 | AE12: =IFERROR(IF(SQRT(AC12)>10, 10, SQRT(AC12)), 0) -> 7.2507713 | AG12: 51 | AH12: 20 | AI12: 60 | AJ12: 60 | AL12: =SUM(AG12:AJ12) -> 191 | AN12: 11 | AO12: =_xlfn.RANK.EQ(AQ12,AQ:AQ, 0) -> 11 | AP12: =AN12-AO12 -> 0 | AQ12: =((AR12*2.4)+(AS12*1.6)+(AT12*1)+(AU12*1)+(AV12*0.75)+(AW12*1)+(AX12*1)+(AY12*0.75)+(AZ12*1)+(BA12*0.75)+(BB12*0.75)+(BC12/LARGE(BC:BC,1))*(0/12))/(11+(20/24)) -> 0.84766827 | AR12: =IFERROR(IF((F12+G12)=1, IF(F12=0, 0.333, IF(F12=1, 0.666, 0)), IF((F12+G12)=2, IF(F12=0, 0.166, IF(F12=1, 0.5, IF(F12=2, 0.833, 0))), (F12+(L12/6))/(F12+G12))), 0) -> 1.0694444 | AS12: =IFERROR(IF((I12+J12)=1, IF(I12=0, 0.333, IF(I12=1, 0.666, 0)), IF((I12+J12)=2, IF(I12=0, 0.166, IF(I12=1, 0.5, IF(I12=2, 0.833, 0))), (I12/(I12+J12)))), 0) -> 0.88888889 | AT12: =(O12-(SMALL(O:O, 1)))/((LARGE(O:O, 1))-(SMALL(O:O, 1))) -> 0.85934174 | AU12: =1-(P12-(SMALL(P:P, 1)))/((LARGE(P:P, 1))-(SMALL(P:P, 1))) -> 0.83007876 | AV12: =(R12-(SMALL(R:R, 1)))/((LARGE(R:R, 1))-(SMALL(R:R, 1))) -> 0.90053335 | AW12: =(Z12-(SMALL(Z:Z, 1)))/((LARGE(Z:Z, 1))-(SMALL(Z:Z, 1))) -> 0.70843781 | AX12: =(AA12+ABS(MIN(AA:AA)))/(MAX(AA:AA)+ABS(MIN(AA:AA))) -> 0.59800556 | AY12: =AVERAGE(AD12/MAX(AD:AD), SQRT(AD12/MAX(AD:AD))) -> 0.86871536 | AZ12: =AVERAGE(AE12/MAX(AE:AE), (AE12-SMALL(AE:AE,1))/(LARGE(AE:AE,1)-SMALL(AE:AE,1))) -> 0.71621648 | BA12: =(BL12-MIN($BL$2:$BL$129))/(MAX($BL$2:$BL$129)-MIN($BL$2:$BL$129)) -> 0.76354029 | BB12: =IFERROR(AL12/MAX(AL:AL), 0) -> 0.57357357 | BC12: 381 | BE12: =VLOOKUP($A12, Calcs!$A$3:'Calcs'!$ALW$130, 845, FALSE) -> 122.4375 | BF12: 1.6666667 | BG12: =IF(A12<17, SoC!P$3, IF(A12<33, SoC!P$4, IF(A12<49, SoC!P$5, IF(A12<65, SoC!P$6, IF(A12<81, SoC!P$7, IF(A12<97, SoC!P$8, SoC!P$9)))))) -> 1.0165596 | BH12: 0.85934174 | BI12: 0.83007876 | BJ12: 7.2507713 | BK12: 0.84785933 | BL12: =VLOOKUP($A12, Calcs!$A$3:'Calcs'!$BAA$130, 1025, FALSE) -> 2124 | BM12: 12.2 | BN12: =SQRT(BK12) -> 0.92079277 | BO12: =IF(BN12<(15/30), "F", IF(BN12<(18/30), "F+", IF(BN12<(19/30), "D-", IF(BN12<(20/30), "D", IF(BN12<(21/30), "D+", IF(BN12<(22/30), "C-", IF(BN12<(23/30), "C", IF(BN12<(24/30), "C+", IF(BN12<(25/30), "B-", IF(BN12<(26/30), "B", IF(BN12<(27/30), "B+", IF(BN12<(28/30), "A-", IF(BN12<(29/30), "A", "A+"))))))))))))) -> A- | BP12: =(((BK12-$BK$1)/0.15)*3)+((BJ12-$BJ$1)/2) -> 6.9909655 | BQ12: C | BR12: #1 | BS12: =IF(BQ12="A","Platinum",IF(BQ12="B","Prism",IF(BQ12="C","Hakuna",IF(BQ12="D","Wild",IF(BQ12="E","Crystal",IF(BQ12="F","Gray",IF(BQ12="G","Emerald",IF(BQ12="H","Mystery")))))))) -> Hakuna | BT12: MRL | BU12: F | BV12: =IF(BT12="MRL", VLOOKUP(C12, Master!BL:BP, 5, FALSE), IF(BT12="UTL", VLOOKUP(C12, Ultra!BL:BP, 5, FALSE), "")) -> 1 | BW12: S4 Lanakila Champion | BX12: S3 World Finalist | BY12: =MATCH(A12, Standings!$X$21:$X$36, 0) -> 1 | BZ12: 0.91303387 | CA12: Kala'e Bay | CB12: 11 | CC12: 11 | CD12: 10 | CE12: 10 | CF12: 10 | CG12: 10 | CH12: 10 | CI12: 10 | CJ12: 10 | CK12: 10 | CL12: 12 | CM12: 12 | CN12: 12 | CO12: 12 | CP12: 12 | CQ12: 6 | CR12: 6 | CS12: 6 | CT12: 7 | CU12: 5 | CV12: 5 | CW12: 5 | CX12: 5 | CY12: 5 | CZ12: 5 | DA12: 6 | DB12: 5 | DC12: 6 | DD12: 5 | DE12: 5 | DF12: 6 | DG12: 5 | DH12: 3 | DI12: 3 | DJ12: 3 | DK12: 4 | DL12: 4 | DM12: 5 | DN12: 4
A13: 114 | B13: Phoenix | C13: Gateon Port | D13: - | E13: 15 | F13: =VLOOKUP($A13, Calcs!$A$3:'Calcs'!$ALW$130, 95, FALSE)+VLOOKUP($A13, Calcs!$A$3:'Calcs'!$ALW$130, 97, FALSE) -> 10 | G13: =VLOOKUP($A13, Calcs!$A$3:'Calcs'!$ALW$130, 96, FALSE)+VLOOKUP($A13, Calcs!$A$3:'Calcs'!$ALW$130, 98, FALSE) -> 2 | I13: =VLOOKUP($A13, Calcs!$A$3:'Calcs'!$ALW$130, 99, FALSE)+VLOOKUP($A13, Calcs!$A$3:'Calcs'!$ALW$130, 101, FALSE) -> 8 | J13: =VLOOKUP($A13, Calcs!$A$3:'Calcs'!$ALW$130, 100, FALSE)+VLOOKUP($A13, Calcs!$A$3:'Calcs'!$ALW$130, 102, FALSE) -> 1 | L13: =VLOOKUP($A13, Calcs!$A$3:'Calcs'!$ALW$130, 119, FALSE) -> 13 | M13: =VLOOKUP($A13, Calcs!$A$3:'Calcs'!$ALW$130, 120, FALSE) -> 11 | N13: M | O13: =VLOOKUP($A13, Calcs!$A$3:'Calcs'!$ALW$130, 302, FALSE)/X13 -> 19.300699 | P13: =VLOOKUP($A13, Calcs!$A$3:'Calcs'!$ALW$130, 394, FALSE)/X13 -> 12.006993 | Q13: =O13-P13 -> 7.2937063 | R13: =O13/(VLOOKUP($A13,Calcs!$A$3:'Calcs'!$ALW$130,485,FALSE)/X13) -> 2.8482972 | S13: =VLOOKUP($A13, Calcs!$A$3:'Calcs'!$ALW$130, 210, FALSE)/X13 -> 0.61495512 | T13: =VLOOKUP($A13, Calcs!$A$3:'Calcs'!$ALW$130, 576, FALSE)/X13 -> 4.941958 | U13: =VLOOKUP($A13, Calcs!$A$3:'Calcs'!$ALW$130, 667, FALSE)/X13 -> 61.944056 | V13: =VLOOKUP($A13, Calcs!$A$3:'Calcs'!$ALW$130, 758, FALSE)/X13 -> 61.193007 | X13: =VLOOKUP($A13, Calcs!$A$3:'Calcs'!$ALW$130, 9, FALSE) -> 23.833333 | Y13: =-(T13-MAX(T:T))*S13 -> 1.7832581 | Z13: =(S13)*(BG13) -> 0.59307327 | AA13: =Q13-T13 -> 2.3517483 | AB13: =U13 -> 61.944056 | AC13: =V13 -> 61.193007 | AD13: =IFERROR((AVERAGE((Q13-MIN(Q:Q))*AB13, SQRT((Q13-MIN(Q:Q))*AB13))/100)*BG13, 0) -> 7.5524922 | AE13: =IFERROR(IF(SQRT(AC13)>10, 10, SQRT(AC13)), 0) -> 7.8225959 | AG13: 27 | AH13: 30 | AI13: 40 | AJ13: 70 | AL13: =SUM(AG13:AJ13) -> 167 | AN13: 12 | AO13: =_xlfn.RANK.EQ(AQ13,AQ:AQ, 0) -> 12 | AP13: =AN13-AO13 -> 0 | AQ13: =((AR13*2.4)+(AS13*1.6)+(AT13*1)+(AU13*1)+(AV13*0.75)+(AW13*1)+(AX13*1)+(AY13*0.75)+(AZ13*1)+(BA13*0.75)+(BB13*0.75)+(BC13/LARGE(BC:BC,1))*(0/12))/(11+(20/24)) -> 0.83131416 | AR13: =IFERROR(IF((F13+G13)=1, IF(F13=0, 0.333, IF(F13=1, 0.666, 0)), IF((F13+G13)=2, IF(F13=0, 0.166, IF(F13=1, 0.5, IF(F13=2, 0.833, 0))), (F13+(L13/6))/(F13+G13))), 0) -> 1.0138889 | AS13: =IFERROR(IF((I13+J13)=1, IF(I13=0, 0.333, IF(I13=1, 0.666, 0)), IF((I13+J13)=2, IF(I13=0, 0.166, IF(I13=1, 0.5, IF(I13=2, 0.833, 0))), (I13/(I13+J13)))), 0) -> 0.88888889 | AT13: =(O13-(SMALL(O:O, 1)))/((LARGE(O:O, 1))-(SMALL(O:O, 1))) -> 0.75010929 | AU13: =1-(P13-(SMALL(P:P, 1)))/((LARGE(P:P, 1))-(SMALL(P:P, 1))) -> 0.94313767 | AV13: =(R13-(SMALL(R:R, 1)))/((LARGE(R:R, 1))-(SMALL(R:R, 1))) -> 0.87049332 | AW13: =(Z13-(SMALL(Z:Z, 1)))/((LARGE(Z:Z, 1))-(SMALL(Z:Z, 1))) -> 0.63442695 | AX13: =(AA13+ABS(MIN(AA:AA)))/(MAX(AA:AA)+ABS(MIN(AA:AA))) -> 0.79904422 | AY13: =AVERAGE(AD13/MAX(AD:AD), SQRT(AD13/MAX(AD:AD))) -> 0.79777227 | AZ13: =AVERAGE(AE13/MAX(AE:AE), (AE13-SMALL(AE:AE,1))/(LARGE(AE:AE,1)-SMALL(AE:AE,1))) -> 0.79664097 | BA13: =(BL13-MIN($BL$2:$BL$129))/(MAX($BL$2:$BL$129)-MIN($BL$2:$BL$129)) -> 0.57463672 | BB13: =IFERROR(AL13/MAX(AL:AL), 0) -> 0.5015015 | BC13: 81 | BE13: =VLOOKUP($A13, Calcs!$A$3:'Calcs'!$ALW$130, 845, FALSE) -> 98.28125 | BF13: 1.3333333 | BG13: =IF(A13<17, SoC!P$3, IF(A13<33, SoC!P$4, IF(A13<49, SoC!P$5, IF(A13<65, SoC!P$6, IF(A13<81, SoC!P$7, IF(A13<97, SoC!P$8, SoC!P$9)))))) -> 0.96441715 | BH13: 0.75010929 | BI13: 0.94313767 | BJ13: 7.8225959 | BK13: 0.83122381 | BL13: =VLOOKUP($A13, Calcs!$A$3:'Calcs'!$BAA$130, 1025, FALSE) -> 1981 | BM13: 9.8 | BN13: =SQRT(BK13) -> 0.91171476 | BO13: =IF(BN13<(15/30), "F", IF(BN13<(18/30), "F+", IF(BN13<(19/30), "D-", IF(BN13<(20/30), "D", IF(BN13<(21/30), "D+", IF(BN13<(22/30), "C-", IF(BN13<(23/30), "C", IF(BN13<(24/30), "C+", IF(BN13<(25/30), "B-", IF(BN13<(26/30), "B", IF(BN13<(27/30), "B+", IF(BN13<(28/30), "A-", IF(BN13<(29/30), "A", "A+"))))))))))))) -> A- | BP13: =(((BK13-$BK$1)/0.15)*3)+((BJ13-$BJ$1)/2) -> 6.9441674 | BQ13: E | BR13: #7 | BS13: =IF(BQ13="A","Platinum",IF(BQ13="B","Prism",IF(BQ13="C","Hakuna",IF(BQ13="D","Wild",IF(BQ13="E","Crystal",IF(BQ13="F","Gray",IF(BQ13="G","Emerald",IF(BQ13="H","Mystery")))))))) -> Crystal | BT13: UTL | BU13: F | BV13: =IF(BT13="MRL", VLOOKUP(C13, Master!BL:BP, 5, FALSE), IF(BT13="UTL", VLOOKUP(C13, Ultra!BL:BP, 5, FALSE), "")) -> 2 | BW13: - | BX13: - | BY13: =MATCH(A13, Standings!$AH$21:$AH$36, 0) -> 3 | BZ13: 0.65540992 | CA13: Gateon Port | CB13: 12 | CC13: 12 | CD13: 12 | CE13: 13 | CF13: 11 | CG13: 11 | CH13: 13 | CI13: 13 | CJ13: 13 | CK13: 11 | CL13: 9 | CM13: 9 | CN13: 9 | CO13: 9 | CP13: 10 | CQ13: 11 | CR13: 12 | CS13: 16 | CT13: 16 | CU13: 8 | CV13: 9 | CW13: 13 | CX13: 10 | CY13: 7 | CZ13: 9 | DA13: 9 | DB13: 8 | DC13: 8 | DD13: 7 | DE13: 8 | DF13: 13 | DG13: 13 | DH13: 12 | DI13: 11 | DJ13: 7 | DK13: 9 | DL13: 18 | DM13: 23 | DN13: 38
A14: 77 | B14: Kalosite | C14: Aquacorde Town | D14: - | E14: 13 | F14: =VLOOKUP($A14, Calcs!$A$3:'Calcs'!$ALW$130, 95, FALSE)+VLOOKUP($A14, Calcs!$A$3:'Calcs'!$ALW$130, 97, FALSE) -> 11 | G14: =VLOOKUP($A14, Calcs!$A$3:'Calcs'!$ALW$130, 96, FALSE)+VLOOKUP($A14, Calcs!$A$3:'Calcs'!$ALW$130, 98, FALSE) -> 1 | I14: =VLOOKUP($A14, Calcs!$A$3:'Calcs'!$ALW$130, 99, FALSE)+VLOOKUP($A14, Calcs!$A$3:'Calcs'!$ALW$130, 101, FALSE) -> 8 | J14: =VLOOKUP($A14, Calcs!$A$3:'Calcs'!$ALW$130, 100, FALSE)+VLOOKUP($A14, Calcs!$A$3:'Calcs'!$ALW$130, 102, FALSE) -> 1 | L14: =VLOOKUP($A14, Calcs!$A$3:'Calcs'!$ALW$130, 119, FALSE) -> 7 | M14: =VLOOKUP($A14, Calcs!$A$3:'Calcs'!$ALW$130, 120, FALSE) -> 7 | N14: M | O14: =VLOOKUP($A14, Calcs!$A$3:'Calcs'!$ALW$130, 302, FALSE)/X14 -> 18.15 | P14: =VLOOKUP($A14, Calcs!$A$3:'Calcs'!$ALW$130, 394, FALSE)/X14 -> 11.55 | Q14: =O14-P14 -> 6.6 | R14: =O14/(VLOOKUP($A14,Calcs!$A$3:'Calcs'!$ALW$130,485,FALSE)/X14) -> 2.8470588 | S14: =VLOOKUP($A14, Calcs!$A$3:'Calcs'!$ALW$130, 210, FALSE)/X14 -> 0.64445839 | T14: =VLOOKUP($A14, Calcs!$A$3:'Calcs'!$ALW$130, 576, FALSE)/X14 -> 5.13525 | U14: =VLOOKUP($A14, Calcs!$A$3:'Calcs'!$ALW$130, 667, FALSE)/X14 -> 57.3 | V14: =VLOOKUP($A14, Calcs!$A$3:'Calcs'!$ALW$130, 758, FALSE)/X14 -> 55.37 | X14: =VLOOKUP($A14, Calcs!$A$3:'Calcs'!$ALW$130, 9, FALSE) -> 20 | Y14: =-(T14-MAX(T:T))*S14 -> 1.7442436 | Z14: =(S14)*(BG14) -> 0.65838759 | AA14: =Q14-T14 -> 1.46475 | AB14: =U14 -> 57.3 | AC14: =V14 -> 55.37 | AD14: =IFERROR((AVERAGE((Q14-MIN(Q:Q))*AB14, SQRT((Q14-MIN(Q:Q))*AB14))/100)*BG14, 0) -> 7.2021769 | AE14: =IFERROR(IF(SQRT(AC14)>10, 10, SQRT(AC14)), 0) -> 7.4411021 | AH14: 30 | AI14: 55 | AJ14: 80 | AL14: =SUM(AG14:AJ14) -> 165 | AN14: 13 | AO14: =_xlfn.RANK.EQ(AQ14,AQ:AQ, 0) -> 13 | AP14: =AN14-AO14 -> 0 | AQ14: =((AR14*2.4)+(AS14*1.6)+(AT14*1)+(AU14*1)+(AV14*0.75)+(AW14*1)+(AX14*1)+(AY14*0.75)+(AZ14*1)+(BA14*0.75)+(BB14*0.75)+(BC14/LARGE(BC:BC,1))*(0/12))/(11+(20/24)) -> 0.82982515 | AR14: =IFERROR(IF((F14+G14)=1, IF(F14=0, 0.333, IF(F14=1, 0.666, 0)), IF((F14+G14)=2, IF(F14=0, 0.166, IF(F14=1, 0.5, IF(F14=2, 0.833, 0))), (F14+(L14/6))/(F14+G14))), 0) -> 1.0138889 | AS14: =IFERROR(IF((I14+J14)=1, IF(I14=0, 0.333, IF(I14=1, 0.666, 0)), IF((I14+J14)=2, IF(I14=0, 0.166, IF(I14=1, 0.5, IF(I14=2, 0.833, 0))), (I14/(I14+J14)))), 0) -> 0.88888889 | AT14: =(O14-(SMALL(O:O, 1)))/((LARGE(O:O, 1))-(SMALL(O:O, 1))) -> 0.65925806 | AU14: =1-(P14-(SMALL(P:P, 1)))/((LARGE(P:P, 1))-(SMALL(P:P, 1))) -> 0.97029115 | AV14: =(R14-(SMALL(R:R, 1)))/((LARGE(R:R, 1))-(SMALL(R:R, 1))) -> 0.86959493 | AW14: =(Z14-(SMALL(Z:Z, 1)))/((LARGE(Z:Z, 1))-(SMALL(Z:Z, 1))) -> 0.84740763 | AX14: =(AA14+ABS(MIN(AA:AA)))/(MAX(AA:AA)+ABS(MIN(AA:AA))) -> 0.73314669 | AY14: =AVERAGE(AD14/MAX(AD:AD), SQRT(AD14/MAX(AD:AD))) -> 0.77060543 | AZ14: =AVERAGE(AE14/MAX(AE:AE), (AE14-SMALL(AE:AE,1))/(LARGE(AE:AE,1)-SMALL(AE:AE,1))) -> 0.74298563 | BA14: =(BL14-MIN($BL$2:$BL$129))/(MAX($BL$2:$BL$129)-MIN($BL$2:$BL$129)) -> 0.54557464 | BB14: =IFERROR(AL14/MAX(AL:AL), 0) -> 0.4954955 | BC14: 52 | BE14: =VLOOKUP($A14, Calcs!$A$3:'Calcs'!$ALW$130, 845, FALSE) -> 51.5625 | BF14: 0.33333333 | BG14: =IF(A14<17, SoC!P$3, IF(A14<33, SoC!P$4, IF(A14<49, SoC!P$5, IF(A14<65, SoC!P$6, IF(A14<81, SoC!P$7, IF(A14<97, SoC!P$8, SoC!P$9)))))) -> 1.0216138 | BH14: 0.65925806 | BI14: 0.97029115 | BJ14: 7.4411021 | BK14: 0.82959342 | BL14: =VLOOKUP($A14, Calcs!$A$3:'Calcs'!$BAA$130, 1025, FALSE) -> 1959 | BM14: 5.2 | BN14: =SQRT(BK14) -> 0.91082019 | BO14: =IF(BN14<(15/30), "F", IF(BN14<(18/30), "F+", IF(BN14<(19/30), "D-", IF(BN14<(20/30), "D", IF(BN14<(21/30), "D+", IF(BN14<(22/30), "C-", IF(BN14<(23/30), "C", IF(BN14<(24/30), "C+", IF(BN14<(25/30), "B-", IF(BN14<(26/30), "B", IF(BN14<(27/30), "B+", IF(BN14<(28/30), "A-", IF(BN14<(29/30), "A", "A+"))))))))))))) -> A- | BP14: =(((BK14-$BK$1)/0.15)*3)+((BJ14-$BJ$1)/2) -> 6.7208127 | BQ14: B | BR14: #11 | BS14: =IF(BQ14="A","Platinum",IF(BQ14="B","Prism",IF(BQ14="C","Hakuna",IF(BQ14="D","Wild",IF(BQ14="E","Crystal",IF(BQ14="F","Gray",IF(BQ14="G","Emerald",IF(BQ14="H","Mystery")))))))) -> Prism | BW14: - | BX14: - | BY14: =MATCH(A14, Standings!$X$3:$X$18, 0) -> 1 | BZ14: 0.45168544 | CA14: Aquacorde Town | CB14: 13 | CC14: 13 | CD14: 13 | CE14: 14 | CF14: 14 | CG14: 14 | CH14: 11 | CI14: 11 | CJ14: 11 | CK14: 13 | CL14: 13 | CM14: 13 | CN14: 13 | CO14: 13 | CP14: 13 | CQ14: 15 | CR14: 16 | CS14: 14 | CT14: 13 | CU14: 14 | CV14: 13 | CW14: 4 | CX14: 4 | CY14: 6 | CZ14: 4 | DA14: 7 | DB14: 7 | DC14: 5 | DD14: 4 | DE14: 4 | DF14: 8 | DG14: 11 | DH14: 8 | DI14: 8 | DJ14: 9 | DK14: 12 | DL14: 31 | DM14: 69 | DN14: 81
A15: 104 | B15: Dynamax | C15: Spikemuth | D15: - | E15: 12 | F15: =VLOOKUP($A15, Calcs!$A$3:'Calcs'!$ALW$130, 95, FALSE)+VLOOKUP($A15, Calcs!$A$3:'Calcs'!$ALW$130, 97, FALSE) -> 10 | G15: =VLOOKUP($A15, Calcs!$A$3:'Calcs'!$ALW$130, 96, FALSE)+VLOOKUP($A15, Calcs!$A$3:'Calcs'!$ALW$130, 98, FALSE) -> 2 | H15: * | I15: =VLOOKUP($A15, Calcs!$A$3:'Calcs'!$ALW$130, 99, FALSE)+VLOOKUP($A15, Calcs!$A$3:'Calcs'!$ALW$130, 101, FALSE) -> 8 | J15: =VLOOKUP($A15, Calcs!$A$3:'Calcs'!$ALW$130, 100, FALSE)+VLOOKUP($A15, Calcs!$A$3:'Calcs'!$ALW$130, 102, FALSE) -> 1 | L15: =VLOOKUP($A15, Calcs!$A$3:'Calcs'!$ALW$130, 119, FALSE) -> 7 | M15: =VLOOKUP($A15, Calcs!$A$3:'Calcs'!$ALW$130, 120, FALSE) -> 6 | N15: M | O15: =VLOOKUP($A15, Calcs!$A$3:'Calcs'!$ALW$130, 302, FALSE)/X15 -> 21.2 | P15: =VLOOKUP($A15, Calcs!$A$3:'Calcs'!$ALW$130, 394, FALSE)/X15 -> 13.225 | Q15: =O15-P15 -> 7.975 | R15: =O15/(VLOOKUP($A15,Calcs!$A$3:'Calcs'!$ALW$130,485,FALSE)/X15) -> 2.7006369 | S15: =VLOOKUP($A15, Calcs!$A$3:'Calcs'!$ALW$130, 210, FALSE)/X15 -> 0.59106238 | T15: =VLOOKUP($A15, Calcs!$A$3:'Calcs'!$ALW$130, 576, FALSE)/X15 -> 3.22175 | U15: =VLOOKUP($A15, Calcs!$A$3:'Calcs'!$ALW$130, 667, FALSE)/X15 -> 46.925 | V15: =VLOOKUP($A15, Calcs!$A$3:'Calcs'!$ALW$130, 758, FALSE)/X15 -> 85.905 | X15: =VLOOKUP($A15, Calcs!$A$3:'Calcs'!$ALW$130, 9, FALSE) -> 20 | Y15: =-(T15-MAX(T:T))*S15 -> 2.7307238 | Z15: =(S15)*(BG15) -> 0.5700307 | AA15: =Q15-T15 -> 4.75325 | AB15: =U15 -> 46.925 | AC15: =V15 -> 85.905 | AD15: =IFERROR((AVERAGE((Q15-MIN(Q:Q))*AB15, SQRT((Q15-MIN(Q:Q))*AB15))/100)*BG15, 0) -> 5.8989757 | AE15: =IFERROR(IF(SQRT(AC15)>10, 10, SQRT(AC15)), 0) -> 9.268495 | AH15: 10 | AI15: 55 | AJ15: 80 | AL15: =SUM(AG15:AJ15) -> 145 | AN15: 14 | AO15: =_xlfn.RANK.EQ(AQ15,AQ:AQ, 0) -> 14 | AP15: =AN15-AO15 -> 0 | AQ15: =((AR15*2.4)+(AS15*1.6)+(AT15*1)+(AU15*1)+(AV15*0.75)+(AW15*1)+(AX15*1)+(AY15*0.75)+(AZ15*1)+(BA15*0.75)+(BB15*0.75)+(BC15/LARGE(BC:BC,1))*(0/12))/(11+(20/24)) -> 0.82737855 | AR15: =IFERROR(IF((F15+G15)=1, IF(F15=0, 0.333, IF(F15=1, 0.666, 0)), IF((F15+G15)=2, IF(F15=0, 0.166, IF(F15=1, 0.5, IF(F15=2, 0.833, 0))), (F15+(L15/6))/(F15+G15))), 0) -> 0.93055556 | AS15: =IFERROR(IF((I15+J15)=1, IF(I15=0, 0.333, IF(I15=1, 0.666, 0)), IF((I15+J15)=2, IF(I15=0, 0.166, IF(I15=1, 0.5, IF(I15=2, 0.833, 0))), (I15/(I15+J15)))), 0) -> 0.88888889 | AT15: =(O15-(SMALL(O:O, 1)))/((LARGE(O:O, 1))-(SMALL(O:O, 1))) -> 0.90006489 | AU15: =1-(P15-(SMALL(P:P, 1)))/((LARGE(P:P, 1))-(SMALL(P:P, 1))) -> 0.87076649 | AV15: =(R15-(SMALL(R:R, 1)))/((LARGE(R:R, 1))-(SMALL(R:R, 1))) -> 0.76337278 | AW15: =(Z15-(SMALL(Z:Z, 1)))/((LARGE(Z:Z, 1))-(SMALL(Z:Z, 1))) -> 0.55928842 | AX15: =(AA15+ABS(MIN(AA:AA)))/(MAX(AA:AA)+ABS(MIN(AA:AA))) -> 0.97745835 | AY15: =AVERAGE(AD15/MAX(AD:AD), SQRT(AD15/MAX(AD:AD))) -> 0.66720139 | AZ15: =AVERAGE(AE15/MAX(AE:AE), (AE15-SMALL(AE:AE,1))/(LARGE(AE:AE,1)-SMALL(AE:AE,1))) -> 1 | BA15: =(BL15-MIN($BL$2:$BL$129))/(MAX($BL$2:$BL$129)-MIN($BL$2:$BL$129)) -> 0.57067371 | BB15: =IFERROR(AL15/MAX(AL:AL), 0) -> 0.43543544 | BC15: 96 | BE15: =VLOOKUP($A15, Calcs!$A$3:'Calcs'!$ALW$130, 845, FALSE) -> 64.21875 | BF15: 0.33333333 | BG15: =IF(A15<17, SoC!P$3, IF(A15<33, SoC!P$4, IF(A15<49, SoC!P$5, IF(A15<65, SoC!P$6, IF(A15<81, SoC!P$7, IF(A15<97, SoC!P$8, SoC!P$9)))))) -> 0.96441715 | BH15: 0.90006489 | BI15: 0.87076649 | BJ15: 9.268495 | BK15: 0.82730725 | BL15: =VLOOKUP($A15, Calcs!$A$3:'Calcs'!$BAA$130, 1025, FALSE) -> 1978 | BM15: 6.4 | BN15: =SQRT(BK15) -> 0.90956432 | BO15: =IF(BN15<(15/30), "F", IF(BN15<(18/30), "F+", IF(BN15<(19/30), "D-", IF(BN15<(20/30), "D", IF(BN15<(21/30), "D+", IF(BN15<(22/30), "C-", IF(BN15<(23/30), "C", IF(BN15<(24/30), "C+", IF(BN15<(25/30), "B-", IF(BN15<(26/30), "B", IF(BN15<(27/30), "B+", IF(BN15<(28/30), "A-", IF(BN15<(29/30), "A", "A+"))))))))))))) -> A- | BP15: =(((BK15-$BK$1)/0.15)*3)+((BJ15-$BJ$1)/2) -> 7.5887858 | BQ15: H | BR15: #11 | BS15: =IF(BQ15="A","Platinum",IF(BQ15="B","Prism",IF(BQ15="C","Hakuna",IF(BQ15="D","Wild",IF(BQ15="E","Crystal",IF(BQ15="F","Gray",IF(BQ15="G","Emerald",IF(BQ15="H","Mystery")))))))) -> Mystery | BW15: S4 Dynamax Champion | BX15: - | BY15: =MATCH(A15, Standings!$AH$3:$AH$18, 0) -> 2 | BZ15: 0.4395903 | CA15: Spikemuth | CB15: 14 | CC15: 14 | CD15: 14 | CE15: 12 | CF15: 13 | CG15: 13 | CH15: 15 | CI15: 15 | CJ15: 16 | CK15: 16 | CL15: 19 | CM15: 19 | CN15: 19 | CO15: 19 | CP15: 19 | CQ15: 22 | CR15: 23 | CS15: 25 | CT15: 25 | CU15: 27 | CV15: 26 | CW15: 28 | CX15: 28 | CY15: 28 | CZ15: 27 | DA15: 32 | DB15: 30 | DC15: 30 | DD15: 53 | DE15: 46 | DF15: 69 | DG15: 68 | DH15: 67 | DI15: 72 | DJ15: 59 | DK15: 58 | DL15: 50 | DM15: 75 | DN15: 83
A16: 70 | B16: Kalosite | C16: Coumarine City | D16: - | E16: 16 | F16: =VLOOKUP($A16, Calcs!$A$3:'Calcs'!$ALW$130, 95, FALSE)+VLOOKUP($A16, Calcs!$A$3:'Calcs'!$ALW$130, 97, FALSE) -> 11 | G16: =VLOOKUP($A16, Calcs!$A$3:'Calcs'!$ALW$130, 96, FALSE)+VLOOKUP($A16, Calcs!$A$3:'Calcs'!$ALW$130, 98, FALSE) -> 1 | I16: =VLOOKUP($A16, Calcs!$A$3:'Calcs'!$ALW$130, 99, FALSE)+VLOOKUP($A16, Calcs!$A$3:'Calcs'!$ALW$130, 101, FALSE) -> 8 | J16: =VLOOKUP($A16, Calcs!$A$3:'Calcs'!$ALW$130, 100, FALSE)+VLOOKUP($A16, Calcs!$A$3:'Calcs'!$ALW$130, 102, FALSE) -> 1 | L16: =VLOOKUP($A16, Calcs!$A$3:'Calcs'!$ALW$130, 119, FALSE) -> 9 | M16: =VLOOKUP($A16, Calcs!$A$3:'Calcs'!$ALW$130, 120, FALSE) -> 10 | N16: M | O16: =VLOOKUP($A16, Calcs!$A$3:'Calcs'!$ALW$130, 302, FALSE)/X16 -> 20.640625 | P16: =VLOOKUP($A16, Calcs!$A$3:'Calcs'!$ALW$130, 394, FALSE)/X16 -> 15.773437 | Q16: =O16-P16 -> 4.8671875 | R16: =O16/(VLOOKUP($A16,Calcs!$A$3:'Calcs'!$ALW$130,485,FALSE)/X16) -> 2.6959184 | S16: =VLOOKUP($A16, Calcs!$A$3:'Calcs'!$ALW$130, 210, FALSE)/X16 -> 0.60605086 | T16: =VLOOKUP($A16, Calcs!$A$3:'Calcs'!$ALW$130, 576, FALSE)/X16 -> 3.3704687 | U16: =VLOOKUP($A16, Calcs!$A$3:'Calcs'!$ALW$130, 667, FALSE)/X16 -> 65.65625 | V16: =VLOOKUP($A16, Calcs!$A$3:'Calcs'!$ALW$130, 758, FALSE)/X16 -> 53.739062 | X16: =VLOOKUP($A16, Calcs!$A$3:'Calcs'!$ALW$130, 9, FALSE) -> 21.333333 | Y16: =-(T16-MAX(T:T))*S16 -> 2.7098398 | Z16: =(S16)*(BG16) -> 0.61914993 | AA16: =Q16-T16 -> 1.4967187 | AB16: =U16 -> 65.65625 | AC16: =V16 -> 53.739062 | AD16: =IFERROR((AVERAGE((Q16-MIN(Q:Q))*AB16, SQRT((Q16-MIN(Q:Q))*AB16))/100)*BG16, 0) -> 7.6496157 | AE16: =IFERROR(IF(SQRT(AC16)>10, 10, SQRT(AC16)), 0) -> 7.3306932 | AG16: 27 | AH16: 20 | AI16: 40 | AJ16: 50 | AL16: =SUM(AG16:AJ16) -> 137 | AN16: 15 | AO16: =_xlfn.RANK.EQ(AQ16,AQ:AQ, 0) -> 15 | AP16: =AN16-AO16 -> 0 | AQ16: =((AR16*2.4)+(AS16*1.6)+(AT16*1)+(AU16*1)+(AV16*0.75)+(AW16*1)+(AX16*1)+(AY16*0.75)+(AZ16*1)+(BA16*0.75)+(BB16*0.75)+(BC16/LARGE(BC:BC,1))*(0/12))/(11+(20/24)) -> 0.80417506 | AR16: =IFERROR(IF((F16+G16)=1, IF(F16=0, 0.333, IF(F16=1, 0.666, 0)), IF((F16+G16)=2, IF(F16=0, 0.166, IF(F16=1, 0.5, IF(F16=2, 0.833, 0))), (F16+(L16/6))/(F16+G16))), 0) -> 1.0416667 | AS16: =IFERROR(IF((I16+J16)=1, IF(I16=0, 0.333, IF(I16=1, 0.666, 0)), IF((I16+J16)=2, IF(I16=0, 0.166, IF(I16=1, 0.5, IF(I16=2, 0.833, 0))), (I16/(I16+J16)))), 0) -> 0.88888889 | AT16: =(O16-(SMALL(O:O, 1)))/((LARGE(O:O, 1))-(SMALL(O:O, 1))) -> 0.85590052 | AU16: =1-(P16-(SMALL(P:P, 1)))/((LARGE(P:P, 1))-(SMALL(P:P, 1))) -> 0.71934418 | AV16: =(R16-(SMALL(R:R, 1)))/((LARGE(R:R, 1))-(SMALL(R:R, 1))) -> 0.75994968 | AW16: =(Z16-(SMALL(Z:Z, 1)))/((LARGE(Z:Z, 1))-(SMALL(Z:Z, 1))) -> 0.71945921 | AX16: =(AA16+ABS(MIN(AA:AA)))/(MAX(AA:AA)+ABS(MIN(AA:AA))) -> 0.73552174 | AY16: =AVERAGE(AD16/MAX(AD:AD), SQRT(AD16/MAX(AD:AD))) -> 0.80526258 | AZ16: =AVERAGE(AE16/MAX(AE:AE), (AE16-SMALL(AE:AE,1))/(LARGE(AE:AE,1)-SMALL(AE:AE,1))) -> 0.72745713 | BA16: =(BL16-MIN($BL$2:$BL$129))/(MAX($BL$2:$BL$129)-MIN($BL$2:$BL$129)) -> 0.47159841 | BB16: =IFERROR(AL16/MAX(AL:AL), 0) -> 0.41141141 | BC16: 67 | BE16: =VLOOKUP($A16, Calcs!$A$3:'Calcs'!$ALW$130, 845, FALSE) -> 79.1875 | BF16: 1 | BG16: =IF(A16<17, SoC!P$3, IF(A16<33, SoC!P$4, IF(A16<49, SoC!P$5, IF(A16<65, SoC!P$6, IF(A16<81, SoC!P$7, IF(A16<97, SoC!P$8, SoC!P$9)))))) -> 1.0216138 | BH16: 0.85590052 | BI16: 0.71934418 | BJ16: 7.3306932 | BK16: 0.80391752 | BL16: =VLOOKUP($A16, Calcs!$A$3:'Calcs'!$BAA$130, 1025, FALSE) -> 1903 | BM16: 7.9 | BN16: =SQRT(BK16) -> 0.89661448 | BO16: =IF(BN16<(15/30), "F", IF(BN16<(18/30), "F+", IF(BN16<(19/30), "D-", IF(BN16<(20/30), "D", IF(BN16<(21/30), "D+", IF(BN16<(22/30), "C-", IF(BN16<(23/30), "C", IF(BN16<(24/30), "C+", IF(BN16<(25/30), "B-", IF(BN16<(26/30), "B", IF(BN16<(27/30), "B+", IF(BN16<(28/30), "A-", IF(BN16<(29/30), "A", "A+"))))))))))))) -> B+ | BP16: =(((BK16-$BK$1)/0.15)*3)+((BJ16-$BJ$1)/2) -> 6.1520902 | BQ16: D | BR16: #6 | BS16: =IF(BQ16="A","Platinum",IF(BQ16="B","Prism",IF(BQ16="C","Hakuna",IF(BQ16="D","Wild",IF(BQ16="E","Crystal",IF(BQ16="F","Gray",IF(BQ16="G","Emerald",IF(BQ16="H","Mystery")))))))) -> Wild | BT16: UTL | BU16: D | BV16: =IF(BT16="MRL", VLOOKUP(C16, Master!BL:BP, 5, FALSE), IF(BT16="UTL", VLOOKUP(C16, Ultra!BL:BP, 5, FALSE), "")) -> 1 | BW16: - | BX16: - | BY16: =MATCH(A16, Standings!$X$3:$X$18, 0) -> 3 | BZ16: 0.56733361 | CA16: Coumarine City | CB16: 15 | CC16: 15 | CD16: 15 | CE16: 16 | CF16: 16 | CG16: 16 | CH16: 16 | CI16: 16 | CJ16: 15 | CK16: 15 | CL16: 16 | CM16: 16 | CN16: 17 | CO16: 17 | CP16: 17 | CQ16: 18 | CR16: 15 | CS16: 15 | CT16: 14 | CU16: 15 | CV16: 14 | CW16: 14 | CX16: 15 | CY16: 20 | CZ16: 15 | DA16: 19 | DB16: 20 | DC16: 19 | DD16: 22 | DE16: 24 | DF16: 11 | DG16: 15 | DH16: 19 | DI16: 17 | DJ16: 22 | DK16: 19 | DL16: 33 | DM16: 48 | DN16: 54
A17: 17 | B17: Delta | C17: Dewford Town | D17: - | E17: 11 | F17: =VLOOKUP($A17, Calcs!$A$3:'Calcs'!$ALW$130, 95, FALSE)+VLOOKUP($A17, Calcs!$A$3:'Calcs'!$ALW$130, 97, FALSE) -> 9 | G17: =VLOOKUP($A17, Calcs!$A$3:'Calcs'!$ALW$130, 96, FALSE)+VLOOKUP($A17, Calcs!$A$3:'Calcs'!$ALW$130, 98, FALSE) -> 3 | H17: * | I17: =VLOOKUP($A17, Calcs!$A$3:'Calcs'!$ALW$130, 99, FALSE)+VLOOKUP($A17, Calcs!$A$3:'Calcs'!$ALW$130, 101, FALSE) -> 8 | J17: =VLOOKUP($A17, Calcs!$A$3:'Calcs'!$ALW$130, 100, FALSE)+VLOOKUP($A17, Calcs!$A$3:'Calcs'!$ALW$130, 102, FALSE) -> 1 | L17: =VLOOKUP($A17, Calcs!$A$3:'Calcs'!$ALW$130, 119, FALSE) -> 12 | M17: =VLOOKUP($A17, Calcs!$A$3:'Calcs'!$ALW$130, 120, FALSE) -> 11 | N17: M | O17: =VLOOKUP($A17, Calcs!$A$3:'Calcs'!$ALW$130, 302, FALSE)/X17 -> 20.330935 | P17: =VLOOKUP($A17, Calcs!$A$3:'Calcs'!$ALW$130, 394, FALSE)/X17 -> 13.992806 | Q17: =O17-P17 -> 6.3381295 | R17: =O17/(VLOOKUP($A17,Calcs!$A$3:'Calcs'!$ALW$130,485,FALSE)/X17) -> 2.6022099 | S17: =VLOOKUP($A17, Calcs!$A$3:'Calcs'!$ALW$130, 210, FALSE)/X17 -> 0.62896987 | T17: =VLOOKUP($A17, Calcs!$A$3:'Calcs'!$ALW$130, 576, FALSE)/X17 -> 4.5271223 | U17: =VLOOKUP($A17, Calcs!$A$3:'Calcs'!$ALW$130, 667, FALSE)/X17 -> 73.798561 | V17: =VLOOKUP($A17, Calcs!$A$3:'Calcs'!$ALW$130, 758, FALSE)/X17 -> 56.870504 | X17: =VLOOKUP($A17, Calcs!$A$3:'Calcs'!$ALW$130, 9, FALSE) -> 23.166667 | Y17: =-(T17-MAX(T:T))*S17 -> 2.0848175 | Z17: =(S17)*(BG17) -> 0.59921176 | AA17: =Q17-T17 -> 1.8110072 | AB17: =U17 -> 73.798561 | AC17: =V17 -> 56.870504 | AD17: =IFERROR((AVERAGE((Q17-MIN(Q:Q))*AB17, SQRT((Q17-MIN(Q:Q))*AB17))/100)*BG17, 0) -> 8.529924 | AE17: =IFERROR(IF(SQRT(AC17)>10, 10, SQRT(AC17)), 0) -> 7.5412534 | AG17: 48 | AH17: 20 | AI17: 50 | AJ17: 50 | AL17: =SUM(AG17:AJ17) -> 168 | AN17: 16 | AO17: =_xlfn.RANK.EQ(AQ17,AQ:AQ, 0) -> 16 | AP17: =AN17-AO17 -> 0 | AQ17: =((AR17*2.4)+(AS17*1.6)+(AT17*1)+(AU17*1)+(AV17*0.75)+(AW17*1)+(AX17*1)+(AY17*0.75)+(AZ17*1)+(BA17*0.75)+(BB17*0.75)+(BC17/LARGE(BC:BC,1))*(0/12))/(11+(20/24)) -> 0.79772616 | AR17: =IFERROR(IF((F17+G17)=1, IF(F17=0, 0.333, IF(F17=1, 0.666, 0)), IF((F17+G17)=2, IF(F17=0, 0.166, IF(F17=1, 0.5, IF(F17=2, 0.833, 0))), (F17+(L17/6))/(F17+G17))), 0) -> 0.91666667 | AS17: =IFERROR(IF((I17+J17)=1, IF(I17=0, 0.333, IF(I17=1, 0.666, 0)), IF((I17+J17)=2, IF(I17=0, 0.166, IF(I17=1, 0.5, IF(I17=2, 0.833, 0))), (I17/(I17+J17)))), 0) -> 0.88888889 | AT17: =(O17-(SMALL(O:O, 1)))/((LARGE(O:O, 1))-(SMALL(O:O, 1))) -> 0.83144957 | AU17: =1-(P17-(SMALL(P:P, 1)))/((LARGE(P:P, 1))-(SMALL(P:P, 1))) -> 0.82514523 | AV17: =(R17-(SMALL(R:R, 1)))/((LARGE(R:R, 1))-(SMALL(R:R, 1))) -> 0.69196865 | AW17: =(Z17-(SMALL(Z:Z, 1)))/((LARGE(Z:Z, 1))-(SMALL(Z:Z, 1))) -> 0.65444369 | AX17: =(AA17+ABS(MIN(AA:AA)))/(MAX(AA:AA)+ABS(MIN(AA:AA))) -> 0.75887109 | AY17: =AVERAGE(AD17/MAX(AD:AD), SQRT(AD17/MAX(AD:AD))) -> 0.87239716 | AZ17: =AVERAGE(AE17/MAX(AE:AE), (AE17-SMALL(AE:AE,1))/(LARGE(AE:AE,1)-SMALL(AE:AE,1))) -> 0.75707146 | BA17: =(BL17-MIN($BL$2:$BL$129))/(MAX($BL$2:$BL$129)-MIN($BL$2:$BL$129)) -> 0.58520476 | BB17: =IFERROR(AL17/MAX(AL:AL), 0) -> 0.5045045 | BC17: 235 | BE17: =VLOOKUP($A17, Calcs!$A$3:'Calcs'!$ALW$130, 845, FALSE) -> 91.375 | BF17: 1.6666667 | BG17: =IF(A17<17, SoC!P$3, IF(A17<33, SoC!P$4, IF(A17<49, SoC!P$5, IF(A17<65, SoC!P$6, IF(A17<81, SoC!P$7, IF(A17<97, SoC!P$8, SoC!P$9)))))) -> 0.95268755 | BH17: 0.83144957 | BI17: 0.82514523 | BJ17: 7.5412534 | BK17: 0.79780443 | BL17: =VLOOKUP($A17, Calcs!$A$3:'Calcs'!$BAA$130, 1025, FALSE) -> 1989 | BM17: 9.1 | BN17: =SQRT(BK17) -> 0.89319899 | BO17: =IF(BN17<(15/30), "F", IF(BN17<(18/30), "F+", IF(BN17<(19/30), "D-", IF(BN17<(20/30), "D", IF(BN17<(21/30), "D+", IF(BN17<(22/30), "C-", IF(BN17<(23/30), "C", IF(BN17<(24/30), "C+", IF(BN17<(25/30), "B-", IF(BN17<(26/30), "B", IF(BN17<(27/30), "B+", IF(BN17<(28/30), "A-", IF(BN17<(29/30), "A", "A+"))))))))))))) -> B+ | BP17: =(((BK17-$BK$1)/0.15)*3)+((BJ17-$BJ$1)/2) -> 6.1351085 | BQ17: B | BR17: #2 | BS17: =IF(BQ17="A","Platinum",IF(BQ17="B","Prism",IF(BQ17="C","Hakuna",IF(BQ17="D","Wild",IF(BQ17="E","Crystal",IF(BQ17="F","Gray",IF(BQ17="G","Emerald",IF(BQ17="H","Mystery")))))))) -> Prism | BT17: MRL | BU17: B | BV17: =IF(BT17="MRL", VLOOKUP(C17, Master!BL:BP, 5, FALSE), IF(BT17="UTL", VLOOKUP(C17, Ultra!BL:BP, 5, FALSE), "")) -> 2 | BW17: S4 Delta Champion | BX17: - | BY17: =MATCH(A17, Standings!$D$21:$D$36, 0) -> 3 | BZ17: 0.76555796 | CA17: Dewford Town | CB17: 16 | CC17: 16 | CD17: 16 | CE17: 15 | CF17: 15 | CG17: 15 | CH17: 14 | CI17: 14 | CJ17: 14 | CK17: 14 | CL17: 14 | CM17: 14 | CN17: 14 | CO17: 14 | CP17: 14 | CQ17: 16 | CR17: 18 | CS17: 17 | CT17: 19 | CU17: 23 | CV17: 19 | CW17: 19 | CX17: 20 | CY17: 18 | CZ17: 19 | DA17: 12 | DB17: 10 | DC17: 10 | DD17: 13 | DE17: 14 | DF17: 5 | DG17: 6 | DH17: 5 | DI17: 1 | DJ17: 2 | DK17: 1 | DL17: 5 | DM17: 13 | DN17: 15
A18: 19 | B18: Delta | C18: Oldale Town | D18: - | F18: =VLOOKUP($A18, Calcs!$A$3:'Calcs'!$ALW$130, 95, FALSE)+VLOOKUP($A18, Calcs!$A$3:'Calcs'!$ALW$130, 97, FALSE) -> 10 | G18: =VLOOKUP($A18, Calcs!$A$3:'Calcs'!$ALW$130, 96, FALSE)+VLOOKUP($A18, Calcs!$A$3:'Calcs'!$ALW$130, 98, FALSE) -> 2 | I18: =VLOOKUP($A18, Calcs!$A$3:'Calcs'!$ALW$130, 99, FALSE)+VLOOKUP($A18, Calcs!$A$3:'Calcs'!$ALW$130, 101, FALSE) -> 8 | J18: =VLOOKUP($A18, Calcs!$A$3:'Calcs'!$ALW$130, 100, FALSE)+VLOOKUP($A18, Calcs!$A$3:'Calcs'!$ALW$130, 102, FALSE) -> 1 | L18: =VLOOKUP($A18, Calcs!$A$3:'Calcs'!$ALW$130, 119, FALSE) -> 4 | M18: =VLOOKUP($A18, Calcs!$A$3:'Calcs'!$ALW$130, 120, FALSE) -> 4 | N18: W | O18: =VLOOKUP($A18, Calcs!$A$3:'Calcs'!$ALW$130, 302, FALSE)/X18 -> 19.705882 | P18: =VLOOKUP($A18, Calcs!$A$3:'Calcs'!$ALW$130, 394, FALSE)/X18 -> 14.441176 | Q18: =O18-P18 -> 5.2647059 | R18: =O18/(VLOOKUP($A18,Calcs!$A$3:'Calcs'!$ALW$130,485,FALSE)/X18) -> 2.3263889 | S18: =VLOOKUP($A18, Calcs!$A$3:'Calcs'!$ALW$130, 210, FALSE)/X18 -> 0.59700975 | T18: =VLOOKUP($A18, Calcs!$A$3:'Calcs'!$ALW$130, 576, FALSE)/X18 -> 0.79558824 | U18: =VLOOKUP($A18, Calcs!$A$3:'Calcs'!$ALW$130, 667, FALSE)/X18 -> 71.970588 | V18: =VLOOKUP($A18, Calcs!$A$3:'Calcs'!$ALW$130, 758, FALSE)/X18 -> 61.45 | X18: =VLOOKUP($A18, Calcs!$A$3:'Calcs'!$ALW$130, 9, FALSE) -> 17 | Y18: =-(T18-MAX(T:T))*S18 -> 4.206643 | Z18: =(S18)*(BG18) -> 0.56876375 | AA18: =Q18-T18 -> 4.4691176 | AB18: =U18 -> 71.970588 | AC18: =V18 -> 61.45 | AD18: =IFERROR((AVERAGE((Q18-MIN(Q:Q))*AB18, SQRT((Q18-MIN(Q:Q))*AB18))/100)*BG18, 0) -> 7.9485855 | AE18: =IFERROR(IF(SQRT(AC18)>10, 10, SQRT(AC18)), 0) -> 7.839005 | AH18: 40 | AI18: 45 | AL18: =SUM(AG18:AJ18) -> 85 | AN18: 17 | AO18: =_xlfn.RANK.EQ(AQ18,AQ:AQ, 0) -> 17 | AP18: =AN18-AO18 -> 0 | AQ18: =((AR18*2.4)+(AS18*1.6)+(AT18*1)+(AU18*1)+(AV18*0.75)+(AW18*1)+(AX18*1)+(AY18*0.75)+(AZ18*1)+(BA18*0.75)+(BB18*0.75)+(BC18/LARGE(BC:BC,1))*(0/12))/(11+(20/24)) -> 0.75768733 | AR18: =IFERROR(IF((F18+G18)=1, IF(F18=0, 0.333, IF(F18=1, 0.666, 0)), IF((F18+G18)=2, IF(F18=0, 0.166, IF(F18=1, 0.5, IF(F18=2, 0.833, 0))), (F18+(L18/6))/(F18+G18))), 0) -> 0.88888889 | AS18: =IFERROR(IF((I18+J18)=1, IF(I18=0, 0.333, IF(I18=1, 0.666, 0)), IF((I18+J18)=2, IF(I18=0, 0.166, IF(I18=1, 0.5, IF(I18=2, 0.833, 0))), (I18/(I18+J18)))), 0) -> 0.88888889 | AT18: =(O18-(SMALL(O:O, 1)))/((LARGE(O:O, 1))-(SMALL(O:O, 1))) -> 0.78209973 | AU18: =1-(P18-(SMALL(P:P, 1)))/((LARGE(P:P, 1))-(SMALL(P:P, 1))) -> 0.79850407 | AV18: =(R18-(SMALL(R:R, 1)))/((LARGE(R:R, 1))-(SMALL(R:R, 1))) -> 0.49187352 | AW18: =(Z18-(SMALL(Z:Z, 1)))/((LARGE(Z:Z, 1))-(SMALL(Z:Z, 1))) -> 0.55515708 | AX18: =(AA18+ABS(MIN(AA:AA)))/(MAX(AA:AA)+ABS(MIN(AA:AA))) -> 0.95634938 | AY18: =AVERAGE(AD18/MAX(AD:AD), SQRT(AD18/MAX(AD:AD))) -> 0.82821171 | AZ18: =AVERAGE(AE18/MAX(AE:AE), (AE18-SMALL(AE:AE,1))/(LARGE(AE:AE,1)-SMALL(AE:AE,1))) -> 0.79894884 | BA18: =(BL18-MIN($BL$2:$BL$129))/(MAX($BL$2:$BL$129)-MIN($BL$2:$BL$129)) -> 0.45046235 | BB18: =IFERROR(AL18/MAX(AL:AL), 0) -> 0.25525526 | BC18: 87 | BE18: =VLOOKUP($A18, Calcs!$A$3:'Calcs'!$ALW$130, 845, FALSE) -> 53.125 | BF18: 0.33333333 | BG18: =IF(A18<17, SoC!P$3, IF(A18<33, SoC!P$4, IF(A18<49, SoC!P$5, IF(A18<65, SoC!P$6, IF(A18<81, SoC!P$7, IF(A18<97, SoC!P$8, SoC!P$9)))))) -> 0.95268755 | BH18: 0.78209973 | BI18: 0.79850407 | BJ18: 7.839005 | BK18: 0.7577693 | BL18: =VLOOKUP($A18, Calcs!$A$3:'Calcs'!$BAA$130, 1025, FALSE) -> 1887 | BM18: 5.3 | BN18: =SQRT(BK18) -> 0.87049945 | BO18: =IF(BN18<(15/30), "F", IF(BN18<(18/30), "F+", IF(BN18<(19/30), "D-", IF(BN18<(20/30), "D", IF(BN18<(21/30), "D+", IF(BN18<(22/30), "C-", IF(BN18<(23/30), "C", IF(BN18<(24/30), "C+", IF(BN18<(25/30), "B-", IF(BN18<(26/30), "B", IF(BN18<(27/30), "B+", IF(BN18<(28/30), "A-", IF(BN18<(29/30), "A", "A+"))))))))))))) -> B+ | BP18: =(((BK18-$BK$1)/0.15)*3)+((BJ18-$BJ$1)/2) -> 5.4832817 | BQ18: E | BR18: #11 | BS18: =IF(BQ18="A","Platinum",IF(BQ18="B","Prism",IF(BQ18="C","Hakuna",IF(BQ18="D","Wild",IF(BQ18="E","Crystal",IF(BQ18="F","Gray",IF(BQ18="G","Emerald",IF(BQ18="H","Mystery")))))))) -> Crystal | BW18: - | BX18: - | BY18: =MATCH(A18, Standings!$D$21:$D$36, 0) -> 2 | BZ18: 0.46740664 | CA18: Oldale Town | CB18: 17 | CC18: 17 | CD18: 17 | CE18: 17 | CF18: 17 | CG18: 17 | CH18: 18 | CI18: 18 | CJ18: 18 | CK18: 17 | CL18: 15 | CM18: 15 | CN18: 15 | CO18: 15 | CP18: 16 | CQ18: 19 | CR18: 17 | CS18: 19 | CT18: 17 | CU18: 21 | CV18: 22 | CW18: 23 | CX18: 22 | CY18: 27 | CZ18: 26 | DA18: 17 | DB18: 17 | DC18: 14 | DD18: 25 | DE18: 26 | DF18: 33 | DG18: 32 | DH18: 37 | DI18: 47 | DJ18: 43 | DK18: 39 | DL18: 75 | DM18: 73 | DN18: 78
A19: 25 | B19: Delta | C19: Ever Grande City | D19: - | F19: =VLOOKUP($A19, Calcs!$A$3:'Calcs'!$ALW$130, 95, FALSE)+VLOOKUP($A19, Calcs!$A$3:'Calcs'!$ALW$130, 97, FALSE) -> 10 | G19: =VLOOKUP($A19, Calcs!$A$3:'Calcs'!$ALW$130, 96, FALSE)+VLOOKUP($A19, Calcs!$A$3:'Calcs'!$ALW$130, 98, FALSE) -> 2 | I19: =VLOOKUP($A19, Calcs!$A$3:'Calcs'!$ALW$130, 99, FALSE)+VLOOKUP($A19, Calcs!$A$3:'Calcs'!$ALW$130, 101, FALSE) -> 9 | J19: =VLOOKUP($A19, Calcs!$A$3:'Calcs'!$ALW$130, 100, FALSE)+VLOOKUP($A19, Calcs!$A$3:'Calcs'!$ALW$130, 102, FALSE) -> 0 | L19: =VLOOKUP($A19, Calcs!$A$3:'Calcs'!$ALW$130, 119, FALSE) -> 10 | M19: =VLOOKUP($A19, Calcs!$A$3:'Calcs'!$ALW$130, 120, FALSE) -> 9 | N19: M | O19: =VLOOKUP($A19, Calcs!$A$3:'Calcs'!$ALW$130, 302, FALSE)/X19 -> 20.007812 | P19: =VLOOKUP($A19, Calcs!$A$3:'Calcs'!$ALW$130, 394, FALSE)/X19 -> 16.601562 | Q19: =O19-P19 -> 3.40625 | R19: =O19/(VLOOKUP($A19,Calcs!$A$3:'Calcs'!$ALW$130,485,FALSE)/X19) -> 2.6347737 | S19: =VLOOKUP($A19, Calcs!$A$3:'Calcs'!$ALW$130, 210, FALSE)/X19 -> 0.57545452 | T19: =VLOOKUP($A19, Calcs!$A$3:'Calcs'!$ALW$130, 576, FALSE)/X19 -> 6.2080469 | U19: =VLOOKUP($A19, Calcs!$A$3:'Calcs'!$ALW$130, 667, FALSE)/X19 -> 77.859375 | V19: =VLOOKUP($A19, Calcs!$A$3:'Calcs'!$ALW$130, 758, FALSE)/X19 -> 56.792969 | X19: =VLOOKUP($A19, Calcs!$A$3:'Calcs'!$ALW$130, 9, FALSE) -> 21.333333 | Y19: =-(T19-MAX(T:T))*S19 -> 0.940137 | Z19: =(S19)*(BG19) -> 0.54822836 | AA19: =Q19-T19 -> -2.8017969 | AB19: =U19 -> 77.859375 | AC19: =V19 -> 56.792969 | AD19: =IFERROR((AVERAGE((Q19-MIN(Q:Q))*AB19, SQRT((Q19-MIN(Q:Q))*AB19))/100)*BG19, 0) -> 7.8932892 | AE19: =IFERROR(IF(SQRT(AC19)>10, 10, SQRT(AC19)), 0) -> 7.536111 | AG19: 36 | AH19: 50 | AI19: 55 | AL19: =SUM(AG19:AJ19) -> 141 | AN19: 18 | AO19: =_xlfn.RANK.EQ(AQ19,AQ:AQ, 0) -> 18 | AP19: =AN19-AO19 -> 0 | AQ19: =((AR19*2.4)+(AS19*1.6)+(AT19*1)+(AU19*1)+(AV19*0.75)+(AW19*1)+(AX19*1)+(AY19*0.75)+(AZ19*1)+(BA19*0.75)+(BB19*0.75)+(BC19/LARGE(BC:BC,1))*(0/12))/(11+(20/24)) -> 0.7533714 | AR19: =IFERROR(IF((F19+G19)=1, IF(F19=0, 0.333, IF(F19=1, 0.666, 0)), IF((F19+G19)=2, IF(F19=0, 0.166, IF(F19=1, 0.5, IF(F19=2, 0.833, 0))), (F19+(L19/6))/(F19+G19))), 0) -> 0.97222222 | AS19: =IFERROR(IF((I19+J19)=1, IF(I19=0, 0.333, IF(I19=1, 0.666, 0)), IF((I19+J19)=2, IF(I19=0, 0.166, IF(I19=1, 0.5, IF(I19=2, 0.833, 0))), (I19/(I19+J19)))), 0) -> 1 | AT19: =(O19-(SMALL(O:O, 1)))/((LARGE(O:O, 1))-(SMALL(O:O, 1))) -> 0.80593804 | AU19: =1-(P19-(SMALL(P:P, 1)))/((LARGE(P:P, 1))-(SMALL(P:P, 1))) -> 0.67013889 | AV19: =(R19-(SMALL(R:R, 1)))/((LARGE(R:R, 1))-(SMALL(R:R, 1))) -> 0.71559209 | AW19: =(Z19-(SMALL(Z:Z, 1)))/((LARGE(Z:Z, 1))-(SMALL(Z:Z, 1))) -> 0.4881941 | AX19: =(AA19+ABS(MIN(AA:AA)))/(MAX(AA:AA)+ABS(MIN(AA:AA))) -> 0.41617326 | AY19: =AVERAGE(AD19/MAX(AD:AD), SQRT(AD19/MAX(AD:AD))) -> 0.82397914 | AZ19: =AVERAGE(AE19/MAX(AE:AE), (AE19-SMALL(AE:AE,1))/(LARGE(AE:AE,1)-SMALL(AE:AE,1))) -> 0.75634819 | BA19: =(BL19-MIN($BL$2:$BL$129))/(MAX($BL$2:$BL$129)-MIN($BL$2:$BL$129)) -> 0.49669749 | BB19: =IFERROR(AL19/MAX(AL:AL), 0) -> 0.42342342 | BC19: 244 | BE19: =VLOOKUP($A19, Calcs!$A$3:'Calcs'!$ALW$130, 845, FALSE) -> 75.375 | BF19: 0.33333333 | BG19: =IF(A19<17, SoC!P$3, IF(A19<33, SoC!P$4, IF(A19<49, SoC!P$5, IF(A19<65, SoC!P$6, IF(A19<81, SoC!P$7, IF(A19<97, SoC!P$8, SoC!P$9)))))) -> 0.95268755 | BH19: 0.80593804 | BI19: 0.67013889 | BJ19: 7.536111 | BK19: 0.75344354 | BL19: =VLOOKUP($A19, Calcs!$A$3:'Calcs'!$BAA$130, 1025, FALSE) -> 1922 | BM19: 7.5 | BN19: =SQRT(BK19) -> 0.86801125 | BO19: =IF(BN19<(15/30), "F", IF(BN19<(18/30), "F+", IF(BN19<(19/30), "D-", IF(BN19<(20/30), "D", IF(BN19<(21/30), "D+", IF(BN19<(22/30), "C-", IF(BN19<(23/30), "C", IF(BN19<(24/30), "C+", IF(BN19<(25/30), "B-", IF(BN19<(26/30), "B", IF(BN19<(27/30), "B+", IF(BN19<(28/30), "A-", IF(BN19<(29/30), "A", "A+"))))))))))))) -> B+ | BP19: =(((BK19-$BK$1)/0.15)*3)+((BJ19-$BJ$1)/2) -> 5.2453194 | BQ19: D | BR19: #3 | BS19: =IF(BQ19="A","Platinum",IF(BQ19="B","Prism",IF(BQ19="C","Hakuna",IF(BQ19="D","Wild",IF(BQ19="E","Crystal",IF(BQ19="F","Gray",IF(BQ19="G","Emerald",IF(BQ19="H","Mystery")))))))) -> Wild | BT19: MRL | BU19: D | BV19: =IF(BT19="MRL", VLOOKUP(C19, Master!BL:BP, 5, FALSE), IF(BT19="UTL", VLOOKUP(C19, Ultra!BL:BP, 5, FALSE), "")) -> 1 | BW19: - | BX19: - | BY19: =MATCH(A19, Standings!$D$21:$D$36, 0) -> 1 | BZ19: 0.79043743 | CA19: Ever Grande City | CB19: 18 | CC19: 18 | CD19: 18 | CE19: 18 | CF19: 18 | CG19: 18 | CH19: 17 | CI19: 17 | CJ19: 17 | CK19: 18 | CL19: 17 | CM19: 17 | CN19: 16 | CO19: 16 | CP19: 15 | CQ19: 14 | CR19: 13 | CS19: 11 | CT19: 10 | CU19: 12 | CV19: 11 | CW19: 10 | CX19: 14 | CY19: 13 | CZ19: 8 | DA19: 5 | DB19: 6 | DC19: 4 | DD19: 6 | DE19: 6 | DF19: 7 | DG19: 7 | DH19: 10 | DI19: 13 | DJ19: 6 | DK19: 6 | DL19: 10 | DM19: 11 | DN19: 13
A20: 11 | B20: Indigo | C20: Saffron City | D20: - | F20: =VLOOKUP($A20, Calcs!$A$3:'Calcs'!$ALW$130, 95, FALSE)+VLOOKUP($A20, Calcs!$A$3:'Calcs'!$ALW$130, 97, FALSE) -> 11 | G20: =VLOOKUP($A20, Calcs!$A$3:'Calcs'!$ALW$130, 96, FALSE)+VLOOKUP($A20, Calcs!$A$3:'Calcs'!$ALW$130, 98, FALSE) -> 1 | I20: =VLOOKUP($A20, Calcs!$A$3:'Calcs'!$ALW$130, 99, FALSE)+VLOOKUP($A20, Calcs!$A$3:'Calcs'!$ALW$130, 101, FALSE) -> 8 | J20: =VLOOKUP($A20, Calcs!$A$3:'Calcs'!$ALW$130, 100, FALSE)+VLOOKUP($A20, Calcs!$A$3:'Calcs'!$ALW$130, 102, FALSE) -> 1 | L20: =VLOOKUP($A20, Calcs!$A$3:'Calcs'!$ALW$130, 119, FALSE) -> 2 | M20: =VLOOKUP($A20, Calcs!$A$3:'Calcs'!$ALW$130, 120, FALSE) -> 2 | N20: M | O20: =VLOOKUP($A20, Calcs!$A$3:'Calcs'!$ALW$130, 302, FALSE)/X20 -> 21.966667 | P20: =VLOOKUP($A20, Calcs!$A$3:'Calcs'!$ALW$130, 394, FALSE)/X20 -> 16.633333 | Q20: =O20-P20 -> 5.3333333 | R20: =O20/(VLOOKUP($A20,Calcs!$A$3:'Calcs'!$ALW$130,485,FALSE)/X20) -> 2.4317343 | S20: =VLOOKUP($A20, Calcs!$A$3:'Calcs'!$ALW$130, 210, FALSE)/X20 -> 0.52814107 | T20: =VLOOKUP($A20, Calcs!$A$3:'Calcs'!$ALW$130, 576, FALSE)/X20 -> 3.1566667 | U20: =VLOOKUP($A20, Calcs!$A$3:'Calcs'!$ALW$130, 667, FALSE)/X20 -> 67.3 | V20: =VLOOKUP($A20, Calcs!$A$3:'Calcs'!$ALW$130, 758, FALSE)/X20 -> 54.28 | X20: =VLOOKUP($A20, Calcs!$A$3:'Calcs'!$ALW$130, 9, FALSE) -> 15 | Y20: =-(T20-MAX(T:T))*S20 -> 2.4743988 | Z20: =(S20)*(BG20) -> 0.53425143 | AA20: =Q20-T20 -> 2.1766667 | AB20: =U20 -> 67.3 | AC20: =V20 -> 54.28 | AD20: =IFERROR((AVERAGE((Q20-MIN(Q:Q))*AB20, SQRT((Q20-MIN(Q:Q))*AB20))/100)*BG20, 0) -> 7.9223171 | AE20: =IFERROR(IF(SQRT(AC20)>10, 10, SQRT(AC20)), 0) -> 7.3674962 | AH20: 20 | AI20: 50 | AL20: =SUM(AG20:AJ20) -> 70 | AN20: 19 | AO20: =_xlfn.RANK.EQ(AQ20,AQ:AQ, 0) -> 19 | AP20: =AN20-AO20 -> 0 | AQ20: =((AR20*2.4)+(AS20*1.6)+(AT20*1)+(AU20*1)+(AV20*0.75)+(AW20*1)+(AX20*1)+(AY20*0.75)+(AZ20*1)+(BA20*0.75)+(BB20*0.75)+(BC20/LARGE(BC:BC,1))*(0/12))/(11+(20/24)) -> 0.75032584 | AR20: =IFERROR(IF((F20+G20)=1, IF(F20=0, 0.333, IF(F20=1, 0.666, 0)), IF((F20+G20)=2, IF(F20=0, 0.166, IF(F20=1, 0.5, IF(F20=2, 0.833, 0))), (F20+(L20/6))/(F20+G20))), 0) -> 0.94444444 | AS20: =IFERROR(IF((I20+J20)=1, IF(I20=0, 0.333, IF(I20=1, 0.666, 0)), IF((I20+J20)=2, IF(I20=0, 0.166, IF(I20=1, 0.5, IF(I20=2, 0.833, 0))), (I20/(I20+J20)))), 0) -> 0.88888889 | AT20: =(O20-(SMALL(O:O, 1)))/((LARGE(O:O, 1))-(SMALL(O:O, 1))) -> 0.96059557 | AU20: =1-(P20-(SMALL(P:P, 1)))/((LARGE(P:P, 1))-(SMALL(P:P, 1))) -> 0.66825114 | AV20: =(R20-(SMALL(R:R, 1)))/((LARGE(R:R, 1))-(SMALL(R:R, 1))) -> 0.56829665 | AW20: =(Z20-(SMALL(Z:Z, 1)))/((LARGE(Z:Z, 1))-(SMALL(Z:Z, 1))) -> 0.44261732 | AX20: =(AA20+ABS(MIN(AA:AA)))/(MAX(AA:AA)+ABS(MIN(AA:AA))) -> 0.78603693 | AY20: =AVERAGE(AD20/MAX(AD:AD), SQRT(AD20/MAX(AD:AD))) -> 0.8262017 | AZ20: =AVERAGE(AE20/MAX(AE:AE), (AE20-SMALL(AE:AE,1))/(LARGE(AE:AE,1)-SMALL(AE:AE,1))) -> 0.7326333 | BA20: =(BL20-MIN($BL$2:$BL$129))/(MAX($BL$2:$BL$129)-MIN($BL$2:$BL$129)) -> 0.52840159 | BB20: =IFERROR(AL20/MAX(AL:AL), 0) -> 0.21021021 | BC20: 77 | BE20: =VLOOKUP($A20, Calcs!$A$3:'Calcs'!$ALW$130, 845, FALSE) -> 18.125 | BF20: 0 | BG20: =IF(A20<17, SoC!P$3, IF(A20<33, SoC!P$4, IF(A20<49, SoC!P$5, IF(A20<65, SoC!P$6, IF(A20<81, SoC!P$7, IF(A20<97, SoC!P$8, SoC!P$9)))))) -> 1.0115696 | BH20: 0.96059557 | BI20: 0.66825114 | BJ20: 7.3674962 | BK20: 0.75033378 | BL20: =VLOOKUP($A20, Calcs!$A$3:'Calcs'!$BAA$130, 1025, FALSE) -> 1946 | BM20: 1.8 | BN20: =SQRT(BK20) -> 0.86621809 | BO20: =IF(BN20<(15/30), "F", IF(BN20<(18/30), "F+", IF(BN20<(19/30), "D-", IF(BN20<(20/30), "D", IF(BN20<(21/30), "D+", IF(BN20<(22/30), "C-", IF(BN20<(23/30), "C", IF(BN20<(24/30), "C+", IF(BN20<(25/30), "B-", IF(BN20<(26/30), "B", IF(BN20<(27/30), "B+", IF(BN20<(28/30), "A-", IF(BN20<(29/30), "A", "A+"))))))))))))) -> B | BP20: =(((BK20-$BK$1)/0.15)*3)+((BJ20-$BJ$1)/2) -> 5.0988169 | BQ20: E | BR20: #5 | BS20: =IF(BQ20="A","Platinum",IF(BQ20="B","Prism",IF(BQ20="C","Hakuna",IF(BQ20="D","Wild",IF(BQ20="E","Crystal",IF(BQ20="F","Gray",IF(BQ20="G","Emerald",IF(BQ20="H","Mystery")))))))) -> Crystal | BW20: - | BX20: S1 World Champion | BY20: =MATCH(A20, Standings!$D$3:$D$18, 0) -> 2 | BZ20: 0.46971808 | CA20: Saffron City | CB20: 19 | CC20: 19 | CD20: 19 | CE20: 20 | CF20: 20 | CG20: 19 | CH20: 19 | CI20: 19 | CJ20: 21 | CK20: 21 | CL20: 24 | CM20: 23 | CN20: 22 | CO20: 22 | CP20: 24 | CQ20: 23 | CR20: 22 | CS20: 26 | CT20: 26 | CU20: 25 | CV20: 25 | CW20: 25 | CX20: 26 | CY20: 25 | CZ20: 24 | DA20: 26 | DB20: 26 | DC20: 24 | DD20: 27 | DE20: 32 | DF20: 23 | DG20: 21 | DH20: 22 | DI20: 20 | DJ20: 25 | DK20: 23 | DL20: 42 | DM20: 71 | DN20: 76
A21: 59 | B21: Vertress | C21: Nacrene City | D21: - | F21: =VLOOKUP($A21, Calcs!$A$3:'Calcs'!$ALW$130, 95, FALSE)+VLOOKUP($A21, Calcs!$A$3:'Calcs'!$ALW$130, 97, FALSE) -> 10 | G21: =VLOOKUP($A21, Calcs!$A$3:'Calcs'!$ALW$130, 96, FALSE)+VLOOKUP($A21, Calcs!$A$3:'Calcs'!$ALW$130, 98, FALSE) -> 2 | I21: =VLOOKUP($A21, Calcs!$A$3:'Calcs'!$ALW$130, 99, FALSE)+VLOOKUP($A21, Calcs!$A$3:'Calcs'!$ALW$130, 101, FALSE) -> 7 | J21: =VLOOKUP($A21, Calcs!$A$3:'Calcs'!$ALW$130, 100, FALSE)+VLOOKUP($A21, Calcs!$A$3:'Calcs'!$ALW$130, 102, FALSE) -> 2 | L21: =VLOOKUP($A21, Calcs!$A$3:'Calcs'!$ALW$130, 119, FALSE) -> 5 | M21: =VLOOKUP($A21, Calcs!$A$3:'Calcs'!$ALW$130, 120, FALSE) -> 2 | N21: M | O21: =VLOOKUP($A21, Calcs!$A$3:'Calcs'!$ALW$130, 302, FALSE)/X21 -> 20.647059 | P21: =VLOOKUP($A21, Calcs!$A$3:'Calcs'!$ALW$130, 394, FALSE)/X21 -> 13.794118 | Q21: =O21-P21 -> 6.8529412 | R21: =O21/(VLOOKUP($A21,Calcs!$A$3:'Calcs'!$ALW$130,485,FALSE)/X21) -> 2.5808824 | S21: =VLOOKUP($A21, Calcs!$A$3:'Calcs'!$ALW$130, 210, FALSE)/X21 -> 0.50825308 | T21: =VLOOKUP($A21, Calcs!$A$3:'Calcs'!$ALW$130, 576, FALSE)/X21 -> 5.1008824 | U21: =VLOOKUP($A21, Calcs!$A$3:'Calcs'!$ALW$130, 667, FALSE)/X21 -> 72.147059 | V21: =VLOOKUP($A21, Calcs!$A$3:'Calcs'!$ALW$130, 758, FALSE)/X21 -> 57.723529 | X21: =VLOOKUP($A21, Calcs!$A$3:'Calcs'!$ALW$130, 9, FALSE) -> 17 | Y21: =-(T21-MAX(T:T))*S21 -> 1.3930678 | Z21: =(S21)*(BG21) -> 0.54541804 | AA21: =Q21-T21 -> 1.7520588 | AB21: =U21 -> 72.147059 | AC21: =V21 -> 57.723529 | AD21: =IFERROR((AVERAGE((Q21-MIN(Q:Q))*AB21, SQRT((Q21-MIN(Q:Q))*AB21))/100)*BG21, 0) -> 9.5974124 | AE21: =IFERROR(IF(SQRT(AC21)>10, 10, SQRT(AC21)), 0) -> 7.5976002 | AH21: 30 | AI21: 40 | AL21: =SUM(AG21:AJ21) -> 70 | AN21: 20 | AO21: =_xlfn.RANK.EQ(AQ21,AQ:AQ, 0) -> 20 | AP21: =AN21-AO21 -> 0 | AQ21: =((AR21*2.4)+(AS21*1.6)+(AT21*1)+(AU21*1)+(AV21*0.75)+(AW21*1)+(AX21*1)+(AY21*0.75)+(AZ21*1)+(BA21*0.75)+(BB21*0.75)+(BC21/LARGE(BC:BC,1))*(0/12))/(11+(20/24)) -> 0.74962266 | AR21: =IFERROR(IF((F21+G21)=1, IF(F21=0, 0.333, IF(F21=1, 0.666, 0)), IF((F21+G21)=2, IF(F21=0, 0.166, IF(F21=1, 0.5, IF(F21=2, 0.833, 0))), (F21+(L21/6))/(F21+G21))), 0) -> 0.90277778 | AS21: =IFERROR(IF((I21+J21)=1, IF(I21=0, 0.333, IF(I21=1, 0.666, 0)), IF((I21+J21)=2, IF(I21=0, 0.166, IF(I21=1, 0.5, IF(I21=2, 0.833, 0))), (I21/(I21+J21)))), 0) -> 0.77777778 | AT21: =(O21-(SMALL(O:O, 1)))/((LARGE(O:O, 1))-(SMALL(O:O, 1))) -> 0.85640849 | AU21: =1-(P21-(SMALL(P:P, 1)))/((LARGE(P:P, 1))-(SMALL(P:P, 1))) -> 0.83695082 | AV21: =(R21-(SMALL(R:R, 1)))/((LARGE(R:R, 1))-(SMALL(R:R, 1))) -> 0.67649649 | AW21: =(Z21-(SMALL(Z:Z, 1)))/((LARGE(Z:Z, 1))-(SMALL(Z:Z, 1))) -> 0.47903004 | AX21: =(AA21+ABS(MIN(AA:AA)))/(MAX(AA:AA)+ABS(MIN(AA:AA))) -> 0.75449165 | AY21: =AVERAGE(AD21/MAX(AD:AD), SQRT(AD21/MAX(AD:AD))) -> 0.95218823 | AZ21: =AVERAGE(AE21/MAX(AE:AE), (AE21-SMALL(AE:AE,1))/(LARGE(AE:AE,1)-SMALL(AE:AE,1))) -> 0.76499637 | BA21: =(BL21-MIN($BL$2:$BL$129))/(MAX($BL$2:$BL$129)-MIN($BL$2:$BL$129)) -> 0.51783355 | BB21: =IFERROR(AL21/MAX(AL:AL), 0) -> 0.21021021 | BC21: 87 | BE21: =VLOOKUP($A21, Calcs!$A$3:'Calcs'!$ALW$130, 845, FALSE) -> 33.46875 | BF21: 0.33333333 | BG21: =IF(A21<17, SoC!P$3, IF(A21<33, SoC!P$4, IF(A21<49, SoC!P$5, IF(A21<65, SoC!P$6, IF(A21<81, SoC!P$7, IF(A21<97, SoC!P$8, SoC!P$9)))))) -> 1.0731229 | BH21: 0.85640849 | BI21: 0.83695082 | BJ21: 7.5976002 | BK21: 0.749602 | BL21: =VLOOKUP($A21, Calcs!$A$3:'Calcs'!$BAA$130, 1025, FALSE) -> 1938 | BM21: 3.3 | BN21: =SQRT(BK21) -> 0.86579559 | BO21: =IF(BN21<(15/30), "F", IF(BN21<(18/30), "F+", IF(BN21<(19/30), "D-", IF(BN21<(20/30), "D", IF(BN21<(21/30), "D+", IF(BN21<(22/30), "C-", IF(BN21<(23/30), "C", IF(BN21<(24/30), "C+", IF(BN21<(25/30), "B-", IF(BN21<(26/30), "B", IF(BN21<(27/30), "B+", IF(BN21<(28/30), "A-", IF(BN21<(29/30), "A", "A+"))))))))))))) -> B | BP21: =(((BK21-$BK$1)/0.15)*3)+((BJ21-$BJ$1)/2) -> 5.1992333 | BQ21: H | BR21: #10 | BS21: =IF(BQ21="A","Platinum",IF(BQ21="B","Prism",IF(BQ21="C","Hakuna",IF(BQ21="D","Wild",IF(BQ21="E","Crystal",IF(BQ21="F","Gray",IF(BQ21="G","Emerald",IF(BQ21="H","Mystery")))))))) -> Mystery | BW21: - | BX21: - | BY21: =MATCH(A21, Standings!$N$21:$N$36, 0) -> 3 | BZ21: 0.54639755 | CA21: Nacrene City | CB21: 20 | CC21: 20 | CD21: 20 | CE21: 19 | CF21: 19 | CG21: 20 | CH21: 20 | CI21: 20 | CJ21: 20 | CK21: 19 | CL21: 20 | CM21: 20 | CN21: 20 | CO21: 20 | CP21: 20 | CQ21: 24 | CR21: 24 | CS21: 20 | CT21: 22 | CU21: 20 | CV21: 17 | CW21: 18 | CX21: 17 | CY21: 17 | CZ21: 21 | DA21: 22 | DB21: 23 | DC21: 21 | DD21: 9 | DE21: 11 | DF21: 14 | DG21: 14 | DH21: 18 | DI21: 26 | DJ21: 24 | DK21: 21 | DL21: 25 | DM21: 49 | DN21: 59
A22: 38 | B22: Lily Valley | C22: Floaroma City | D22: - | F22: =VLOOKUP($A22, Calcs!$A$3:'Calcs'!$ALW$130, 95, FALSE)+VLOOKUP($A22, Calcs!$A$3:'Calcs'!$ALW$130, 97, FALSE) -> 9 | G22: =VLOOKUP($A22, Calcs!$A$3:'Calcs'!$ALW$130, 96, FALSE)+VLOOKUP($A22, Calcs!$A$3:'Calcs'!$ALW$130, 98, FALSE) -> 3 | I22: =VLOOKUP($A22, Calcs!$A$3:'Calcs'!$ALW$130, 99, FALSE)+VLOOKUP($A22, Calcs!$A$3:'Calcs'!$ALW$130, 101, FALSE) -> 7 | J22: =VLOOKUP($A22, Calcs!$A$3:'Calcs'!$ALW$130, 100, FALSE)+VLOOKUP($A22, Calcs!$A$3:'Calcs'!$ALW$130, 102, FALSE) -> 2 | L22: =VLOOKUP($A22, Calcs!$A$3:'Calcs'!$ALW$130, 119, FALSE) -> 11 | M22: =VLOOKUP($A22, Calcs!$A$3:'Calcs'!$ALW$130, 120, FALSE) -> 8 | N22: M | O22: =VLOOKUP($A22, Calcs!$A$3:'Calcs'!$ALW$130, 302, FALSE)/X22 -> 20.047244 | P22: =VLOOKUP($A22, Calcs!$A$3:'Calcs'!$ALW$130, 394, FALSE)/X22 -> 16.496063 | Q22: =O22-P22 -> 3.5511811 | R22: =O22/(VLOOKUP($A22,Calcs!$A$3:'Calcs'!$ALW$130,485,FALSE)/X22) -> 2.213913 | S22: =VLOOKUP($A22, Calcs!$A$3:'Calcs'!$ALW$130, 210, FALSE)/X22 -> 0.63020106 | T22: =VLOOKUP($A22, Calcs!$A$3:'Calcs'!$ALW$130, 576, FALSE)/X22 -> 1.1649606 | U22: =VLOOKUP($A22, Calcs!$A$3:'Calcs'!$ALW$130, 667, FALSE)/X22 -> 80.362205 | V22: =VLOOKUP($A22, Calcs!$A$3:'Calcs'!$ALW$130, 758, FALSE)/X22 -> 61.464567 | X22: =VLOOKUP($A22, Calcs!$A$3:'Calcs'!$ALW$130, 9, FALSE) -> 21.166667 | Y22: =-(T22-MAX(T:T))*S22 -> 4.2077363 | Z22: =(S22)*(BG22) -> 0.61351765 | AA22: =Q22-T22 -> 2.3862205 | AB22: =U22 -> 80.362205 | AC22: =V22 -> 61.464567 | AD22: =IFERROR((AVERAGE((Q22-MIN(Q:Q))*AB22, SQRT((Q22-MIN(Q:Q))*AB22))/100)*BG22, 0) -> 8.379448 | AE22: =IFERROR(IF(SQRT(AC22)>10, 10, SQRT(AC22)), 0) -> 7.8399341 | AG22: 40 | AH22: 10 | AI22: 40 | AL22: =SUM(AG22:AJ22) -> 90 | AN22: 21 | AO22: =_xlfn.RANK.EQ(AQ22,AQ:AQ, 0) -> 21 | AP22: =AN22-AO22 -> 0 | AQ22: =((AR22*2.4)+(AS22*1.6)+(AT22*1)+(AU22*1)+(AV22*0.75)+(AW22*1)+(AX22*1)+(AY22*0.75)+(AZ22*1)+(BA22*0.75)+(BB22*0.75)+(BC22/LARGE(BC:BC,1))*(0/12))/(11+(20/24)) -> 0.74310609 | AR22: =IFERROR(IF((F22+G22)=1, IF(F22=0, 0.333, IF(F22=1, 0.666, 0)), IF((F22+G22)=2, IF(F22=0, 0.166, IF(F22=1, 0.5, IF(F22=2, 0.833, 0))), (F22+(L22/6))/(F22+G22))), 0) -> 0.90277778 | AS22: =IFERROR(IF((I22+J22)=1, IF(I22=0, 0.333, IF(I22=1, 0.666, 0)), IF((I22+J22)=2, IF(I22=0, 0.166, IF(I22=1, 0.5, IF(I22=2, 0.833, 0))), (I22/(I22+J22)))), 0) -> 0.77777778 | AT22: =(O22-(SMALL(O:O, 1)))/((LARGE(O:O, 1))-(SMALL(O:O, 1))) -> 0.80905129 | AU22: =1-(P22-(SMALL(P:P, 1)))/((LARGE(P:P, 1))-(SMALL(P:P, 1))) -> 0.67640743 | AV22: =(R22-(SMALL(R:R, 1)))/((LARGE(R:R, 1))-(SMALL(R:R, 1))) -> 0.41027762 | AW22: =(Z22-(SMALL(Z:Z, 1)))/((LARGE(Z:Z, 1))-(SMALL(Z:Z, 1))) -> 0.70109315 | AX22: =(AA22+ABS(MIN(AA:AA)))/(MAX(AA:AA)+ABS(MIN(AA:AA))) -> 0.80160525 | AY22: =AVERAGE(AD22/MAX(AD:AD), SQRT(AD22/MAX(AD:AD))) -> 0.86101311 | AZ22: =AVERAGE(AE22/MAX(AE:AE), (AE22-SMALL(AE:AE,1))/(LARGE(AE:AE,1)-SMALL(AE:AE,1))) -> 0.79907951 | BA22: =(BL22-MIN($BL$2:$BL$129))/(MAX($BL$2:$BL$129)-MIN($BL$2:$BL$129)) -> 0.58520476 | BB22: =IFERROR(AL22/MAX(AL:AL), 0) -> 0.27027027 | BC22: 120 | BE22: =VLOOKUP($A22, Calcs!$A$3:'Calcs'!$ALW$130, 845, FALSE) -> 69.75 | BF22: -0.33333333 | BG22: =IF(A22<17, SoC!P$3, IF(A22<33, SoC!P$4, IF(A22<49, SoC!P$5, IF(A22<65, SoC!P$6, IF(A22<81, SoC!P$7, IF(A22<97, SoC!P$8, SoC!P$9)))))) -> 0.97352684 | BH22: 0.80905129 | BI22: 0.67640743 | BJ22: 7.8399341 | BK22: 0.74306473 | BL22: =VLOOKUP($A22, Calcs!$A$3:'Calcs'!$BAA$130, 1025, FALSE) -> 1989 | BM22: 7 | BN22: =SQRT(BK22) -> 0.86201203 | BO22: =IF(BN22<(15/30), "F", IF(BN22<(18/30), "F+", IF(BN22<(19/30), "D-", IF(BN22<(20/30), "D", IF(BN22<(21/30), "D+", IF(BN22<(22/30), "C-", IF(BN22<(23/30), "C", IF(BN22<(24/30), "C+", IF(BN22<(25/30), "B-", IF(BN22<(26/30), "B", IF(BN22<(27/30), "B+", IF(BN22<(28/30), "A-", IF(BN22<(29/30), "A", "A+"))))))))))))) -> B | BP22: =(((BK22-$BK$1)/0.15)*3)+((BJ22-$BJ$1)/2) -> 5.189655 | BQ22: E | BR22: #6 | BS22: =IF(BQ22="A","Platinum",IF(BQ22="B","Prism",IF(BQ22="C","Hakuna",IF(BQ22="D","Wild",IF(BQ22="E","Crystal",IF(BQ22="F","Gray",IF(BQ22="G","Emerald",IF(BQ22="H","Mystery")))))))) -> Crystal | BT22: UTL | BU22: B | BV22: =IF(BT22="MRL", VLOOKUP(C22, Master!BL:BP, 5, FALSE), IF(BT22="UTL", VLOOKUP(C22, Ultra!BL:BP, 5, FALSE), "")) -> 1 | BW22: - | BX22: - | BY22: =MATCH(A22, Standings!$N$3:$N$18, 0) -> 3 | BZ22: 0.66225275 | CA22: Floaroma City | CB22: 21 | CC22: 21 | CD22: 21 | CE22: 21 | CF22: 21 | CG22: 21 | CH22: 21 | CI22: 21 | CJ22: 19 | CK22: 20 | CL22: 22 | CM22: 21 | CN22: 25 | CO22: 26 | CP22: 27 | CQ22: 25 | CR22: 26 | CS22: 24 | CT22: 24 | CU22: 24 | CV22: 24 | CW22: 26 | CX22: 23 | CY22: 22 | CZ22: 23 | DA22: 18 | DB22: 15 | DC22: 16 | DD22: 11 | DE22: 10 | DF22: 15 | DG22: 16 | DH22: 14 | DI22: 12 | DJ22: 13 | DK22: 16 | DL22: 19 | DM22: 28 | DN22: 36
A23: 103 | B23: Dynamax | C23: Hammerlocke | D23: - | F23: =VLOOKUP($A23, Calcs!$A$3:'Calcs'!$ALW$130, 95, FALSE)+VLOOKUP($A23, Calcs!$A$3:'Calcs'!$ALW$130, 97, FALSE) -> 11 | G23: =VLOOKUP($A23, Calcs!$A$3:'Calcs'!$ALW$130, 96, FALSE)+VLOOKUP($A23, Calcs!$A$3:'Calcs'!$ALW$130, 98, FALSE) -> 1 | I23: =VLOOKUP($A23, Calcs!$A$3:'Calcs'!$ALW$130, 99, FALSE)+VLOOKUP($A23, Calcs!$A$3:'Calcs'!$ALW$130, 101, FALSE) -> 8 | J23: =VLOOKUP($A23, Calcs!$A$3:'Calcs'!$ALW$130, 100, FALSE)+VLOOKUP($A23, Calcs!$A$3:'Calcs'!$ALW$130, 102, FALSE) -> 1 | L23: =VLOOKUP($A23, Calcs!$A$3:'Calcs'!$ALW$130, 119, FALSE) -> 8 | M23: =VLOOKUP($A23, Calcs!$A$3:'Calcs'!$ALW$130, 120, FALSE) -> 8 | N23: W | O23: =VLOOKUP($A23, Calcs!$A$3:'Calcs'!$ALW$130, 302, FALSE)/X23 -> 20.008264 | P23: =VLOOKUP($A23, Calcs!$A$3:'Calcs'!$ALW$130, 394, FALSE)/X23 -> 16.909091 | Q23: =O23-P23 -> 3.0991736 | R23: =O23/(VLOOKUP($A23,Calcs!$A$3:'Calcs'!$ALW$130,485,FALSE)/X23) -> 2.4553753 | S23: =VLOOKUP($A23, Calcs!$A$3:'Calcs'!$ALW$130, 210, FALSE)/X23 -> 0.57376238 | T23: =VLOOKUP($A23, Calcs!$A$3:'Calcs'!$ALW$130, 576, FALSE)/X23 -> 3.8814876 | U23: =VLOOKUP($A23, Calcs!$A$3:'Calcs'!$ALW$130, 667, FALSE)/X23 -> 75.77686 | V23: =VLOOKUP($A23, Calcs!$A$3:'Calcs'!$ALW$130, 758, FALSE)/X23 -> 49.42562 | X23: =VLOOKUP($A23, Calcs!$A$3:'Calcs'!$ALW$130, 9, FALSE) -> 20.166667 | Y23: =-(T23-MAX(T:T))*S23 -> 2.2722647 | Z23: =(S23)*(BG23) -> 0.55334628 | AA23: =Q23-T23 -> -0.78231405 | AB23: =U23 -> 75.77686 | AC23: =V23 -> 49.42562 | AD23: =IFERROR((AVERAGE((Q23-MIN(Q:Q))*AB23, SQRT((Q23-MIN(Q:Q))*AB23))/100)*BG23, 0) -> 7.6656995 | AE23: =IFERROR(IF(SQRT(AC23)>10, 10, SQRT(AC23)), 0) -> 7.0303357 | AG23: 18 | AH23: 40 | AI23: 40 | AL23: =SUM(AG23:AJ23) -> 98 | AN23: 22 | AO23: =_xlfn.RANK.EQ(AQ23,AQ:AQ, 0) -> 22 | AP23: =AN23-AO23 -> 0 | AQ23: =((AR23*2.4)+(AS23*1.6)+(AT23*1)+(AU23*1)+(AV23*0.75)+(AW23*1)+(AX23*1)+(AY23*0.75)+(AZ23*1)+(BA23*0.75)+(BB23*0.75)+(BC23/LARGE(BC:BC,1))*(0/12))/(11+(20/24)) -> 0.73718818 | AR23: =IFERROR(IF((F23+G23)=1, IF(F23=0, 0.333, IF(F23=1, 0.666, 0)), IF((F23+G23)=2, IF(F23=0, 0.166, IF(F23=1, 0.5, IF(F23=2, 0.833, 0))), (F23+(L23/6))/(F23+G23))), 0) -> 1.0277778 | AS23: =IFERROR(IF((I23+J23)=1, IF(I23=0, 0.333, IF(I23=1, 0.666, 0)), IF((I23+J23)=2, IF(I23=0, 0.166, IF(I23=1, 0.5, IF(I23=2, 0.833, 0))), (I23/(I23+J23)))), 0) -> 0.88888889 | AT23: =(O23-(SMALL(O:O, 1)))/((LARGE(O:O, 1))-(SMALL(O:O, 1))) -> 0.80597372 | AU23: =1-(P23-(SMALL(P:P, 1)))/((LARGE(P:P, 1))-(SMALL(P:P, 1))) -> 0.65186626 | AV23: =(R23-(SMALL(R:R, 1)))/((LARGE(R:R, 1))-(SMALL(R:R, 1))) -> 0.58544703 | AW23: =(Z23-(SMALL(Z:Z, 1)))/((LARGE(Z:Z, 1))-(SMALL(Z:Z, 1))) -> 0.50488292 | AX23: =(AA23+ABS(MIN(AA:AA)))/(MAX(AA:AA)+ABS(MIN(AA:AA))) -> 0.56620616 | AY23: =AVERAGE(AD23/MAX(AD:AD), SQRT(AD23/MAX(AD:AD))) -> 0.80650131 | AZ23: =AVERAGE(AE23/MAX(AE:AE), (AE23-SMALL(AE:AE,1))/(LARGE(AE:AE,1)-SMALL(AE:AE,1))) -> 0.68521323 | BA23: =(BL23-MIN($BL$2:$BL$129))/(MAX($BL$2:$BL$129)-MIN($BL$2:$BL$129)) -> 0.47424042 | BB23: =IFERROR(AL23/MAX(AL:AL), 0) -> 0.29429429 | BC23: 112 | BE23: =VLOOKUP($A23, Calcs!$A$3:'Calcs'!$ALW$130, 845, FALSE) -> 54.28125 | BF23: 0.33333333 | BG23: =IF(A23<17, SoC!P$3, IF(A23<33, SoC!P$4, IF(A23<49, SoC!P$5, IF(A23<65, SoC!P$6, IF(A23<81, SoC!P$7, IF(A23<97, SoC!P$8, SoC!P$9)))))) -> 0.96441715 | BH23: 0.80597372 | BI23: 0.65186626 | BJ23: 7.0303357 | BK23: 0.73712976 | BL23: =VLOOKUP($A23, Calcs!$A$3:'Calcs'!$BAA$130, 1025, FALSE) -> 1905 | BM23: 5.4 | BN23: =SQRT(BK23) -> 0.85856261 | BO23: =IF(BN23<(15/30), "F", IF(BN23<(18/30), "F+", IF(BN23<(19/30), "D-", IF(BN23<(20/30), "D", IF(BN23<(21/30), "D+", IF(BN23<(22/30), "C-", IF(BN23<(23/30), "C", IF(BN23<(24/30), "C+", IF(BN23<(25/30), "B-", IF(BN23<(26/30), "B", IF(BN23<(27/30), "B+", IF(BN23<(28/30), "A-", IF(BN23<(29/30), "A", "A+"))))))))))))) -> B | BP23: =(((BK23-$BK$1)/0.15)*3)+((BJ23-$BJ$1)/2) -> 4.6661562 | BQ23: D | BR23: #5 | BS23: =IF(BQ23="A","Platinum",IF(BQ23="B","Prism",IF(BQ23="C","Hakuna",IF(BQ23="D","Wild",IF(BQ23="E","Crystal",IF(BQ23="F","Gray",IF(BQ23="G","Emerald",IF(BQ23="H","Mystery")))))))) -> Wild | BT23: UTL | BU23: E | BV23: =IF(BT23="MRL", VLOOKUP(C23, Master!BL:BP, 5, FALSE), IF(BT23="UTL", VLOOKUP(C23, Ultra!BL:BP, 5, FALSE), "")) -> 3 | BW23: - | BX23: - | BY23: =MATCH(A23, Standings!$AH$3:$AH$18, 0) -> 3 | BZ23: 0.64953149 | CA23: Hammerlocke | CB23: 22 | CC23: 22 | CD23: 22 | CE23: 22 | CF23: 22 | CG23: 22 | CH23: 22 | CI23: 22 | CJ23: 23 | CK23: 22 | CL23: 18 | CM23: 18 | CN23: 18 | CO23: 18 | CP23: 18 | CQ23: 13 | CR23: 14 | CS23: 13 | CT23: 11 | CU23: 11 | CV23: 12 | CW23: 12 | CX23: 12 | CY23: 14 | CZ23: 13 | DA23: 11 | DB23: 19 | DC23: 20 | DD23: 20 | DE23: 19 | DF23: 28 | DG23: 28 | DH23: 29 | DI23: 27 | DJ23: 26 | DK23: 24 | DL23: 26 | DM23: 30 | DN23: 39
A24: 49 | B24: Vertress | C24: Anville Town | D24: - | F24: =VLOOKUP($A24, Calcs!$A$3:'Calcs'!$ALW$130, 95, FALSE)+VLOOKUP($A24, Calcs!$A$3:'Calcs'!$ALW$130, 97, FALSE) -> 9 | G24: =VLOOKUP($A24, Calcs!$A$3:'Calcs'!$ALW$130, 96, FALSE)+VLOOKUP($A24, Calcs!$A$3:'Calcs'!$ALW$130, 98, FALSE) -> 3 | I24: =VLOOKUP($A24, Calcs!$A$3:'Calcs'!$ALW$130, 99, FALSE)+VLOOKUP($A24, Calcs!$A$3:'Calcs'!$ALW$130, 101, FALSE) -> 8 | J24: =VLOOKUP($A24, Calcs!$A$3:'Calcs'!$ALW$130, 100, FALSE)+VLOOKUP($A24, Calcs!$A$3:'Calcs'!$ALW$130, 102, FALSE) -> 1 | L24: =VLOOKUP($A24, Calcs!$A$3:'Calcs'!$ALW$130, 119, FALSE) -> 8 | M24: =VLOOKUP($A24, Calcs!$A$3:'Calcs'!$ALW$130, 120, FALSE) -> 10 | N24: M | O24: =VLOOKUP($A24, Calcs!$A$3:'Calcs'!$ALW$130, 302, FALSE)/X24 -> 18.900826 | P24: =VLOOKUP($A24, Calcs!$A$3:'Calcs'!$ALW$130, 394, FALSE)/X24 -> 16.669421 | Q24: =O24-P24 -> 2.231405 | R24: =O24/(VLOOKUP($A24,Calcs!$A$3:'Calcs'!$ALW$130,485,FALSE)/X24) -> 2.1801716 | S24: =VLOOKUP($A24, Calcs!$A$3:'Calcs'!$ALW$130, 210, FALSE)/X24 -> 0.58060902 | T24: =VLOOKUP($A24, Calcs!$A$3:'Calcs'!$ALW$130, 576, FALSE)/X24 -> 1.2113223 | U24: =VLOOKUP($A24, Calcs!$A$3:'Calcs'!$ALW$130, 667, FALSE)/X24 -> 74.61157 | V24: =VLOOKUP($A24, Calcs!$A$3:'Calcs'!$ALW$130, 758, FALSE)/X24 -> 51.156198 | X24: =VLOOKUP($A24, Calcs!$A$3:'Calcs'!$ALW$130, 9, FALSE) -> 20.166667 | Y24: =-(T24-MAX(T:T))*S24 -> 3.8497014 | Z24: =(S24)*(BG24) -> 0.62306485 | AA24: =Q24-T24 -> 1.0200826 | AB24: =U24 -> 74.61157 | AC24: =V24 -> 51.156198 | AD24: =IFERROR((AVERAGE((Q24-MIN(Q:Q))*AB24, SQRT((Q24-MIN(Q:Q))*AB24))/100)*BG24, 0) -> 8.0483054 | AE24: =IFERROR(IF(SQRT(AC24)>10, 10, SQRT(AC24)), 0) -> 7.1523561 | AG24: 40 | AH24: 20 | AI24: 50 | AL24: =SUM(AG24:AJ24) -> 110 | AN24: 23 | AO24: =_xlfn.RANK.EQ(AQ24,AQ:AQ, 0) -> 23 | AP24: =AN24-AO24 -> 0 | AQ24: =((AR24*2.4)+(AS24*1.6)+(AT24*1)+(AU24*1)+(AV24*0.75)+(AW24*1)+(AX24*1)+(AY24*0.75)+(AZ24*1)+(BA24*0.75)+(BB24*0.75)+(BC24/LARGE(BC:BC,1))*(0/12))/(11+(20/24)) -> 0.72334652 | AR24: =IFERROR(IF((F24+G24)=1, IF(F24=0, 0.333, IF(F24=1, 0.666, 0)), IF((F24+G24)=2, IF(F24=0, 0.166, IF(F24=1, 0.5, IF(F24=2, 0.833, 0))), (F24+(L24/6))/(F24+G24))), 0) -> 0.86111111 | AS24: =IFERROR(IF((I24+J24)=1, IF(I24=0, 0.333, IF(I24=1, 0.666, 0)), IF((I24+J24)=2, IF(I24=0, 0.166, IF(I24=1, 0.5, IF(I24=2, 0.833, 0))), (I24/(I24+J24)))), 0) -> 0.88888889 | AT24: =(O24-(SMALL(O:O, 1)))/((LARGE(O:O, 1))-(SMALL(O:O, 1))) -> 0.7185381 | AU24: =1-(P24-(SMALL(P:P, 1)))/((LARGE(P:P, 1))-(SMALL(P:P, 1))) -> 0.66610686 | AV24: =(R24-(SMALL(R:R, 1)))/((LARGE(R:R, 1))-(SMALL(R:R, 1))) -> 0.38579979 | AW24: =(Z24-(SMALL(Z:Z, 1)))/((LARGE(Z:Z, 1))-(SMALL(Z:Z, 1))) -> 0.73222522 | AX24: =(AA24+ABS(MIN(AA:AA)))/(MAX(AA:AA)+ABS(MIN(AA:AA))) -> 0.70011114 | AY24: =AVERAGE(AD24/MAX(AD:AD), SQRT(AD24/MAX(AD:AD))) -> 0.83583119 | AZ24: =AVERAGE(AE24/MAX(AE:AE), (AE24-SMALL(AE:AE,1))/(LARGE(AE:AE,1)-SMALL(AE:AE,1))) -> 0.70237485 | BA24: =(BL24-MIN($BL$2:$BL$129))/(MAX($BL$2:$BL$129)-MIN($BL$2:$BL$129)) -> 0.51651255 | BB24: =IFERROR(AL24/MAX(AL:AL), 0) -> 0.33033033 | BC24: 120 | BE24: =VLOOKUP($A24, Calcs!$A$3:'Calcs'!$ALW$130, 845, FALSE) -> 65.25 | BF24: -1 | BG24: =IF(A24<17, SoC!P$3, IF(A24<33, SoC!P$4, IF(A24<49, SoC!P$5, IF(A24<65, SoC!P$6, IF(A24<81, SoC!P$7, IF(A24<97, SoC!P$8, SoC!P$9)))))) -> 1.0731229 | BH24: 0.7185381 | BI24: 0.66610686 | BJ24: 7.1523561 | BK24: 0.72332719 | BL24: =VLOOKUP($A24, Calcs!$A$3:'Calcs'!$BAA$130, 1025, FALSE) -> 1937 | BM24: 6.5 | BN24: =SQRT(BK24) -> 0.85048644 | BO24: =IF(BN24<(15/30), "F", IF(BN24<(18/30), "F+", IF(BN24<(19/30), "D-", IF(BN24<(20/30), "D", IF(BN24<(21/30), "D+", IF(BN24<(22/30), "C-", IF(BN24<(23/30), "C", IF(BN24<(24/30), "C+", IF(BN24<(25/30), "B-", IF(BN24<(26/30), "B", IF(BN24<(27/30), "B+", IF(BN24<(28/30), "A-", IF(BN24<(29/30), "A", "A+"))))))))))))) -> B | BP24: =(((BK24-$BK$1)/0.15)*3)+((BJ24-$BJ$1)/2) -> 4.451115 | BQ24: A | BR24: #4 | BS24: =IF(BQ24="A","Platinum",IF(BQ24="B","Prism",IF(BQ24="C","Hakuna",IF(BQ24="D","Wild",IF(BQ24="E","Crystal",IF(BQ24="F","Gray",IF(BQ24="G","Emerald",IF(BQ24="H","Mystery")))))))) -> Platinum | BT24: MRL | BU24: B | BV24: =IF(BT24="MRL", VLOOKUP(C24, Master!BL:BP, 5, FALSE), IF(BT24="UTL", VLOOKUP(C24, Ultra!BL:BP, 5, FALSE), "")) -> 3 | BW24: - | BX24: - | BY24: =MATCH(A24, Standings!$N$21:$N$36, 0) -> 2 | BZ24: 0.60348558 | CA24: Anville Town | CB24: 23 | CC24: 23 | CD24: 23 | CE24: 23 | CF24: 23 | CG24: 24 | CH24: 24 | CI24: 24 | CJ24: 22 | CK24: 25 | CL24: 23 | CM24: 22 | CN24: 26 | CO24: 25 | CP24: 26 | CQ24: 27 | CR24: 27 | CS24: 29 | CT24: 29 | CU24: 30 | CV24: 30 | CW24: 32 | CX24: 31 | CY24: 29 | CZ24: 30 | DA24: 30 | DB24: 29 | DC24: 29 | DD24: 31 | DE24: 27 | DF24: 38 | DG24: 34 | DH24: 32 | DI24: 31 | DJ24: 33 | DK24: 34 | DL24: 22 | DM24: 36 | DN24: 45
A25: 1 | B25: Indigo | C25: Cianwood City | D25: - | F25: =VLOOKUP($A25, Calcs!$A$3:'Calcs'!$ALW$130, 95, FALSE)+VLOOKUP($A25, Calcs!$A$3:'Calcs'!$ALW$130, 97, FALSE) -> 8 | G25: =VLOOKUP($A25, Calcs!$A$3:'Calcs'!$ALW$130, 96, FALSE)+VLOOKUP($A25, Calcs!$A$3:'Calcs'!$ALW$130, 98, FALSE) -> 4 | I25: =VLOOKUP($A25, Calcs!$A$3:'Calcs'!$ALW$130, 99, FALSE)+VLOOKUP($A25, Calcs!$A$3:'Calcs'!$ALW$130, 101, FALSE) -> 6 | J25: =VLOOKUP($A25, Calcs!$A$3:'Calcs'!$ALW$130, 100, FALSE)+VLOOKUP($A25, Calcs!$A$3:'Calcs'!$ALW$130, 102, FALSE) -> 3 | L25: =VLOOKUP($A25, Calcs!$A$3:'Calcs'!$ALW$130, 119, FALSE) -> 10 | M25: =VLOOKUP($A25, Calcs!$A$3:'Calcs'!$ALW$130, 120, FALSE) -> 9 | N25: M | O25: =VLOOKUP($A25, Calcs!$A$3:'Calcs'!$ALW$130, 302, FALSE)/X25 -> 19.619048 | P25: =VLOOKUP($A25, Calcs!$A$3:'Calcs'!$ALW$130, 394, FALSE)/X25 -> 15.650794 | Q25: =O25-P25 -> 3.968254 | R25: =O25/(VLOOKUP($A25,Calcs!$A$3:'Calcs'!$ALW$130,485,FALSE)/X25) -> 2.3276836 | S25: =VLOOKUP($A25, Calcs!$A$3:'Calcs'!$ALW$130, 210, FALSE)/X25 -> 0.63430227 | T25: =VLOOKUP($A25, Calcs!$A$3:'Calcs'!$ALW$130, 576, FALSE)/X25 -> 2.622381 | U25: =VLOOKUP($A25, Calcs!$A$3:'Calcs'!$ALW$130, 667, FALSE)/X25 -> 77.611111 | V25: =VLOOKUP($A25, Calcs!$A$3:'Calcs'!$ALW$130, 758, FALSE)/X25 -> 57.803968 | X25: =VLOOKUP($A25, Calcs!$A$3:'Calcs'!$ALW$130, 9, FALSE) -> 21 | Y25: =-(T25-MAX(T:T))*S25 -> 3.3106743 | Z25: =(S25)*(BG25) -> 0.64164087 | AA25: =Q25-T25 -> 1.345873 | AB25: =U25 -> 77.611111 | AC25: =V25 -> 57.803968 | AD25: =IFERROR((AVERAGE((Q25-MIN(Q:Q))*AB25, SQRT((Q25-MIN(Q:Q))*AB25))/100)*BG25, 0) -> 8.5780846 | AE25: =IFERROR(IF(SQRT(AC25)>10, 10, SQRT(AC25)), 0) -> 7.6028921 | AG25: 42 | AH25: 40 | AI25: 40 | AL25: =SUM(AG25:AJ25) -> 122 | AN25: 24 | AO25: =_xlfn.RANK.EQ(AQ25,AQ:AQ, 0) -> 24 | AP25: =AN25-AO25 -> 0 | AQ25: =((AR25*2.4)+(AS25*1.6)+(AT25*1)+(AU25*1)+(AV25*0.75)+(AW25*1)+(AX25*1)+(AY25*0.75)+(AZ25*1)+(BA25*0.75)+(BB25*0.75)+(BC25/LARGE(BC:BC,1))*(0/12))/(11+(20/24)) -> 0.72109594 | AR25: =IFERROR(IF((F25+G25)=1, IF(F25=0, 0.333, IF(F25=1, 0.666, 0)), IF((F25+G25)=2, IF(F25=0, 0.166, IF(F25=1, 0.5, IF(F25=2, 0.833, 0))), (F25+(L25/6))/(F25+G25))), 0) -> 0.80555556 | AS25: =IFERROR(IF((I25+J25)=1, IF(I25=0, 0.333, IF(I25=1, 0.666, 0)), IF((I25+J25)=2, IF(I25=0, 0.166, IF(I25=1, 0.5, IF(I25=2, 0.833, 0))), (I25/(I25+J25)))), 0) -> 0.66666667 | AT25: =(O25-(SMALL(O:O, 1)))/((LARGE(O:O, 1))-(SMALL(O:O, 1))) -> 0.77524386 | AU25: =1-(P25-(SMALL(P:P, 1)))/((LARGE(P:P, 1))-(SMALL(P:P, 1))) -> 0.72663139 | AV25: =(R25-(SMALL(R:R, 1)))/((LARGE(R:R, 1))-(SMALL(R:R, 1))) -> 0.49281279 | AW25: =(Z25-(SMALL(Z:Z, 1)))/((LARGE(Z:Z, 1))-(SMALL(Z:Z, 1))) -> 0.79279897 | AX25: =(AA25+ABS(MIN(AA:AA)))/(MAX(AA:AA)+ABS(MIN(AA:AA))) -> 0.724315 | AY25: =AVERAGE(AD25/MAX(AD:AD), SQRT(AD25/MAX(AD:AD))) -> 0.87603314 | AZ25: =AVERAGE(AE25/MAX(AE:AE), (AE25-SMALL(AE:AE,1))/(LARGE(AE:AE,1)-SMALL(AE:AE,1))) -> 0.76574065 | BA25: =(BL25-MIN($BL$2:$BL$129))/(MAX($BL$2:$BL$129)-MIN($BL$2:$BL$129)) -> 0.59577279 | BB25: =IFERROR(AL25/MAX(AL:AL), 0) -> 0.36636637 | BC25: 219 | BE25: =VLOOKUP($A25, Calcs!$A$3:'Calcs'!$ALW$130, 845, FALSE) -> 82.75 | BF25: 1.6666667 | BG25: =IF(A25<17, SoC!P$3, IF(A25<33, SoC!P$4, IF(A25<49, SoC!P$5, IF(A25<65, SoC!P$6, IF(A25<81, SoC!P$7, IF(A25<97, SoC!P$8, SoC!P$9)))))) -> 1.0115696 | BH25: 0.77524386 | BI25: 0.72663139 | BJ25: 7.6028921 | BK25: 0.72111304 | BL25: =VLOOKUP($A25, Calcs!$A$3:'Calcs'!$BAA$130, 1025, FALSE) -> 1997 | BM25: 8.3 | BN25: =SQRT(BK25) -> 0.84918375 | BO25: =IF(BN25<(15/30), "F", IF(BN25<(18/30), "F+", IF(BN25<(19/30), "D-", IF(BN25<(20/30), "D", IF(BN25<(21/30), "D+", IF(BN25<(22/30), "C-", IF(BN25<(23/30), "C", IF(BN25<(24/30), "C+", IF(BN25<(25/30), "B-", IF(BN25<(26/30), "B", IF(BN25<(27/30), "B+", IF(BN25<(28/30), "A-", IF(BN25<(29/30), "A", "A+"))))))))))))) -> B | BP25: =(((BK25-$BK$1)/0.15)*3)+((BJ25-$BJ$1)/2) -> 4.6321 | BQ25: F | BR25: #2 | BS25: =IF(BQ25="A","Platinum",IF(BQ25="B","Prism",IF(BQ25="C","Hakuna",IF(BQ25="D","Wild",IF(BQ25="E","Crystal",IF(BQ25="F","Gray",IF(BQ25="G","Emerald",IF(BQ25="H","Mystery")))))))) -> Gray | BT25: MRL | BU25: F | BV25: =IF(BT25="MRL", VLOOKUP(C25, Master!BL:BP, 5, FALSE), IF(BT25="UTL", VLOOKUP(C25, Ultra!BL:BP, 5, FALSE), "")) -> 3 | BW25: - | BX25: - | BY25: =MATCH(A25, Standings!$D$3:$D$18, 0) -> 4 | BZ25: 0.76468114 | CA25: Cianwood City | CB25: 24 | CC25: 24 | CD25: 24 | CE25: 24 | CF25: 24 | CG25: 23 | CH25: 23 | CI25: 23 | CJ25: 24 | CK25: 23 | CL25: 21 | CM25: 26 | CN25: 24 | CO25: 24 | CP25: 22 | CQ25: 20 | CR25: 21 | CS25: 21 | CT25: 20 | CU25: 18 | CV25: 23 | CW25: 24 | CX25: 25 | CY25: 24 | CZ25: 28 | DA25: 27 | DB25: 24 | DC25: 25 | DD25: 30 | DE25: 30 | DF25: 19 | DG25: 22 | DH25: 24 | DI25: 25 | DJ25: 29 | DK25: 29 | DL25: 16 | DM25: 17 | DN25: 16
A26: 23 | B26: Delta | C26: Rustboro City | D26: - | F26: =VLOOKUP($A26, Calcs!$A$3:'Calcs'!$ALW$130, 95, FALSE)+VLOOKUP($A26, Calcs!$A$3:'Calcs'!$ALW$130, 97, FALSE) -> 9 | G26: =VLOOKUP($A26, Calcs!$A$3:'Calcs'!$ALW$130, 96, FALSE)+VLOOKUP($A26, Calcs!$A$3:'Calcs'!$ALW$130, 98, FALSE) -> 3 | I26: =VLOOKUP($A26, Calcs!$A$3:'Calcs'!$ALW$130, 99, FALSE)+VLOOKUP($A26, Calcs!$A$3:'Calcs'!$ALW$130, 101, FALSE) -> 6 | J26: =VLOOKUP($A26, Calcs!$A$3:'Calcs'!$ALW$130, 100, FALSE)+VLOOKUP($A26, Calcs!$A$3:'Calcs'!$ALW$130, 102, FALSE) -> 3 | L26: =VLOOKUP($A26, Calcs!$A$3:'Calcs'!$ALW$130, 119, FALSE) -> 12 | M26: =VLOOKUP($A26, Calcs!$A$3:'Calcs'!$ALW$130, 120, FALSE) -> 5 | N26: U | O26: =VLOOKUP($A26, Calcs!$A$3:'Calcs'!$ALW$130, 302, FALSE)/X26 -> 19.487805 | P26: =VLOOKUP($A26, Calcs!$A$3:'Calcs'!$ALW$130, 394, FALSE)/X26 -> 14.902439 | Q26: =O26-P26 -> 4.5853659 | R26: =O26/(VLOOKUP($A26,Calcs!$A$3:'Calcs'!$ALW$130,485,FALSE)/X26) -> 2.3898305 | S26: =VLOOKUP($A26, Calcs!$A$3:'Calcs'!$ALW$130, 210, FALSE)/X26 -> 0.57677094 | T26: =VLOOKUP($A26, Calcs!$A$3:'Calcs'!$ALW$130, 576, FALSE)/X26 -> 3.3217886 | U26: =VLOOKUP($A26, Calcs!$A$3:'Calcs'!$ALW$130, 667, FALSE)/X26 -> 77.699187 | V26: =VLOOKUP($A26, Calcs!$A$3:'Calcs'!$ALW$130, 758, FALSE)/X26 -> 57.55122 | X26: =VLOOKUP($A26, Calcs!$A$3:'Calcs'!$ALW$130, 9, FALSE) -> 20.5 | Y26: =-(T26-MAX(T:T))*S26 -> 2.6069975 | Z26: =(S26)*(BG26) -> 0.54948249 | AA26: =Q26-T26 -> 1.2635772 | AB26: =U26 -> 77.699187 | AC26: =V26 -> 57.55122 | AD26: =IFERROR((AVERAGE((Q26-MIN(Q:Q))*AB26, SQRT((Q26-MIN(Q:Q))*AB26))/100)*BG26, 0) -> 8.3190124 | AE26: =IFERROR(IF(SQRT(AC26)>10, 10, SQRT(AC26)), 0) -> 7.586252 | AG26: 38 | AH26: 20 | AI26: 40 | AL26: =SUM(AG26:AJ26) -> 98 | AN26: 25 | AO26: =_xlfn.RANK.EQ(AQ26,AQ:AQ, 0) -> 25 | AP26: =AN26-AO26 -> 0 | AQ26: =((AR26*2.4)+(AS26*1.6)+(AT26*1)+(AU26*1)+(AV26*0.75)+(AW26*1)+(AX26*1)+(AY26*0.75)+(AZ26*1)+(BA26*0.75)+(BB26*0.75)+(BC26/LARGE(BC:BC,1))*(0/12))/(11+(20/24)) -> 0.71736643 | AR26: =IFERROR(IF((F26+G26)=1, IF(F26=0, 0.333, IF(F26=1, 0.666, 0)), IF((F26+G26)=2, IF(F26=0, 0.166, IF(F26=1, 0.5, IF(F26=2, 0.833, 0))), (F26+(L26/6))/(F26+G26))), 0) -> 0.91666667 | AS26: =IFERROR(IF((I26+J26)=1, IF(I26=0, 0.333, IF(I26=1, 0.666, 0)), IF((I26+J26)=2, IF(I26=0, 0.166, IF(I26=1, 0.5, IF(I26=2, 0.833, 0))), (I26/(I26+J26)))), 0) -> 0.66666667 | AT26: =(O26-(SMALL(O:O, 1)))/((LARGE(O:O, 1))-(SMALL(O:O, 1))) -> 0.76488185 | AU26: =1-(P26-(SMALL(P:P, 1)))/((LARGE(P:P, 1))-(SMALL(P:P, 1))) -> 0.77109691 | AV26: =(R26-(SMALL(R:R, 1)))/((LARGE(R:R, 1))-(SMALL(R:R, 1))) -> 0.53789742 | AW26: =(Z26-(SMALL(Z:Z, 1)))/((LARGE(Z:Z, 1))-(SMALL(Z:Z, 1))) -> 0.49228364 | AX26: =(AA26+ABS(MIN(AA:AA)))/(MAX(AA:AA)+ABS(MIN(AA:AA))) -> 0.71820102 | AY26: =AVERAGE(AD26/MAX(AD:AD), SQRT(AD26/MAX(AD:AD))) -> 0.85643074 | AZ26: =AVERAGE(AE26/MAX(AE:AE), (AE26-SMALL(AE:AE,1))/(LARGE(AE:AE,1)-SMALL(AE:AE,1))) -> 0.76340029 | BA26: =(BL26-MIN($BL$2:$BL$129))/(MAX($BL$2:$BL$129)-MIN($BL$2:$BL$129)) -> 0.59445178 | BB26: =IFERROR(AL26/MAX(AL:AL), 0) -> 0.29429429 | BC26: 177 | BE26: =VLOOKUP($A26, Calcs!$A$3:'Calcs'!$ALW$130, 845, FALSE) -> 76.25 | BF26: 0 | BG26: =IF(A26<17, SoC!P$3, IF(A26<33, SoC!P$4, IF(A26<49, SoC!P$5, IF(A26<65, SoC!P$6, IF(A26<81, SoC!P$7, IF(A26<97, SoC!P$8, SoC!P$9)))))) -> 0.95268755 | BH26: 0.76488185 | BI26: 0.77109691 | BJ26: 7.586252 | BK26: 0.71744721 | BL26: =VLOOKUP($A26, Calcs!$A$3:'Calcs'!$BAA$130, 1025, FALSE) -> 1996 | BM26: 7.6 | BN26: =SQRT(BK26) -> 0.84702256 | BO26: =IF(BN26<(15/30), "F", IF(BN26<(18/30), "F+", IF(BN26<(19/30), "D-", IF(BN26<(20/30), "D", IF(BN26<(21/30), "D+", IF(BN26<(22/30), "C-", IF(BN26<(23/30), "C", IF(BN26<(24/30), "C+", IF(BN26<(25/30), "B-", IF(BN26<(26/30), "B", IF(BN26<(27/30), "B+", IF(BN26<(28/30), "A-", IF(BN26<(29/30), "A", "A+"))))))))))))) -> B | BP26: =(((BK26-$BK$1)/0.15)*3)+((BJ26-$BJ$1)/2) -> 4.5504635 | BQ26: G | BR26: #1 | BS26: =IF(BQ26="A","Platinum",IF(BQ26="B","Prism",IF(BQ26="C","Hakuna",IF(BQ26="D","Wild",IF(BQ26="E","Crystal",IF(BQ26="F","Gray",IF(BQ26="G","Emerald",IF(BQ26="H","Mystery")))))))) -> Emerald | BT26: UTL | BU26: E | BV26: =IF(BT26="MRL", VLOOKUP(C26, Master!BL:BP, 5, FALSE), IF(BT26="UTL", VLOOKUP(C26, Ultra!BL:BP, 5, FALSE), "")) -> 1 | BW26: - | BX26: S1 World Finalist | BY26: =MATCH(A26, Standings!$D$21:$D$36, 0) -> 4 | BZ26: 0.69601783 | CA26: Rustboro City | CB26: 25 | CC26: 25 | CD26: 25 | CE26: 25 | CF26: 25 | CG26: 25 | CH26: 25 | CI26: 25 | CJ26: 25 | CK26: 24 | CL26: 26 | CM26: 25 | CN26: 21 | CO26: 21 | CP26: 21 | CQ26: 17 | CR26: 20 | CS26: 22 | CT26: 18 | CU26: 22 | CV26: 20 | CW26: 21 | CX26: 21 | CY26: 21 | CZ26: 20 | DA26: 23 | DB26: 25 | DC26: 26 | DD26: 15 | DE26: 15 | DF26: 18 | DG26: 20 | DH26: 27 | DI26: 29 | DJ26: 28 | DK26: 27 | DL26: 28 | DM26: 34 | DN26: 30
A27: 52 | B27: Vertress | C27: Mistralton City | D27: - | F27: =VLOOKUP($A27, Calcs!$A$3:'Calcs'!$ALW$130, 95, FALSE)+VLOOKUP($A27, Calcs!$A$3:'Calcs'!$ALW$130, 97, FALSE) -> 10 | G27: =VLOOKUP($A27, Calcs!$A$3:'Calcs'!$ALW$130, 96, FALSE)+VLOOKUP($A27, Calcs!$A$3:'Calcs'!$ALW$130, 98, FALSE) -> 2 | I27: =VLOOKUP($A27, Calcs!$A$3:'Calcs'!$ALW$130, 99, FALSE)+VLOOKUP($A27, Calcs!$A$3:'Calcs'!$ALW$130, 101, FALSE) -> 7 | J27: =VLOOKUP($A27, Calcs!$A$3:'Calcs'!$ALW$130, 100, FALSE)+VLOOKUP($A27, Calcs!$A$3:'Calcs'!$ALW$130, 102, FALSE) -> 2 | L27: =VLOOKUP($A27, Calcs!$A$3:'Calcs'!$ALW$130, 119, FALSE) -> 7 | M27: =VLOOKUP($A27, Calcs!$A$3:'Calcs'!$ALW$130, 120, FALSE) -> 8 | N27: U | O27: =VLOOKUP($A27, Calcs!$A$3:'Calcs'!$ALW$130, 302, FALSE)/X27 -> 19.548673 | P27: =VLOOKUP($A27, Calcs!$A$3:'Calcs'!$ALW$130, 394, FALSE)/X27 -> 16.168142 | Q27: =O27-P27 -> 3.380531 | R27: =O27/(VLOOKUP($A27,Calcs!$A$3:'Calcs'!$ALW$130,485,FALSE)/X27) -> 2.224572 | S27: =VLOOKUP($A27, Calcs!$A$3:'Calcs'!$ALW$130, 210, FALSE)/X27 -> 0.53576487 | T27: =VLOOKUP($A27, Calcs!$A$3:'Calcs'!$ALW$130, 576, FALSE)/X27 -> 2.010885 | U27: =VLOOKUP($A27, Calcs!$A$3:'Calcs'!$ALW$130, 667, FALSE)/X27 -> 67.389381 | V27: =VLOOKUP($A27, Calcs!$A$3:'Calcs'!$ALW$130, 758, FALSE)/X27 -> 56.779646 | X27: =VLOOKUP($A27, Calcs!$A$3:'Calcs'!$ALW$130, 9, FALSE) -> 18.833333 | Y27: =-(T27-MAX(T:T))*S27 -> 3.1239868 | Z27: =(S27)*(BG27) -> 0.57494157 | AA27: =Q27-T27 -> 1.369646 | AB27: =U27 -> 67.389381 | AC27: =V27 -> 56.779646 | AD27: =IFERROR((AVERAGE((Q27-MIN(Q:Q))*AB27, SQRT((Q27-MIN(Q:Q))*AB27))/100)*BG27, 0) -> 7.7000715 | AE27: =IFERROR(IF(SQRT(AC27)>10, 10, SQRT(AC27)), 0) -> 7.535227 | AG27: 27 | AH27: 20 | AI27: 35 | AL27: =SUM(AG27:AJ27) -> 82 | AN27: 26 | AO27: =_xlfn.RANK.EQ(AQ27,AQ:AQ, 0) -> 26 | AP27: =AN27-AO27 -> 0 | AQ27: =((AR27*2.4)+(AS27*1.6)+(AT27*1)+(AU27*1)+(AV27*0.75)+(AW27*1)+(AX27*1)+(AY27*0.75)+(AZ27*1)+(BA27*0.75)+(BB27*0.75)+(BC27/LARGE(BC:BC,1))*(0/12))/(11+(20/24)) -> 0.71431946 | AR27: =IFERROR(IF((F27+G27)=1, IF(F27=0, 0.333, IF(F27=1, 0.666, 0)), IF((F27+G27)=2, IF(F27=0, 0.166, IF(F27=1, 0.5, IF(F27=2, 0.833, 0))), (F27+(L27/6))/(F27+G27))), 0) -> 0.93055556 | AS27: =IFERROR(IF((I27+J27)=1, IF(I27=0, 0.333, IF(I27=1, 0.666, 0)), IF((I27+J27)=2, IF(I27=0, 0.166, IF(I27=1, 0.5, IF(I27=2, 0.833, 0))), (I27/(I27+J27)))), 0) -> 0.77777778 | AT27: =(O27-(SMALL(O:O, 1)))/((LARGE(O:O, 1))-(SMALL(O:O, 1))) -> 0.76968754 | AU27: =1-(P27-(SMALL(P:P, 1)))/((LARGE(P:P, 1))-(SMALL(P:P, 1))) -> 0.69589177 | AV27: =(R27-(SMALL(R:R, 1)))/((LARGE(R:R, 1))-(SMALL(R:R, 1))) -> 0.41801019 | AW27: =(Z27-(SMALL(Z:Z, 1)))/((LARGE(Z:Z, 1))-(SMALL(Z:Z, 1))) -> 0.57530207 | AX27: =(AA27+ABS(MIN(AA:AA)))/(MAX(AA:AA)+ABS(MIN(AA:AA))) -> 0.72608116 | AY27: =AVERAGE(AD27/MAX(AD:AD), SQRT(AD27/MAX(AD:AD))) -> 0.80914692 | AZ27: =AVERAGE(AE27/MAX(AE:AE), (AE27-SMALL(AE:AE,1))/(LARGE(AE:AE,1)-SMALL(AE:AE,1))) -> 0.75622386 | BA27: =(BL27-MIN($BL$2:$BL$129))/(MAX($BL$2:$BL$129)-MIN($BL$2:$BL$129)) -> 0.46235139 | BB27: =IFERROR(AL27/MAX(AL:AL), 0) -> 0.24624625 | BC27: 55 | BE27: =VLOOKUP($A27, Calcs!$A$3:'Calcs'!$ALW$130, 845, FALSE) -> 100 | BF27: -1.3333333 | BG27: =IF(A27<17, SoC!P$3, IF(A27<33, SoC!P$4, IF(A27<49, SoC!P$5, IF(A27<65, SoC!P$6, IF(A27<81, SoC!P$7, IF(A27<97, SoC!P$8, SoC!P$9)))))) -> 1.0731229 | BH27: 0.76968754 | BI27: 0.69589177 | BJ27: 7.535227 | BK27: 0.71430015 | BL27: =VLOOKUP($A27, Calcs!$A$3:'Calcs'!$BAA$130, 1025, FALSE) -> 1896 | BM27: 10 | BN27: =SQRT(BK27) -> 0.8451628 | BO27: =IF(BN27<(15/30), "F", IF(BN27<(18/30), "F+", IF(BN27<(19/30), "D-", IF(BN27<(20/30), "D", IF(BN27<(21/30), "D+", IF(BN27<(22/30), "C-", IF(BN27<(23/30), "C", IF(BN27<(24/30), "C+", IF(BN27<(25/30), "B-", IF(BN27<(26/30), "B", IF(BN27<(27/30), "B+", IF(BN27<(28/30), "A-", IF(BN27<(29/30), "A", "A+"))))))))))))) -> B | BP27: =(((BK27-$BK$1)/0.15)*3)+((BJ27-$BJ$1)/2) -> 4.4620098 | BQ27: B | BR27: #9 | BS27: =IF(BQ27="A","Platinum",IF(BQ27="B","Prism",IF(BQ27="C","Hakuna",IF(BQ27="D","Wild",IF(BQ27="E","Crystal",IF(BQ27="F","Gray",IF(BQ27="G","Emerald",IF(BQ27="H","Mystery")))))))) -> Prism | BT27: UTL | BU27: B | BV27: =IF(BT27="MRL", VLOOKUP(C27, Master!BL:BP, 5, FALSE), IF(BT27="UTL", VLOOKUP(C27, Ultra!BL:BP, 5, FALSE), "")) -> 3 | BW27: - | BX27: - | BY27: =MATCH(A27, Standings!$N$21:$N$36, 0) -> 4 | BZ27: 0.51202076 | CA27: Mistralton City | CB27: 26 | CC27: 26 | CD27: 26 | CE27: 26 | CF27: 26 | CG27: 26 | CH27: 27 | CI27: 27 | CJ27: 27 | CK27: 27 | CL27: 27 | CM27: 27 | CN27: 27 | CO27: 23 | CP27: 23 | CQ27: 21 | CR27: 19 | CS27: 18 | CT27: 23 | CU27: 19 | CV27: 18 | CW27: 17 | CX27: 18 | CY27: 19 | CZ27: 18 | DA27: 24 | DB27: 21 | DC27: 23 | DD27: 26 | DE27: 25 | DF27: 32 | DG27: 39 | DH27: 41 | DI27: 44 | DJ27: 55 | DK27: 61 | DL27: 85 | DM27: 63 | DN27: 67
A28: 4 | B28: Indigo | C28: Olivine City | D28: - | F28: =VLOOKUP($A28, Calcs!$A$3:'Calcs'!$ALW$130, 95, FALSE)+VLOOKUP($A28, Calcs!$A$3:'Calcs'!$ALW$130, 97, FALSE) -> 9 | G28: =VLOOKUP($A28, Calcs!$A$3:'Calcs'!$ALW$130, 96, FALSE)+VLOOKUP($A28, Calcs!$A$3:'Calcs'!$ALW$130, 98, FALSE) -> 3 | I28: =VLOOKUP($A28, Calcs!$A$3:'Calcs'!$ALW$130, 99, FALSE)+VLOOKUP($A28, Calcs!$A$3:'Calcs'!$ALW$130, 101, FALSE) -> 7 | J28: =VLOOKUP($A28, Calcs!$A$3:'Calcs'!$ALW$130, 100, FALSE)+VLOOKUP($A28, Calcs!$A$3:'Calcs'!$ALW$130, 102, FALSE) -> 2 | L28: =VLOOKUP($A28, Calcs!$A$3:'Calcs'!$ALW$130, 119, FALSE) -> 7 | M28: =VLOOKUP($A28, Calcs!$A$3:'Calcs'!$ALW$130, 120, FALSE) -> 9 | N28: M | O28: =VLOOKUP($A28, Calcs!$A$3:'Calcs'!$ALW$130, 302, FALSE)/X28 -> 17.586207 | P28: =VLOOKUP($A28, Calcs!$A$3:'Calcs'!$ALW$130, 394, FALSE)/X28 -> 15.594828 | Q28: =O28-P28 -> 1.9913793 | R28: =O28/(VLOOKUP($A28,Calcs!$A$3:'Calcs'!$ALW$130,485,FALSE)/X28) -> 2.4431138 | S28: =VLOOKUP($A28, Calcs!$A$3:'Calcs'!$ALW$130, 210, FALSE)/X28 -> 0.6223308 | T28: =VLOOKUP($A28, Calcs!$A$3:'Calcs'!$ALW$130, 576, FALSE)/X28 -> 2.582069 | U28: =VLOOKUP($A28, Calcs!$A$3:'Calcs'!$ALW$130, 667, FALSE)/X28 -> 81.655172 | V28: =VLOOKUP($A28, Calcs!$A$3:'Calcs'!$ALW$130, 758, FALSE)/X28 -> 50.093103 | X28: =VLOOKUP($A28, Calcs!$A$3:'Calcs'!$ALW$130, 9, FALSE) -> 19.333333 | Y28: =-(T28-MAX(T:T))*S28 -> 3.2732779 | Z28: =(S28)*(BG28) -> 0.62953089 | AA28: =Q28-T28 -> -0.59068966 | AB28: =U28 -> 81.655172 | AC28: =V28 -> 50.093103 | AD28: =IFERROR((AVERAGE((Q28-MIN(Q:Q))*AB28, SQRT((Q28-MIN(Q:Q))*AB28))/100)*BG28, 0) -> 8.1931632 | AE28: =IFERROR(IF(SQRT(AC28)>10, 10, SQRT(AC28)), 0) -> 7.0776482 | AG28: 36 | AH28: 40 | AI28: 40 | AL28: =SUM(AG28:AJ28) -> 116 | AN28: 27 | AO28: =_xlfn.RANK.EQ(AQ28,AQ:AQ, 0) -> 27 | AP28: =AN28-AO28 -> 0 | AQ28: =((AR28*2.4)+(AS28*1.6)+(AT28*1)+(AU28*1)+(AV28*0.75)+(AW28*1)+(AX28*1)+(AY28*0.75)+(AZ28*1)+(BA28*0.75)+(BB28*0.75)+(BC28/LARGE(BC:BC,1))*(0/12))/(11+(20/24)) -> 0.70366162 | AR28: =IFERROR(IF((F28+G28)=1, IF(F28=0, 0.333, IF(F28=1, 0.666, 0)), IF((F28+G28)=2, IF(F28=0, 0.166, IF(F28=1, 0.5, IF(F28=2, 0.833, 0))), (F28+(L28/6))/(F28+G28))), 0) -> 0.84722222 | AS28: =IFERROR(IF((I28+J28)=1, IF(I28=0, 0.333, IF(I28=1, 0.666, 0)), IF((I28+J28)=2, IF(I28=0, 0.166, IF(I28=1, 0.5, IF(I28=2, 0.833, 0))), (I28/(I28+J28)))), 0) -> 0.77777778 | AT28: =(O28-(SMALL(O:O, 1)))/((LARGE(O:O, 1))-(SMALL(O:O, 1))) -> 0.61474487 | AU28: =1-(P28-(SMALL(P:P, 1)))/((LARGE(P:P, 1))-(SMALL(P:P, 1))) -> 0.72995677 | AV28: =(R28-(SMALL(R:R, 1)))/((LARGE(R:R, 1))-(SMALL(R:R, 1))) -> 0.5765519 | AW28: =(Z28-(SMALL(Z:Z, 1)))/((LARGE(Z:Z, 1))-(SMALL(Z:Z, 1))) -> 0.75331007 | AX28: =(AA28+ABS(MIN(AA:AA)))/(MAX(AA:AA)+ABS(MIN(AA:AA))) -> 0.58044246 | AY28: =AVERAGE(AD28/MAX(AD:AD), SQRT(AD28/MAX(AD:AD))) -> 0.84686939 | AZ28: =AVERAGE(AE28/MAX(AE:AE), (AE28-SMALL(AE:AE,1))/(LARGE(AE:AE,1)-SMALL(AE:AE,1))) -> 0.69186751 | BA28: =(BL28-MIN($BL$2:$BL$129))/(MAX($BL$2:$BL$129)-MIN($BL$2:$BL$129)) -> 0.4663144 | BB28: =IFERROR(AL28/MAX(AL:AL), 0) -> 0.34834835 | BC28: 255 | BE28: =VLOOKUP($A28, Calcs!$A$3:'Calcs'!$ALW$130, 845, FALSE) -> 68.53125 | BF28: 0.66666667 | BG28: =IF(A28<17, SoC!P$3, IF(A28<33, SoC!P$4, IF(A28<49, SoC!P$5, IF(A28<65, SoC!P$6, IF(A28<81, SoC!P$7, IF(A28<97, SoC!P$8, SoC!P$9)))))) -> 1.0115696 | BH28: 0.61474487 | BI28: 0.72995677 | BJ28: 7.0776482 | BK28: 0.70365381 | BL28: =VLOOKUP($A28, Calcs!$A$3:'Calcs'!$BAA$130, 1025, FALSE) -> 1899 | BM28: 6.9 | BN28: =SQRT(BK28) -> 0.83884075 | BO28: =IF(BN28<(15/30), "F", IF(BN28<(18/30), "F+", IF(BN28<(19/30), "D-", IF(BN28<(20/30), "D", IF(BN28<(21/30), "D+", IF(BN28<(22/30), "C-", IF(BN28<(23/30), "C", IF(BN28<(24/30), "C+", IF(BN28<(25/30), "B-", IF(BN28<(26/30), "B", IF(BN28<(27/30), "B+", IF(BN28<(28/30), "A-", IF(BN28<(29/30), "A", "A+"))))))))))))) -> B | BP28: =(((BK28-$BK$1)/0.15)*3)+((BJ28-$BJ$1)/2) -> 4.0202935 | BQ28: H | BR28: #3 | BS28: =IF(BQ28="A","Platinum",IF(BQ28="B","Prism",IF(BQ28="C","Hakuna",IF(BQ28="D","Wild",IF(BQ28="E","Crystal",IF(BQ28="F","Gray",IF(BQ28="G","Emerald",IF(BQ28="H","Mystery")))))))) -> Mystery | BT28: MRL | BU28: A | BV28: =IF(BT28="MRL", VLOOKUP(C28, Master!BL:BP, 5, FALSE), IF(BT28="UTL", VLOOKUP(C28, Ultra!BL:BP, 5, FALSE), "")) -> 3 | BW28: - | BX28: - | BY28: =MATCH(A28, Standings!$D$3:$D$18, 0) -> 3 | BZ28: 0.78630396 | CA28: Olivine City | CB28: 27 | CC28: 27 | CD28: 27 | CE28: 27 | CF28: 27 | CG28: 27 | CH28: 26 | CI28: 26 | CJ28: 26 | CK28: 26 | CL28: 25 | CM28: 24 | CN28: 23 | CO28: 27 | CP28: 25 | CQ28: 26 | CR28: 25 | CS28: 23 | CT28: 21 | CU28: 17 | CV28: 21 | CW28: 20 | CX28: 19 | CY28: 15 | CZ28: 16 | DA28: 20 | DB28: 14 | DC28: 11 | DD28: 8 | DE28: 7 | DF28: 9 | DG28: 10 | DH28: 9 | DI28: 10 | DJ28: 14 | DK28: 11 | DL28: 15 | DM28: 14 | DN28: 14
A29: 94 | B29: Lanakila | C29: Heahea City | D29: - | F29: =VLOOKUP($A29, Calcs!$A$3:'Calcs'!$ALW$130, 95, FALSE)+VLOOKUP($A29, Calcs!$A$3:'Calcs'!$ALW$130, 97, FALSE) -> 8 | G29: =VLOOKUP($A29, Calcs!$A$3:'Calcs'!$ALW$130, 96, FALSE)+VLOOKUP($A29, Calcs!$A$3:'Calcs'!$ALW$130, 98, FALSE) -> 4 | I29: =VLOOKUP($A29, Calcs!$A$3:'Calcs'!$ALW$130, 99, FALSE)+VLOOKUP($A29, Calcs!$A$3:'Calcs'!$ALW$130, 101, FALSE) -> 7 | J29: =VLOOKUP($A29, Calcs!$A$3:'Calcs'!$ALW$130, 100, FALSE)+VLOOKUP($A29, Calcs!$A$3:'Calcs'!$ALW$130, 102, FALSE) -> 2 | L29: =VLOOKUP($A29, Calcs!$A$3:'Calcs'!$ALW$130, 119, FALSE) -> 8 | M29: =VLOOKUP($A29, Calcs!$A$3:'Calcs'!$ALW$130, 120, FALSE) -> 8 | N29: U | O29: =VLOOKUP($A29, Calcs!$A$3:'Calcs'!$ALW$130, 302, FALSE)/X29 -> 19.052632 | P29: =VLOOKUP($A29, Calcs!$A$3:'Calcs'!$ALW$130, 394, FALSE)/X29 -> 16.938596 | Q29: =O29-P29 -> 2.1140351 | R29: =O29/(VLOOKUP($A29,Calcs!$A$3:'Calcs'!$ALW$130,485,FALSE)/X29) -> 2.2391753 | S29: =VLOOKUP($A29, Calcs!$A$3:'Calcs'!$ALW$130, 210, FALSE)/X29 -> 0.55182676 | T29: =VLOOKUP($A29, Calcs!$A$3:'Calcs'!$ALW$130, 576, FALSE)/X29 -> 1.4292105 | U29: =VLOOKUP($A29, Calcs!$A$3:'Calcs'!$ALW$130, 667, FALSE)/X29 -> 69.22807 | V29: =VLOOKUP($A29, Calcs!$A$3:'Calcs'!$ALW$130, 758, FALSE)/X29 -> 54.423684 | X29: =VLOOKUP($A29, Calcs!$A$3:'Calcs'!$ALW$130, 9, FALSE) -> 19 | Y29: =-(T29-MAX(T:T))*S29 -> 3.5386254 | Z29: =(S29)*(BG29) -> 0.5609648 | AA29: =Q29-T29 -> 0.68482456 | AB29: =U29 -> 69.22807 | AC29: =V29 -> 54.423684 | AD29: =IFERROR((AVERAGE((Q29-MIN(Q:Q))*AB29, SQRT((Q29-MIN(Q:Q))*AB29))/100)*BG29, 0) -> 7.0389995 | AE29: =IFERROR(IF(SQRT(AC29)>10, 10, SQRT(AC29)), 0) -> 7.377241 | AG29: 35 | AH29: 10 | AI29: 35 | AL29: =SUM(AG29:AJ29) -> 80 | AN29: 28 | AO29: =_xlfn.RANK.EQ(AQ29,AQ:AQ, 0) -> 28 | AP29: =AN29-AO29 -> 0 | AQ29: =((AR29*2.4)+(AS29*1.6)+(AT29*1)+(AU29*1)+(AV29*0.75)+(AW29*1)+(AX29*1)+(AY29*0.75)+(AZ29*1)+(BA29*0.75)+(BB29*0.75)+(BC29/LARGE(BC:BC,1))*(0/12))/(11+(20/24)) -> 0.65563192 | AR29: =IFERROR(IF((F29+G29)=1, IF(F29=0, 0.333, IF(F29=1, 0.666, 0)), IF((F29+G29)=2, IF(F29=0, 0.166, IF(F29=1, 0.5, IF(F29=2, 0.833, 0))), (F29+(L29/6))/(F29+G29))), 0) -> 0.77777778 | AS29: =IFERROR(IF((I29+J29)=1, IF(I29=0, 0.333, IF(I29=1, 0.666, 0)), IF((I29+J29)=2, IF(I29=0, 0.166, IF(I29=1, 0.5, IF(I29=2, 0.833, 0))), (I29/(I29+J29)))), 0) -> 0.77777778 | AT29: =(O29-(SMALL(O:O, 1)))/((LARGE(O:O, 1))-(SMALL(O:O, 1))) -> 0.73052358 | AU29: =1-(P29-(SMALL(P:P, 1)))/((LARGE(P:P, 1))-(SMALL(P:P, 1))) -> 0.6501131 | AV29: =(R29-(SMALL(R:R, 1)))/((LARGE(R:R, 1))-(SMALL(R:R, 1))) -> 0.42860416 | AW29: =(Z29-(SMALL(Z:Z, 1)))/((LARGE(Z:Z, 1))-(SMALL(Z:Z, 1))) -> 0.52972581 | AX29: =(AA29+ABS(MIN(AA:AA)))/(MAX(AA:AA)+ABS(MIN(AA:AA))) -> 0.6752039 | AY29: =AVERAGE(AD29/MAX(AD:AD), SQRT(AD29/MAX(AD:AD))) -> 0.75786749 | AZ29: =AVERAGE(AE29/MAX(AE:AE), (AE29-SMALL(AE:AE,1))/(LARGE(AE:AE,1)-SMALL(AE:AE,1))) -> 0.73400386 | BA29: =(BL29-MIN($BL$2:$BL$129))/(MAX($BL$2:$BL$129)-MIN($BL$2:$BL$129)) -> 0.34346103 | BB29: =IFERROR(AL29/MAX(AL:AL), 0) -> 0.24024024 | BC29: 87 | BE29: =VLOOKUP($A29, Calcs!$A$3:'Calcs'!$ALW$130, 845, FALSE) -> 100.75 | BF29: 0.33333333 | BG29: =IF(A29<17, SoC!P$3, IF(A29<33, SoC!P$4, IF(A29<49, SoC!P$5, IF(A29<65, SoC!P$6, IF(A29<81, SoC!P$7, IF(A29<97, SoC!P$8, SoC!P$9)))))) -> 1.0165596 | BH29: 0.73052358 | BI29: 0.6501131 | BJ29: 7.377241 | BK29: 0.65575841 | BL29: =VLOOKUP($A29, Calcs!$A$3:'Calcs'!$BAA$130, 1025, FALSE) -> 1806 | BM29: 10.1 | BN29: =SQRT(BK29) -> 0.80978911 | BO29: =IF(BN29<(15/30), "F", IF(BN29<(18/30), "F+", IF(BN29<(19/30), "D-", IF(BN29<(20/30), "D", IF(BN29<(21/30), "D+", IF(BN29<(22/30), "C-", IF(BN29<(23/30), "C", IF(BN29<(24/30), "C+", IF(BN29<(25/30), "B-", IF(BN29<(26/30), "B", IF(BN29<(27/30), "B+", IF(BN29<(28/30), "A-", IF(BN29<(29/30), "A", "A+"))))))))))))) -> B- | BP29: =(((BK29-$BK$1)/0.15)*3)+((BJ29-$BJ$1)/2) -> 3.2121819 | BQ29: H | BR29: #9 | BS29: =IF(BQ29="A","Platinum",IF(BQ29="B","Prism",IF(BQ29="C","Hakuna",IF(BQ29="D","Wild",IF(BQ29="E","Crystal",IF(BQ29="F","Gray",IF(BQ29="G","Emerald",IF(BQ29="H","Mystery")))))))) -> Mystery | BT29: UTL | BU29: B | BV29: =IF(BT29="MRL", VLOOKUP(C29, Master!BL:BP, 5, FALSE), IF(BT29="UTL", VLOOKUP(C29, Ultra!BL:BP, 5, FALSE), "")) -> 2 | BW29: - | BX29: - | BY29: =MATCH(A29, Standings!$X$21:$X$36, 0) -> 3 | BZ29: 0.52673813 | CA29: Heahea City | CB29: 28 | CC29: 29 | CD29: 29 | CE29: 29 | CF29: 28 | CG29: 28 | CH29: 28 | CI29: 28 | CJ29: 28 | CK29: 28 | CL29: 28 | CM29: 29 | CN29: 28 | CO29: 28 | CP29: 28 | CQ29: 28 | CR29: 28 | CS29: 30 | CT29: 30 | CU29: 32 | CV29: 34 | CW29: 44 | CX29: 39 | CY29: 37 | CZ29: 38 | DA29: 33 | DB29: 33 | DC29: 31 | DD29: 24 | DE29: 23 | DF29: 27 | DG29: 26 | DH29: 28 | DI29: 32 | DJ29: 41 | DK29: 40 | DL29: 54 | DM29: 51 | DN29: 63
A30: 124 | B30: Phoenix | C30: Vientown | D30: - | F30: =VLOOKUP($A30, Calcs!$A$3:'Calcs'!$ALW$130, 95, FALSE)+VLOOKUP($A30, Calcs!$A$3:'Calcs'!$ALW$130, 97, FALSE) -> 9 | G30: =VLOOKUP($A30, Calcs!$A$3:'Calcs'!$ALW$130, 96, FALSE)+VLOOKUP($A30, Calcs!$A$3:'Calcs'!$ALW$130, 98, FALSE) -> 3 | I30: =VLOOKUP($A30, Calcs!$A$3:'Calcs'!$ALW$130, 99, FALSE)+VLOOKUP($A30, Calcs!$A$3:'Calcs'!$ALW$130, 101, FALSE) -> 6 | J30: =VLOOKUP($A30, Calcs!$A$3:'Calcs'!$ALW$130, 100, FALSE)+VLOOKUP($A30, Calcs!$A$3:'Calcs'!$ALW$130, 102, FALSE) -> 3 | L30: =VLOOKUP($A30, Calcs!$A$3:'Calcs'!$ALW$130, 119, FALSE) -> 3 | M30: =VLOOKUP($A30, Calcs!$A$3:'Calcs'!$ALW$130, 120, FALSE) -> 3 | N30: U | O30: =VLOOKUP($A30, Calcs!$A$3:'Calcs'!$ALW$130, 302, FALSE)/X30 -> 18.181818 | P30: =VLOOKUP($A30, Calcs!$A$3:'Calcs'!$ALW$130, 394, FALSE)/X30 -> 14.727273 | Q30: =O30-P30 -> 3.4545455 | R30: =O30/(VLOOKUP($A30,Calcs!$A$3:'Calcs'!$ALW$130,485,FALSE)/X30) -> 2.2988506 | S30: =VLOOKUP($A30, Calcs!$A$3:'Calcs'!$ALW$130, 210, FALSE)/X30 -> 0.55050287 | T30: =VLOOKUP($A30, Calcs!$A$3:'Calcs'!$ALW$130, 576, FALSE)/X30 -> 1.2184848 | U30: =VLOOKUP($A30, Calcs!$A$3:'Calcs'!$ALW$130, 667, FALSE)/X30 -> 65.333333 | V30: =VLOOKUP($A30, Calcs!$A$3:'Calcs'!$ALW$130, 758, FALSE)/X30 -> 54.512121 | X30: =VLOOKUP($A30, Calcs!$A$3:'Calcs'!$ALW$130, 9, FALSE) -> 16.5 | Y30: =-(T30-MAX(T:T))*S30 -> 3.6461409 | Z30: =(S30)*(BG30) -> 0.53091441 | AA30: =Q30-T30 -> 2.2360606 | AB30: =U30 -> 65.333333 | AC30: =V30 -> 54.512121 | AD30: =IFERROR((AVERAGE((Q30-MIN(Q:Q))*AB30, SQRT((Q30-MIN(Q:Q))*AB30))/100)*BG30, 0) -> 6.7352976 | AE30: =IFERROR(IF(SQRT(AC30)>10, 10, SQRT(AC30)), 0) -> 7.3832324 | AH30: 30 | AI30: 35 | AL30: =SUM(AG30:AJ30) -> 65 | AN30: 29 | AO30: =_xlfn.RANK.EQ(AQ30,AQ:AQ, 0) -> 29 | AP30: =AN30-AO30 -> 0 | AQ30: =((AR30*2.4)+(AS30*1.6)+(AT30*1)+(AU30*1)+(AV30*0.75)+(AW30*1)+(AX30*1)+(AY30*0.75)+(AZ30*1)+(BA30*0.75)+(BB30*0.75)+(BC30/LARGE(BC:BC,1))*(0/12))/(11+(20/24)) -> 0.65498809 | AR30: =IFERROR(IF((F30+G30)=1, IF(F30=0, 0.333, IF(F30=1, 0.666, 0)), IF((F30+G30)=2, IF(F30=0, 0.166, IF(F30=1, 0.5, IF(F30=2, 0.833, 0))), (F30+(L30/6))/(F30+G30))), 0) -> 0.79166667 | AS30: =IFERROR(IF((I30+J30)=1, IF(I30=0, 0.333, IF(I30=1, 0.666, 0)), IF((I30+J30)=2, IF(I30=0, 0.166, IF(I30=1, 0.5, IF(I30=2, 0.833, 0))), (I30/(I30+J30)))), 0) -> 0.66666667 | AT30: =(O30-(SMALL(O:O, 1)))/((LARGE(O:O, 1))-(SMALL(O:O, 1))) -> 0.6617702 | AU30: =1-(P30-(SMALL(P:P, 1)))/((LARGE(P:P, 1))-(SMALL(P:P, 1))) -> 0.78150489 | AV30: =(R30-(SMALL(R:R, 1)))/((LARGE(R:R, 1))-(SMALL(R:R, 1))) -> 0.47189578 | AW30: =(Z30-(SMALL(Z:Z, 1)))/((LARGE(Z:Z, 1))-(SMALL(Z:Z, 1))) -> 0.43173576 | AX30: =(AA30+ABS(MIN(AA:AA)))/(MAX(AA:AA)+ABS(MIN(AA:AA))) -> 0.79044947 | AY30: =AVERAGE(AD30/MAX(AD:AD), SQRT(AD30/MAX(AD:AD))) -> 0.73401014 | AZ30: =AVERAGE(AE30/MAX(AE:AE), (AE30-SMALL(AE:AE,1))/(LARGE(AE:AE,1)-SMALL(AE:AE,1))) -> 0.73484653 | BA30: =(BL30-MIN($BL$2:$BL$129))/(MAX($BL$2:$BL$129)-MIN($BL$2:$BL$129)) -> 0.44385733 | BB30: =IFERROR(AL30/MAX(AL:AL), 0) -> 0.1951952 | BC30: 57 | BE30: =VLOOKUP($A30, Calcs!$A$3:'Calcs'!$ALW$130, 845, FALSE) -> 19.03125 | BF30: 0.33333333 | BG30: =IF(A30<17, SoC!P$3, IF(A30<33, SoC!P$4, IF(A30<49, SoC!P$5, IF(A30<65, SoC!P$6, IF(A30<81, SoC!P$7, IF(A30<97, SoC!P$8, SoC!P$9)))))) -> 0.96441715 | BH30: 0.6617702 | BI30: 0.78150489 | BJ30: 7.3832324 | BK30: 0.65493783 | BL30: =VLOOKUP($A30, Calcs!$A$3:'Calcs'!$BAA$130, 1025, FALSE) -> 1882 | BM30: 1.9 | BN30: =SQRT(BK30) -> 0.80928229 | BO30: =IF(BN30<(15/30), "F", IF(BN30<(18/30), "F+", IF(BN30<(19/30), "D-", IF(BN30<(20/30), "D", IF(BN30<(21/30), "D+", IF(BN30<(22/30), "C-", IF(BN30<(23/30), "C", IF(BN30<(24/30), "C+", IF(BN30<(25/30), "B-", IF(BN30<(26/30), "B", IF(BN30<(27/30), "B+", IF(BN30<(28/30), "A-", IF(BN30<(29/30), "A", "A+"))))))))))))) -> B- | BP30: =(((BK30-$BK$1)/0.15)*3)+((BJ30-$BJ$1)/2) -> 3.1987661 | BQ30: G | BR30: #8 | BS30: =IF(BQ30="A","Platinum",IF(BQ30="B","Prism",IF(BQ30="C","Hakuna",IF(BQ30="D","Wild",IF(BQ30="E","Crystal",IF(BQ30="F","Gray",IF(BQ30="G","Emerald",IF(BQ30="H","Mystery")))))))) -> Emerald | BW30: - | BX30: - | BY30: =MATCH(A30, Standings!$AH$21:$AH$36, 0) -> 5 | BZ30: 0.505901 | CA30: Vientown | CB30: 29 | CC30: 28 | CD30: 28 | CE30: 28 | CF30: 29 | CG30: 29 | CH30: 29 | CI30: 29 | CJ30: 29 | CK30: 29 | CL30: 29 | CM30: 28 | CN30: 29 | CO30: 29 | CP30: 30 | CQ30: 31 | CR30: 32 | CS30: 32 | CT30: 33 | CU30: 31 | CV30: 31 | CW30: 31 | CX30: 32 | CY30: 33 | CZ30: 35 | DA30: 42 | DB30: 43 | DC30: 43 | DD30: 33 | DE30: 34 | DF30: 42 | DG30: 38 | DH30: 46 | DI30: 43 | DJ30: 44 | DK30: 43 | DL30: 72 | DM30: 64 | DN30: 68
A31: 32 | B31: Delta | C31: Slateport City | D31: - | F31: =VLOOKUP($A31, Calcs!$A$3:'Calcs'!$ALW$130, 95, FALSE)+VLOOKUP($A31, Calcs!$A$3:'Calcs'!$ALW$130, 97, FALSE) -> 7 | G31: =VLOOKUP($A31, Calcs!$A$3:'Calcs'!$ALW$130, 96, FALSE)+VLOOKUP($A31, Calcs!$A$3:'Calcs'!$ALW$130, 98, FALSE) -> 5 | I31: =VLOOKUP($A31, Calcs!$A$3:'Calcs'!$ALW$130, 99, FALSE)+VLOOKUP($A31, Calcs!$A$3:'Calcs'!$ALW$130, 101, FALSE) -> 6 | J31: =VLOOKUP($A31, Calcs!$A$3:'Calcs'!$ALW$130, 100, FALSE)+VLOOKUP($A31, Calcs!$A$3:'Calcs'!$ALW$130, 102, FALSE) -> 3 | L31: =VLOOKUP($A31, Calcs!$A$3:'Calcs'!$ALW$130, 119, FALSE) -> 8 | M31: =VLOOKUP($A31, Calcs!$A$3:'Calcs'!$ALW$130, 120, FALSE) -> 6 | N31: Z | O31: =VLOOKUP($A31, Calcs!$A$3:'Calcs'!$ALW$130, 302, FALSE)/X31 -> 21.038462 | P31: =VLOOKUP($A31, Calcs!$A$3:'Calcs'!$ALW$130, 394, FALSE)/X31 -> 17.519231 | Q31: =O31-P31 -> 3.5192308 | R31: =O31/(VLOOKUP($A31,Calcs!$A$3:'Calcs'!$ALW$130,485,FALSE)/X31) -> 2.7661188 | S31: =VLOOKUP($A31, Calcs!$A$3:'Calcs'!$ALW$130, 210, FALSE)/X31 -> 0.53822434 | T31: =VLOOKUP($A31, Calcs!$A$3:'Calcs'!$ALW$130, 576, FALSE)/X31 -> 5.4754808 | U31: =VLOOKUP($A31, Calcs!$A$3:'Calcs'!$ALW$130, 667, FALSE)/X31 -> 70.403846 | V31: =VLOOKUP($A31, Calcs!$A$3:'Calcs'!$ALW$130, 758, FALSE)/X31 -> 43.900962 | X31: =VLOOKUP($A31, Calcs!$A$3:'Calcs'!$ALW$130, 9, FALSE) -> 17.333333 | Y31: =-(T31-MAX(T:T))*S31 -> 1.2735979 | Z31: =(S31)*(BG31) -> 0.51275963 | AA31: =Q31-T31 -> -1.95625 | AB31: =U31 -> 70.403846 | AC31: =V31 -> 43.900962 | AD31: =IFERROR((AVERAGE((Q31-MIN(Q:Q))*AB31, SQRT((Q31-MIN(Q:Q))*AB31))/100)*BG31, 0) -> 7.184781 | AE31: =IFERROR(IF(SQRT(AC31)>10, 10, SQRT(AC31)), 0) -> 6.6257801 | AG31: 36 | AH31: 40 | AI31: 20 | AL31: =SUM(AG31:AJ31) -> 96 | AN31: 30 | AO31: =_xlfn.RANK.EQ(AQ31,AQ:AQ, 0) -> 30 | AP31: =AN31-AO31 -> 0 | AQ31: =((AR31*2.4)+(AS31*1.6)+(AT31*1)+(AU31*1)+(AV31*0.75)+(AW31*1)+(AX31*1)+(AY31*0.75)+(AZ31*1)+(BA31*0.75)+(BB31*0.75)+(BC31/LARGE(BC:BC,1))*(0/12))/(11+(20/24)) -> 0.63471033 | AR31: =IFERROR(IF((F31+G31)=1, IF(F31=0, 0.333, IF(F31=1, 0.666, 0)), IF((F31+G31)=2, IF(F31=0, 0.166, IF(F31=1, 0.5, IF(F31=2, 0.833, 0))), (F31+(L31/6))/(F31+G31))), 0) -> 0.69444444 | AS31: =IFERROR(IF((I31+J31)=1, IF(I31=0, 0.333, IF(I31=1, 0.666, 0)), IF((I31+J31)=2, IF(I31=0, 0.166, IF(I31=1, 0.5, IF(I31=2, 0.833, 0))), (I31/(I31+J31)))), 0) -> 0.66666667 | AT31: =(O31-(SMALL(O:O, 1)))/((LARGE(O:O, 1))-(SMALL(O:O, 1))) -> 0.88731094 | AU31: =1-(P31-(SMALL(P:P, 1)))/((LARGE(P:P, 1))-(SMALL(P:P, 1))) -> 0.61561315 | AV31: =(R31-(SMALL(R:R, 1)))/((LARGE(R:R, 1))-(SMALL(R:R, 1))) -> 0.8108768 | AW31: =(Z31-(SMALL(Z:Z, 1)))/((LARGE(Z:Z, 1))-(SMALL(Z:Z, 1))) -> 0.37253561 | AX31: =(AA31+ABS(MIN(AA:AA)))/(MAX(AA:AA)+ABS(MIN(AA:AA))) -> 0.47899125 | AY31: =AVERAGE(AD31/MAX(AD:AD), SQRT(AD31/MAX(AD:AD))) -> 0.76925007 | AZ31: =AVERAGE(AE31/MAX(AE:AE), (AE31-SMALL(AE:AE,1))/(LARGE(AE:AE,1)-SMALL(AE:AE,1))) -> 0.62831436 | BA31: =(BL31-MIN($BL$2:$BL$129))/(MAX($BL$2:$BL$129)-MIN($BL$2:$BL$129)) -> 0.52443857 | BB31: =IFERROR(AL31/MAX(AL:AL), 0) -> 0.28828829 | BC31: 215 | BE31: =VLOOKUP($A31, Calcs!$A$3:'Calcs'!$ALW$130, 845, FALSE) -> 64.75 | BF31: 2 | BG31: =IF(A31<17, SoC!P$3, IF(A31<33, SoC!P$4, IF(A31<49, SoC!P$5, IF(A31<65, SoC!P$6, IF(A31<81, SoC!P$7, IF(A31<97, SoC!P$8, SoC!P$9)))))) -> 0.95268755 | BH31: 0.88731094 | BI31: 0.61561315 | BJ31: 6.6257801 | BK31: 0.63476701 | BL31: =VLOOKUP($A31, Calcs!$A$3:'Calcs'!$BAA$130, 1025, FALSE) -> 1943 | BM31: 6.5 | BN31: =SQRT(BK31) -> 0.79672267 | BO31: =IF(BN31<(15/30), "F", IF(BN31<(18/30), "F+", IF(BN31<(19/30), "D-", IF(BN31<(20/30), "D", IF(BN31<(21/30), "D+", IF(BN31<(22/30), "C-", IF(BN31<(23/30), "C", IF(BN31<(24/30), "C+", IF(BN31<(25/30), "B-", IF(BN31<(26/30), "B", IF(BN31<(27/30), "B+", IF(BN31<(28/30), "A-", IF(BN31<(29/30), "A", "A+"))))))))))))) -> C+ | BP31: =(((BK31-$BK$1)/0.15)*3)+((BJ31-$BJ$1)/2) -> 2.4166235 | BQ31: A | BR31: #3 | BS31: =IF(BQ31="A","Platinum",IF(BQ31="B","Prism",IF(BQ31="C","Hakuna",IF(BQ31="D","Wild",IF(BQ31="E","Crystal",IF(BQ31="F","Gray",IF(BQ31="G","Emerald",IF(BQ31="H","Mystery")))))))) -> Platinum | BT31: MRL | BU31: A | BV31: =IF(BT31="MRL", VLOOKUP(C31, Master!BL:BP, 5, FALSE), IF(BT31="UTL", VLOOKUP(C31, Ultra!BL:BP, 5, FALSE), "")) -> 2 | BW31: - | BX31: - | BY31: =MATCH(A31, Standings!$D$21:$D$36, 0) -> 7 | BZ31: 0.80994281 | CA31: Slateport City | CB31: 30 | CC31: 30 | CD31: 30 | CE31: 30 | CF31: 30 | CG31: 30 | CH31: 30 | CI31: 30 | CJ31: 30 | CK31: 30 | CL31: 30 | CM31: 30 | CN31: 30 | CO31: 30 | CP31: 29 | CQ31: 29 | CR31: 29 | CS31: 27 | CT31: 27 | CU31: 29 | CV31: 29 | CW31: 22 | CX31: 24 | CY31: 23 | CZ31: 22 | DA31: 16 | DB31: 18 | DC31: 15 | DD31: 18 | DE31: 21 | DF31: 26 | DG31: 25 | DH31: 17 | DI31: 16 | DJ31: 18 | DK31: 20 | DL31: 8 | DM31: 7 | DN31: 10
A32: 100 | B32: Dynamax | C32: Wyndon South | D32: - | F32: =VLOOKUP($A32, Calcs!$A$3:'Calcs'!$ALW$130, 95, FALSE)+VLOOKUP($A32, Calcs!$A$3:'Calcs'!$ALW$130, 97, FALSE) -> 7 | G32: =VLOOKUP($A32, Calcs!$A$3:'Calcs'!$ALW$130, 96, FALSE)+VLOOKUP($A32, Calcs!$A$3:'Calcs'!$ALW$130, 98, FALSE) -> 5 | I32: =VLOOKUP($A32, Calcs!$A$3:'Calcs'!$ALW$130, 99, FALSE)+VLOOKUP($A32, Calcs!$A$3:'Calcs'!$ALW$130, 101, FALSE) -> 5 | J32: =VLOOKUP($A32, Calcs!$A$3:'Calcs'!$ALW$130, 100, FALSE)+VLOOKUP($A32, Calcs!$A$3:'Calcs'!$ALW$130, 102, FALSE) -> 4 | L32: =VLOOKUP($A32, Calcs!$A$3:'Calcs'!$ALW$130, 119, FALSE) -> 11 | M32: =VLOOKUP($A32, Calcs!$A$3:'Calcs'!$ALW$130, 120, FALSE) -> 4 | N32: Z | O32: =VLOOKUP($A32, Calcs!$A$3:'Calcs'!$ALW$130, 302, FALSE)/X32 -> 19.981308 | P32: =VLOOKUP($A32, Calcs!$A$3:'Calcs'!$ALW$130, 394, FALSE)/X32 -> 16.831776 | Q32: =O32-P32 -> 3.1495327 | R32: =O32/(VLOOKUP($A32,Calcs!$A$3:'Calcs'!$ALW$130,485,FALSE)/X32) -> 2.2410901 | S32: =VLOOKUP($A32, Calcs!$A$3:'Calcs'!$ALW$130, 210, FALSE)/X32 -> 0.554868 | T32: =VLOOKUP($A32, Calcs!$A$3:'Calcs'!$ALW$130, 576, FALSE)/X32 -> 1.4348598 | U32: =VLOOKUP($A32, Calcs!$A$3:'Calcs'!$ALW$130, 667, FALSE)/X32 -> 64.28972 | V32: =VLOOKUP($A32, Calcs!$A$3:'Calcs'!$ALW$130, 758, FALSE)/X32 -> 50.860748 | X32: =VLOOKUP($A32, Calcs!$A$3:'Calcs'!$ALW$130, 9, FALSE) -> 17.833333 | Y32: =-(T32-MAX(T:T))*S32 -> 3.5549929 | Z32: =(S32)*(BG32) -> 0.53512421 | AA32: =Q32-T32 -> 1.7146729 | AB32: =U32 -> 64.28972 | AC32: =V32 -> 50.860748 | AD32: =IFERROR((AVERAGE((Q32-MIN(Q:Q))*AB32, SQRT((Q32-MIN(Q:Q))*AB32))/100)*BG32, 0) -> 6.5332703 | AE32: =IFERROR(IF(SQRT(AC32)>10, 10, SQRT(AC32)), 0) -> 7.1316722 | AG32: 30 | AH32: 40 | AI32: 20 | AL32: =SUM(AG32:AJ32) -> 90 | AN32: 31 | AO32: =_xlfn.RANK.EQ(AQ32,AQ:AQ, 0) -> 31 | AP32: =AN32-AO32 -> 0 | AQ32: =((AR32*2.4)+(AS32*1.6)+(AT32*1)+(AU32*1)+(AV32*0.75)+(AW32*1)+(AX32*1)+(AY32*0.75)+(AZ32*1)+(BA32*0.75)+(BB32*0.75)+(BC32/LARGE(BC:BC,1))*(0/12))/(11+(20/24)) -> 0.62704337 | AR32: =IFERROR(IF((F32+G32)=1, IF(F32=0, 0.333, IF(F32=1, 0.666, 0)), IF((F32+G32)=2, IF(F32=0, 0.166, IF(F32=1, 0.5, IF(F32=2, 0.833, 0))), (F32+(L32/6))/(F32+G32))), 0) -> 0.73611111 | AS32: =IFERROR(IF((I32+J32)=1, IF(I32=0, 0.333, IF(I32=1, 0.666, 0)), IF((I32+J32)=2, IF(I32=0, 0.166, IF(I32=1, 0.5, IF(I32=2, 0.833, 0))), (I32/(I32+J32)))), 0) -> 0.55555556 | AT32: =(O32-(SMALL(O:O, 1)))/((LARGE(O:O, 1))-(SMALL(O:O, 1))) -> 0.80384546 | AU32: =1-(P32-(SMALL(P:P, 1)))/((LARGE(P:P, 1))-(SMALL(P:P, 1))) -> 0.65646015 | AV32: =(R32-(SMALL(R:R, 1)))/((LARGE(R:R, 1))-(SMALL(R:R, 1))) -> 0.42999332 | AW32: =(Z32-(SMALL(Z:Z, 1)))/((LARGE(Z:Z, 1))-(SMALL(Z:Z, 1))) -> 0.44546334 | AX32: =(AA32+ABS(MIN(AA:AA)))/(MAX(AA:AA)+ABS(MIN(AA:AA))) -> 0.75171415 | AY32: =AVERAGE(AD32/MAX(AD:AD), SQRT(AD32/MAX(AD:AD))) -> 0.71802654 | AZ32: =AVERAGE(AE32/MAX(AE:AE), (AE32-SMALL(AE:AE,1))/(LARGE(AE:AE,1)-SMALL(AE:AE,1))) -> 0.69946574 | BA32: =(BL32-MIN($BL$2:$BL$129))/(MAX($BL$2:$BL$129)-MIN($BL$2:$BL$129)) -> 0.45838838 | BB32: =IFERROR(AL32/MAX(AL:AL), 0) -> 0.27027027 | BC32: 121 | BE32: =VLOOKUP($A32, Calcs!$A$3:'Calcs'!$ALW$130, 845, FALSE) -> 117.25 | BF32: 1 | BG32: =IF(A32<17, SoC!P$3, IF(A32<33, SoC!P$4, IF(A32<49, SoC!P$5, IF(A32<65, SoC!P$6, IF(A32<81, SoC!P$7, IF(A32<97, SoC!P$8, SoC!P$9)))))) -> 0.96441715 | BH32: 0.80384546 | BI32: 0.65646015 | BJ32: 7.1316722 | BK32: 0.62696834 | BL32: =VLOOKUP($A32, Calcs!$A$3:'Calcs'!$BAA$130, 1025, FALSE) -> 1893 | BM32: 11.7 | BN32: =SQRT(BK32) -> 0.79181332 | BO32: =IF(BN32<(15/30), "F", IF(BN32<(18/30), "F+", IF(BN32<(19/30), "D-", IF(BN32<(20/30), "D", IF(BN32<(21/30), "D+", IF(BN32<(22/30), "C-", IF(BN32<(23/30), "C", IF(BN32<(24/30), "C+", IF(BN32<(25/30), "B-", IF(BN32<(26/30), "B", IF(BN32<(27/30), "B+", IF(BN32<(28/30), "A-", IF(BN32<(29/30), "A", "A+"))))))))))))) -> C+ | BP32: =(((BK32-$BK$1)/0.15)*3)+((BJ32-$BJ$1)/2) -> 2.5135961 | BQ32: G | BR32: #5 | BS32: =IF(BQ32="A","Platinum",IF(BQ32="B","Prism",IF(BQ32="C","Hakuna",IF(BQ32="D","Wild",IF(BQ32="E","Crystal",IF(BQ32="F","Gray",IF(BQ32="G","Emerald",IF(BQ32="H","Mystery")))))))) -> Emerald | BT32: UTL | BU32: F | BV32: =IF(BT32="MRL", VLOOKUP(C32, Master!BL:BP, 5, FALSE), IF(BT32="UTL", VLOOKUP(C32, Ultra!BL:BP, 5, FALSE), "")) -> 1 | BW32: - | BX32: - | BY32: =MATCH(A32, Standings!$AH$3:$AH$18, 0) -> 7 | BZ32: 0.61836803 | CA32: Wyndon South | CB32: 31 | CC32: 31 | CD32: 31 | CE32: 31 | CF32: 31 | CG32: 32 | CH32: 32 | CI32: 32 | CJ32: 33 | CK32: 32 | CL32: 32 | CM32: 32 | CN32: 32 | CO32: 33 | CP32: 32 | CQ32: 32 | CR32: 30 | CS32: 28 | CT32: 28 | CU32: 26 | CV32: 28 | CW32: 29 | CX32: 29 | CY32: 32 | CZ32: 32 | DA32: 31 | DB32: 34 | DC32: 35 | DD32: 45 | DE32: 51 | DF32: 67 | DG32: 67 | DH32: 60 | DI32: 61 | DJ32: 61 | DK32: 65 | DL32: 40 | DM32: 52 | DN32: 44
